step,type,amount,nameOrig,oldbalanceOrg,newbalanceOrig,nameDest,oldbalanceDest,newbalanceDest,isFraud,isFlaggedFraud,payer_account_age_days,payee_vpa_age_days,payee_is_new_for_payer,payer_velocity_count_30m,payer_velocity_amount_30m,device_vpa_count,dmv_score
89,DEBIT,108.36,C1773510,566.77,458.41,C7276311,42944.04,43052.40,0,0,148.6,330.0,0,0.0,0.00,1.0,15.21
155,PAYMENT,319.20,C7457294,3125.89,2806.69,M8074577,38080.87,38400.07,0,0,61.3,61.3,0,0.0,0.00,1.0,12.42
375,PAYMENT,235.79,C2642946,1256.36,1020.57,M9340883,18602.82,18838.61,0,0,311.0,157.0,0,0.0,0.00,1.0,9.56
566,CASH_IN,175.01,C5054135,1486.45,1311.44,C3045148,22226.37,22401.38,0,0,291.0,249.6,0,0.0,0.00,1.0,17.35
88,CASH_IN,554.17,C3490836,1131.86,577.69,C6684978,41398.80,41952.96,0,0,276.7,90.4,1,0.0,0.00,1.0,4.82
137,DEBIT,387.96,C5011186,1751.06,1363.10,C9038089,48537.83,48925.80,0,0,117.8,211.5,1,0.0,0.00,1.0,3.95
491,DEBIT,883.69,C5480123,2787.53,1903.84,C1394233,23389.38,24273.07,0,0,165.3,216.6,1,0.0,0.00,1.0,4.47
396,PAYMENT,1150.39,C4299783,8404.64,7254.25,M9707586,37263.63,38414.02,0,0,232.0,165.6,0,1.0,1386.70,1.0,10.00
303,TRANSFER,304.77,C8161118,1416.86,1112.09,C2705242,23530.83,23835.61,0,0,235.6,235.9,0,0.0,0.00,1.0,18.49
354,PAYMENT,208.12,C6080498,1153.69,945.58,M7028325,11422.78,11630.89,0,0,237.1,184.2,1,0.0,0.00,1.0,4.69
688,TRANSFER,188.86,C1875039,1619.97,1431.12,C3811299,35043.23,35232.09,0,0,222.3,242.8,0,0.0,0.00,1.0,4.76
566,DEBIT,2700.95,C9082787,22527.27,19826.32,C3594952,19435.17,22136.12,0,0,178.9,244.2,0,0.0,0.00,1.0,19.25
189,CASH_IN,885.28,C8244091,2379.54,1494.26,C1066260,10075.42,10960.70,0,0,286.6,137.6,0,0.0,0.00,1.0,6.99
585,DEBIT,881.58,C3494094,6304.37,5422.79,C8026560,35287.75,36169.33,0,0,134.9,204.7,0,2.0,1130.80,1.0,16.26
427,TRANSFER,474.88,C3209330,3008.02,2533.14,C2030770,7075.87,7550.75,0,0,278.4,328.2,0,0.0,0.00,1.0,16.53
315,CASH_OUT,113744.54,C8695719,124461.46,0.00,C6087124,0.00,113744.54,1,0,235.5,3.5,1,1.0,113744.54,2.0,82.64
90,DEBIT,1813.51,C1815097,12504.32,10690.81,C6032863,27723.61,29537.12,0,0,71.0,105.9,1,0.0,0.00,1.0,1.21
577,TRANSFER,79929.14,C4127492,80421.78,0.00,C4930456,0.00,79929.14,1,0,0.3,5.0,1,17.0,566005.22,7.0,72.02
702,PAYMENT,1875.76,C1312236,9327.22,7451.46,M3105455,42684.81,44560.58,0,0,55.4,69.2,0,1.0,1170.30,1.0,4.01
584,PAYMENT,509.87,C4908850,1984.30,1474.43,M6957247,14750.33,15260.20,0,0,298.5,109.9,0,0.0,0.00,1.0,23.19
105,CASH_IN,1415.98,C4682677,11558.86,10142.88,C4657481,33249.25,34665.23,0,0,112.9,191.1,0,0.0,0.00,1.0,0.46
333,DEBIT,919.60,C1955283,2684.56,1764.96,C1810430,1233.33,2152.93,0,0,66.2,331.1,0,0.0,0.00,1.0,16.54
569,CASH_IN,374.09,C9105594,2029.77,1655.69,C5509402,8147.46,8521.55,0,0,115.3,64.9,0,0.0,0.00,1.0,13.54
688,PAYMENT,987.71,C2495926,7327.52,6339.82,M4429190,22363.20,23350.91,0,0,308.4,154.5,0,0.0,0.00,1.0,2.03
181,TRANSFER,206.41,C9637232,1415.41,1209.00,C1788849,18154.45,18360.86,0,0,236.5,160.8,0,2.0,1509.99,1.0,17.78
248,PAYMENT,65.30,C5455590,631.88,566.57,M7297363,45438.18,45503.48,0,0,301.2,341.3,0,0.0,0.00,1.0,16.31
349,TRANSFER,1055.12,C3350259,10274.80,9219.68,C7452010,38959.67,40014.79,0,0,179.6,309.7,0,0.0,0.00,1.0,12.67
553,TRANSFER,64035.44,C1713281,67522.06,0.00,C1867518,0.00,64035.44,1,0,203.4,0.5,1,3.0,192106.31,2.0,94.37
323,DEBIT,1071.09,C7494546,5756.12,4685.03,C3753609,10197.93,11269.02,0,0,156.4,50.2,0,0.0,0.00,1.0,11.60
588,CASH_IN,1432.19,C1175715,4300.24,2868.05,C7826675,42845.05,44277.24,0,0,269.4,196.9,0,0.0,0.00,1.0,12.99
370,CASH_IN,178.90,C2262018,925.42,746.52,C6256881,31402.71,31581.61,0,0,102.1,84.7,0,0.0,0.00,1.0,22.81
91,CASH_IN,835.16,C8081977,1852.19,1017.03,C1374527,20848.79,21683.95,0,0,83.1,319.1,0,1.0,1140.97,1.0,21.95
153,TRANSFER,523.95,C7099325,2254.97,1731.03,C1930626,7311.76,7835.70,0,0,333.0,75.4,0,0.0,0.00,1.0,22.72
147,CASH_IN,163.78,C9907152,483.17,319.39,C6229549,46263.49,46427.28,0,0,225.8,257.5,0,1.0,1365.29,1.0,9.57
322,TRANSFER,1034.88,C2363484,6750.27,5715.39,C9627031,1237.91,2272.79,0,0,30.1,333.3,0,0.0,0.00,1.0,20.44
322,TRANSFER,480.45,C3482624,3917.20,3436.75,C5379924,4228.23,4708.67,0,0,334.7,236.9,0,0.0,0.00,1.0,14.94
495,TRANSFER,839.47,C5880201,7951.09,7111.62,C5261404,28629.23,29468.70,0,0,99.0,258.3,0,0.0,0.00,1.0,11.30
590,TRANSFER,748.85,C8648000,3233.77,2484.93,C4950202,26081.55,26830.40,0,0,178.4,254.1,0,0.0,0.00,1.0,1.93
227,PAYMENT,197.01,C5885443,1679.19,1482.18,M2262241,44818.42,45015.43,0,0,353.7,192.1,0,0.0,0.00,1.0,11.81
218,CASH_IN,509.59,C2069868,1234.68,725.09,C3531103,33644.78,34154.37,0,0,230.6,169.3,0,0.0,0.00,1.0,5.42
206,CASH_OUT,198750.69,C9448850,227648.83,0.00,C7917826,0.00,198750.69,1,0,288.3,0.0,1,3.0,596252.08,1.0,83.65
260,PAYMENT,809.60,C3128098,7518.07,6708.47,M1336712,11587.68,12397.28,0,0,55.3,268.1,1,0.0,0.00,1.0,2.54
134,CASH_OUT,14856.05,C3789598,15958.14,0.00,C8468106,0.00,14856.05,1,0,154.5,0.7,1,1.0,14856.05,1.0,80.27
352,DEBIT,360.83,C6713479,1513.92,1153.09,C3618260,47649.68,48010.51,0,0,329.3,239.5,0,0.0,0.00,1.0,6.37
469,CASH_OUT,14657.75,C9922444,15408.13,0.00,C9424391,0.00,14657.75,1,0,278.1,1.5,1,1.0,14657.75,1.0,78.90
155,TRANSFER,105297.96,C3689181,106243.75,0.00,C4915873,0.00,105297.96,1,0,286.8,3.5,1,2.0,210595.91,2.0,78.34
716,DEBIT,348.27,C8610783,3162.05,2813.78,C9017131,37455.54,37803.81,0,0,44.7,228.0,0,0.0,0.00,1.0,16.07
176,DEBIT,815.14,C1199027,4817.74,4002.60,C7948111,15864.86,16680.00,0,0,300.7,327.1,0,0.0,0.00,1.0,10.04
260,CASH_IN,102.18,C7629555,477.78,375.61,C7721105,4813.89,4916.06,0,0,132.7,191.7,0,0.0,0.00,1.0,15.56
300,TRANSFER,141.23,C1287199,1336.41,1195.18,C2104821,12124.43,12265.66,0,0,234.1,257.0,1,0.0,0.00,1.0,15.63
56,DEBIT,821.85,C4304880,2303.57,1481.72,C6394444,9045.49,9867.34,0,0,329.1,153.0,0,0.0,0.00,1.0,19.51
522,DEBIT,900.95,C9982249,2855.75,1954.80,C7996642,15585.15,16486.11,0,0,52.4,291.2,0,0.0,0.00,1.0,18.77
259,DEBIT,202.45,C9409351,1165.37,962.92,C1125426,7280.49,7482.94,0,0,150.1,229.7,0,0.0,0.00,1.0,8.04
155,PAYMENT,113.94,C9723788,298.59,184.64,M2096492,33915.17,34029.11,0,0,185.2,194.2,0,0.0,0.00,1.0,19.04
233,CASH_IN,544.75,C4753321,4031.83,3487.08,C2797980,29097.72,29642.47,0,0,220.5,128.7,0,0.0,0.00,1.0,19.78
635,DEBIT,1128.65,C8433583,8556.23,7427.59,C2179519,36975.30,38103.95,0,0,190.4,105.0,0,0.0,0.00,1.0,18.94
328,PAYMENT,359.93,C9758083,3377.70,3017.77,M3708537,19939.15,20299.08,0,0,283.3,364.2,0,0.0,0.00,1.0,12.03
115,TRANSFER,103.69,C5689204,739.78,636.09,C3578015,47785.60,47889.29,0,0,278.8,255.9,1,0.0,0.00,1.0,13.52
680,DEBIT,1774.05,C2333875,3035.94,1261.89,C6705775,27804.38,29578.43,0,0,101.8,230.8,0,0.0,0.00,1.0,15.72
621,PAYMENT,985.39,C1058599,2653.54,1668.15,M9696086,21013.80,21999.19,0,0,185.3,106.4,0,0.0,0.00,1.0,15.58
132,CASH_IN,407.40,C4888718,3842.10,3434.69,C5206433,40237.61,40645.01,0,0,51.1,248.5,0,1.0,1418.50,1.0,23.93
475,DEBIT,358.58,C3591385,592.23,233.65,C8464856,5546.29,5904.86,0,0,326.1,258.7,0,1.0,937.18,1.0,7.43
201,DEBIT,633.07,C7886323,2201.46,1568.39,C6454141,26585.40,27218.47,0,0,358.0,72.8,0,0.0,0.00,1.0,14.37
685,CASH_OUT,21401.54,C3608702,23983.03,0.00,C4713143,0.00,21401.54,1,0,193.0,0.6,1,1.0,21401.54,1.0,70.09
110,TRANSFER,607.25,C9663532,3109.11,2501.86,C8807414,32631.36,33238.61,0,0,269.6,357.4,0,0.0,0.00,1.0,10.24
205,TRANSFER,375.05,C9951230,1352.68,977.63,C7714127,11909.45,12284.51,0,0,96.8,169.0,0,0.0,0.00,1.0,17.75
609,DEBIT,676.77,C5278788,1620.78,944.00,C6349902,3421.29,4098.06,0,0,210.0,129.5,1,0.0,0.00,1.0,9.65
276,PAYMENT,4451.28,C9310255,37878.81,33427.53,M2294847,15585.70,20036.98,0,0,337.0,210.1,0,0.0,0.00,1.0,2.19
662,DEBIT,374.48,C6196740,1088.61,714.14,C2382520,14307.53,14682.01,0,0,358.8,70.1,0,0.0,0.00,1.0,10.55
349,PAYMENT,496.05,C2753396,833.24,337.19,M2571773,2864.23,3360.28,0,0,56.8,139.0,0,0.0,0.00,1.0,24.84
613,PAYMENT,538.26,C8227911,3511.99,2973.73,M4542673,34067.65,34605.91,0,0,315.8,39.6,0,0.0,0.00,1.0,3.67
618,TRANSFER,1358.35,C8133860,7862.80,6504.44,C8660183,43762.75,45121.10,0,0,180.2,119.8,0,2.0,1233.16,1.0,4.02
403,PAYMENT,800.98,C3052628,2437.17,1636.19,M3244487,11913.57,12714.55,0,0,346.3,122.1,1,0.0,0.00,1.0,8.78
471,CASH_OUT,20695.57,C3540503,22418.52,0.00,C1443287,0.00,20695.57,1,0,292.7,0.4,1,1.0,20695.57,1.0,77.43
44,TRANSFER,60.54,C1839888,360.31,299.78,C8501126,5173.43,5233.97,0,0,59.7,360.3,0,0.0,0.00,1.0,14.94
117,PAYMENT,951.75,C8534178,8909.51,7957.75,M8592173,5045.75,5997.50,0,0,346.9,289.8,1,0.0,0.00,1.0,14.72
586,DEBIT,1009.12,C6214280,9916.00,8906.88,C8015297,40121.09,41130.22,0,0,203.4,47.7,0,0.0,0.00,1.0,10.42
468,CASH_IN,182.78,C8434493,1484.46,1301.68,C5824611,6814.16,6996.94,0,0,174.2,50.8,1,0.0,0.00,1.0,10.93
263,CASH_OUT,323554.18,C8503285,379048.39,0.00,C5165193,0.00,323554.18,1,1,2.1,4.4,1,4.0,1294216.72,1.0,25.62
568,TRANSFER,1002.85,C1550198,6956.03,5953.19,C2257915,13396.52,14399.37,0,0,126.2,139.5,0,0.0,0.00,1.0,15.88
333,TRANSFER,347.67,C4044131,1753.50,1405.83,C4307605,11705.24,12052.91,0,0,231.4,354.4,0,0.0,0.00,1.0,24.64
377,TRANSFER,258.91,C2646241,1109.09,850.18,C7171689,19035.26,19294.17,0,0,105.5,218.6,0,1.0,886.87,1.0,10.29
181,TRANSFER,1529.89,C8687714,14633.85,13103.96,C5328193,45825.77,47355.66,0,0,156.9,346.6,1,0.0,0.00,1.0,13.74
568,TRANSFER,415.30,C5403276,2513.06,2097.76,C6873285,42443.17,42858.47,0,0,298.2,229.4,0,0.0,0.00,1.0,5.70
158,DEBIT,745.43,C1652203,4493.56,3748.13,C3593400,31682.59,32428.02,0,0,271.7,156.8,0,1.0,235.94,1.0,20.46
162,CASH_IN,396.60,C5529743,1277.23,880.63,C8746470,34770.43,35167.03,0,0,213.2,247.9,0,0.0,0.00,1.0,15.18
667,PAYMENT,283.67,C6596846,1906.87,1623.20,M7531439,4845.28,5128.94,0,0,109.8,39.1,0,0.0,0.00,1.0,10.88
421,PAYMENT,437.48,C9639445,4136.57,3699.09,M9629921,6956.66,7394.13,0,0,143.5,96.5,0,0.0,0.00,1.0,10.68
137,DEBIT,661.35,C9969937,4329.38,3668.03,C8156032,39152.94,39814.29,0,0,111.5,35.5,0,0.0,0.00,1.0,18.07
684,DEBIT,133.15,C1451315,486.49,353.34,C1855442,29544.79,29677.93,0,0,202.7,291.2,1,0.0,0.00,1.0,8.09
399,CASH_IN,4727.23,C1070682,13973.58,9246.35,C6151874,28291.04,33018.27,0,0,320.5,291.3,0,1.0,1264.93,1.0,2.80
357,TRANSFER,1570.89,C9281058,9334.80,7763.91,C8193201,38219.78,39790.66,0,0,262.2,232.2,0,0.0,0.00,1.0,18.53
394,TRANSFER,897.75,C8605397,5922.03,5024.28,C2077602,46568.69,47466.44,0,0,313.3,239.0,0,0.0,0.00,1.0,7.00
565,PAYMENT,406.81,C7559296,913.50,506.69,M4767474,32927.38,33334.19,0,0,210.0,239.7,0,1.0,1003.13,1.0,21.60
664,DEBIT,112.31,C7644081,809.23,696.92,C9085298,16748.52,16860.83,0,0,164.2,107.3,0,0.0,0.00,1.0,3.23
578,CASH_OUT,54984.19,C8157005,57959.22,0.00,C4277727,0.00,54984.19,1,0,325.1,4.9,1,1.0,54984.19,1.0,92.53
399,TRANSFER,6398.64,C1776329,18170.20,11771.57,C9425146,7474.39,13873.03,0,0,116.9,358.2,0,0.0,0.00,1.0,4.55
410,TRANSFER,115015.20,C2151294,123832.72,0.00,C7567170,0.00,115015.20,1,0,321.8,0.8,1,3.0,345045.60,1.0,95.28
165,CASH_IN,1039.25,C6514081,9828.35,8789.10,C5314325,39037.04,40076.29,0,0,224.7,173.9,0,0.0,0.00,1.0,23.38
133,TRANSFER,866.64,C8617030,8567.88,7701.25,C9560750,35916.24,36782.87,0,0,280.4,193.0,1,0.0,0.00,1.0,21.18
319,PAYMENT,486.88,C2104664,4250.23,3763.35,M2097294,31889.99,32376.87,0,0,227.4,168.8,0,0.0,0.00,1.0,17.61
336,CASH_IN,1740.41,C1861097,12760.35,11019.94,C5088861,713.90,2454.31,0,0,110.4,356.0,0,1.0,1457.36,1.0,14.20
523,DEBIT,461.52,C3838507,1850.96,1389.44,C4980826,22981.55,23443.07,0,0,88.8,302.0,0,1.0,382.07,1.0,16.94
45,TRANSFER,3257.94,C5904114,30320.82,27062.88,C1995295,39086.57,42344.51,0,0,146.0,329.0,0,1.0,615.80,1.0,3.13
298,CASH_OUT,117193.35,C7160460,137800.63,0.00,C3555175,0.00,117193.35,1,0,3.7,5.2,1,2.0,234386.71,2.0,1.52
560,DEBIT,178.13,C1215698,428.33,250.20,C6991161,49955.33,50133.46,0,0,116.5,112.1,0,0.0,0.00,1.0,5.22
110,CASH_IN,1212.95,C8770992,2751.88,1538.93,C1260995,44861.97,46074.92,0,0,210.9,213.4,0,2.0,2468.96,1.0,12.59
193,PAYMENT,1895.65,C8275146,5147.98,3252.33,M2783837,38860.72,40756.37,0,0,54.8,74.4,0,0.0,0.00,1.0,15.77
44,DEBIT,458.25,C1049260,3243.61,2785.37,C1048868,1904.52,2362.77,0,0,267.4,201.4,1,0.0,0.00,1.0,22.40
134,TRANSFER,20083.49,C9820419,22517.31,0.00,C8213335,0.00,20083.49,1,0,232.6,0.4,1,1.0,20083.49,1.0,74.40
682,PAYMENT,229.19,C7022170,1998.55,1769.36,M8208673,2955.87,3185.07,0,0,35.5,335.6,0,0.0,0.00,1.0,4.84
716,DEBIT,490.06,C8378196,3951.29,3461.23,C8541821,34936.23,35426.28,0,0,303.7,85.3,0,0.0,0.00,1.0,24.97
325,PAYMENT,638.51,C7276365,2052.89,1414.39,M5540778,6333.69,6972.20,0,0,213.8,337.5,0,0.0,0.00,1.0,15.87
398,CASH_OUT,13189.38,C1774220,14851.27,0.00,C8660179,0.00,13189.38,1,0,258.8,1.1,1,1.0,13189.38,1.0,70.29
350,PAYMENT,230.40,C1141744,1784.31,1553.91,M3436828,9732.77,9963.17,0,0,176.5,84.8,0,0.0,0.00,1.0,3.59
93,CASH_IN,104.12,C5583819,1023.65,919.53,C1490502,30616.03,30720.14,0,0,235.0,216.7,0,0.0,0.00,1.0,24.13
93,CASH_IN,369.97,C5130370,688.13,318.16,C7386203,44218.87,44588.84,0,0,294.9,120.7,0,0.0,0.00,1.0,20.81
302,TRANSFER,15051.10,C7932277,15327.20,0.00,C2651798,0.00,15051.10,1,0,252.1,0.6,1,1.0,15051.10,1.0,87.94
280,DEBIT,486.92,C3290335,2628.30,2141.38,C6727674,39225.64,39712.56,0,0,147.7,327.0,0,0.0,0.00,1.0,6.78
635,CASH_IN,1474.47,C5871339,4030.61,2556.14,C3712083,47306.62,48781.09,0,0,317.8,55.9,0,0.0,0.00,1.0,4.98
321,CASH_IN,190.33,C4984094,1417.60,1227.27,C9465348,32496.73,32687.06,0,0,125.5,324.1,1,0.0,0.00,1.0,8.50
138,PAYMENT,551.01,C9223442,3207.43,2656.42,M5267518,20261.32,20812.33,0,0,207.3,50.5,0,0.0,0.00,1.0,19.95
117,PAYMENT,1101.60,C1840683,2908.01,1806.41,M3742341,13975.97,15077.57,0,0,360.0,312.8,0,1.0,763.88,1.0,2.85
446,TRANSFER,2187.69,C9743162,14643.06,12455.37,C4706297,31767.99,33955.68,0,0,315.1,174.5,0,1.0,1450.45,1.0,6.22
139,TRANSFER,1334.63,C6414159,4470.81,3136.18,C3853367,29456.48,30791.12,0,0,219.0,50.6,0,0.0,0.00,1.0,7.00
669,PAYMENT,1208.25,C2331319,6109.41,4901.16,M3030335,23759.22,24967.47,0,0,355.9,287.4,0,1.0,1431.28,1.0,16.65
78,CASH_IN,3321.61,C5923319,20956.26,17634.65,C6831535,35129.91,38451.52,0,0,140.7,265.9,0,0.0,0.00,1.0,4.10
449,CASH_IN,1475.08,C4084317,6177.38,4702.30,C5942298,39392.87,40867.95,0,0,170.7,87.8,0,1.0,709.43,1.0,21.03
167,TRANSFER,220.82,C9655940,1506.27,1285.44,C5614652,18096.80,18317.63,0,0,67.2,126.6,0,1.0,855.55,1.0,0.40
585,CASH_IN,257.99,C8652033,2330.83,2072.84,C5532695,46060.75,46318.75,0,0,178.2,76.1,1,0.0,0.00,1.0,20.01
539,CASH_IN,393.06,C5673623,3261.97,2868.91,C8536440,15791.09,16184.15,0,0,140.4,89.6,0,0.0,0.00,1.0,5.94
294,TRANSFER,324.88,C8816683,807.26,482.38,C8577938,3695.75,4020.63,0,0,362.4,301.8,1,0.0,0.00,1.0,14.23
588,PAYMENT,1915.47,C5388040,7441.98,5526.51,M2556949,16773.09,18688.56,0,0,43.0,238.0,0,0.0,0.00,1.0,13.82
541,TRANSFER,28639.52,C9125094,32893.59,0.00,C1132145,0.00,28639.52,1,0,137.6,1.7,1,1.0,28639.52,1.0,92.57
321,DEBIT,1511.62,C7382582,13272.99,11761.37,C2382515,18675.85,20187.47,0,0,361.2,262.5,1,0.0,0.00,1.0,10.30
180,CASH_IN,1070.03,C5515700,2693.49,1623.46,C9625861,18309.48,19379.50,0,0,282.3,308.1,0,0.0,0.00,1.0,16.82
92,DEBIT,1805.61,C7935396,14558.43,12752.82,C7188984,15616.98,17422.59,0,0,139.5,346.2,1,0.0,0.00,1.0,21.94
130,CASH_IN,5027.05,C4002654,24113.04,19085.99,C1096548,32080.34,37107.40,0,0,89.7,246.4,0,0.0,0.00,1.0,2.77
486,PAYMENT,1320.44,C7403546,7874.13,6553.69,M2493161,8271.19,9591.63,0,0,198.4,129.5,0,0.0,0.00,1.0,5.77
322,DEBIT,360.45,C2804324,3571.21,3210.76,C8551626,27842.87,28203.32,0,0,87.2,198.0,1,0.0,0.00,1.0,19.46
584,DEBIT,102.51,C8586524,277.13,174.63,C4533154,22467.46,22569.96,0,0,333.5,285.9,0,0.0,0.00,1.0,11.65
247,PAYMENT,623.92,C5317462,4941.60,4317.68,M5223941,21745.57,22369.49,0,0,110.9,272.2,0,0.0,0.00,1.0,17.67
663,PAYMENT,2674.90,C9466498,8126.01,5451.11,M1401841,45364.47,48039.37,0,0,271.5,157.9,0,0.0,0.00,1.0,16.85
474,PAYMENT,1679.33,C9960494,6687.93,5008.60,M6278005,24560.86,26240.19,0,0,37.8,168.1,0,2.0,2816.87,1.0,20.05
519,TRANSFER,2683.52,C8565214,5943.95,3260.43,C8592294,12259.01,14942.53,0,0,350.3,96.0,0,0.0,0.00,1.0,6.48
612,CASH_IN,2271.72,C8149983,15942.38,13670.66,C7866126,33543.14,35814.86,0,0,228.5,189.9,0,0.0,0.00,1.0,4.44
448,PAYMENT,1471.16,C8930671,6791.14,5319.98,M4046108,27022.42,28493.58,0,0,248.7,74.8,0,0.0,0.00,1.0,17.59
682,DEBIT,641.45,C7202413,3593.29,2951.85,C8668138,38454.52,39095.96,0,0,146.4,347.7,0,1.0,565.91,1.0,0.72
285,CASH_IN,912.43,C2081495,8422.78,7510.35,C8652467,29397.48,30309.91,0,0,35.6,96.7,1,0.0,0.00,1.0,13.26
305,TRANSFER,265.88,C5652951,1526.11,1260.24,C1944817,26617.41,26883.29,0,0,336.0,280.2,0,0.0,0.00,1.0,16.01
43,TRANSFER,1004.49,C4523532,9339.12,8334.63,C2597559,31578.53,32583.02,0,0,174.1,94.6,1,1.0,581.13,1.0,16.10
40,TRANSFER,2287.06,C6471641,7155.36,4868.30,C9347143,1338.67,3625.74,0,0,82.7,73.3,0,1.0,504.04,1.0,11.43
507,TRANSFER,705.05,C6098715,2900.63,2195.57,C1065830,29964.01,30669.07,0,0,33.1,93.1,1,0.0,0.00,1.0,6.04
326,TRANSFER,144.50,C7421334,1080.28,935.77,C9836252,31725.11,31869.62,0,0,82.0,220.2,0,1.0,991.96,1.0,24.00
597,CASH_IN,3751.68,C6857949,20854.84,17103.16,C9129949,38095.48,41847.16,0,0,277.2,282.8,1,0.0,0.00,1.0,6.79
376,CASH_IN,402.90,C5146638,3903.05,3500.15,C8801212,39122.06,39524.96,0,0,125.3,254.5,0,1.0,488.73,1.0,22.12
81,PAYMENT,352.76,C6847058,2725.24,2372.48,M5977933,22060.43,22413.18,0,0,243.4,159.2,0,0.0,0.00,1.0,12.77
687,CASH_IN,232.39,C2386117,2264.32,2031.93,C3594053,49230.45,49462.84,0,0,207.6,122.3,0,0.0,0.00,1.0,16.41
593,CASH_IN,3710.21,C1042413,29217.42,25507.20,C2114827,17389.99,21100.21,0,0,324.0,127.6,0,0.0,0.00,1.0,17.65
232,PAYMENT,1921.60,C8875045,15579.24,13657.64,M9869860,24536.02,26457.62,0,0,78.9,329.7,1,1.0,847.15,1.0,10.72
613,TRANSFER,30445.74,C3177203,36400.42,0.00,C4704183,0.00,30445.74,1,0,142.0,1.8,1,1.0,30445.74,1.0,87.23
90,DEBIT,1130.49,C5863708,2510.78,1380.29,C8218537,27817.54,28948.03,0,0,39.5,76.3,0,1.0,1433.01,1.0,4.38
200,DEBIT,2357.85,C1495483,20022.75,17664.90,C4354320,1944.84,4302.69,0,0,127.0,65.0,1,0.0,0.00,1.0,20.15
672,TRANSFER,276251.80,C9384080,282289.69,0.00,C7077749,0.00,276251.80,1,1,7.0,1.6,1,3.0,828755.41,4.0,9.15
563,CASH_OUT,192856.49,C1073122,222699.90,0.00,C8789108,0.00,192856.49,1,0,217.7,2.8,1,2.0,385712.97,1.0,94.53
544,CASH_IN,1009.32,C9170355,8384.84,7375.51,C3110816,2543.29,3552.61,0,0,163.0,242.2,0,0.0,0.00,1.0,15.66
87,CASH_IN,3374.58,C9565462,29676.31,26301.73,C5631663,324.56,3699.14,0,0,94.0,81.6,1,0.0,0.00,1.0,1.94
209,CASH_IN,303.18,C7298356,531.07,227.89,C9060713,20127.64,20430.82,0,0,236.2,73.5,0,0.0,0.00,1.0,5.41
453,CASH_IN,184.40,C5717736,649.10,464.70,C4132282,42653.78,42838.18,0,0,322.7,31.1,0,0.0,0.00,1.0,18.32
566,DEBIT,100.91,C5040746,407.78,306.87,C4572460,29556.98,29657.89,0,0,67.4,70.2,0,0.0,0.00,1.0,23.82
109,TRANSFER,139.64,C7113903,1261.72,1122.08,C1763304,9460.92,9600.56,0,0,100.0,205.9,0,0.0,0.00,1.0,24.73
483,TRANSFER,254758.67,C4823995,291323.63,0.00,C8266883,0.00,254758.67,1,1,4.0,6.8,1,4.0,1019034.69,1.0,27.89
403,DEBIT,225.97,C5807515,908.21,682.24,C2231391,20456.30,20682.28,0,0,349.6,320.2,0,0.0,0.00,1.0,14.21
107,CASH_IN,1746.45,C7612292,17428.61,15682.15,C6356914,35073.96,36820.42,0,0,238.0,297.7,0,0.0,0.00,1.0,24.89
50,TRANSFER,37768.79,C2975420,44682.74,0.00,C5472248,0.00,37768.79,1,0,1.0,3.3,1,15.0,313930.73,3.0,60.55
258,PAYMENT,75.30,C4157814,346.81,271.51,M2817811,3451.62,3526.92,0,0,37.7,198.7,1,0.0,0.00,1.0,0.83
424,PAYMENT,14376.50,C8926473,76955.68,62579.18,M4089631,31763.56,46140.06,0,0,258.3,51.3,0,0.0,0.00,1.0,7.15
346,TRANSFER,263.35,C5528000,2542.15,2278.80,C5867709,37622.96,37886.31,0,0,171.6,89.0,1,1.0,616.52,1.0,9.02
714,TRANSFER,592.59,C6044224,5407.09,4814.50,C3928084,11831.35,12423.94,0,0,271.4,162.0,0,0.0,0.00,1.0,19.14
637,DEBIT,377.39,C2940645,2264.78,1887.38,C6316702,37141.67,37519.06,0,0,323.1,336.9,0,2.0,1610.30,1.0,1.19
448,CASH_IN,311.81,C3697260,1261.19,949.38,C3902430,12144.47,12456.27,0,0,168.6,187.5,0,0.0,0.00,1.0,1.00
163,PAYMENT,2018.88,C1545642,18031.95,16013.07,M6053403,14234.02,16252.90,0,0,320.0,299.1,1,0.0,0.00,1.0,6.45
204,CASH_OUT,266791.85,C6714169,308615.43,0.00,C4945475,0.00,266791.85,1,1,5.2,3.4,1,4.0,1067167.40,4.0,12.18
619,TRANSFER,102.50,C3300962,1020.42,917.92,C8331745,33762.41,33864.92,0,0,30.2,216.9,0,0.0,0.00,1.0,6.87
500,DEBIT,961.11,C2540769,7875.81,6914.70,C6059536,9340.45,10301.56,0,0,306.5,93.3,0,1.0,1085.32,1.0,17.14
254,PAYMENT,1288.55,C8015925,9084.09,7795.54,M5614588,47771.94,49060.49,0,0,268.7,124.1,0,0.0,0.00,1.0,24.00
686,TRANSFER,24427.50,C9442211,24602.61,0.00,C9637969,0.00,24427.50,1,0,144.1,1.8,1,1.0,24427.50,1.0,87.02
546,PAYMENT,980.32,C6149275,1812.77,832.46,M1589773,12378.72,13359.04,0,0,276.3,69.3,0,0.0,0.00,1.0,14.19
708,TRANSFER,1102.89,C1427622,6492.42,5389.54,C1458644,15697.24,16800.13,0,0,269.3,336.3,0,0.0,0.00,1.0,19.69
613,PAYMENT,164.82,C9080128,785.91,621.09,M7283706,3120.37,3285.19,0,0,308.2,283.4,0,1.0,1434.17,1.0,21.42
351,PAYMENT,322.54,C3074952,1311.98,989.44,M4749486,19766.88,20089.42,0,0,257.9,192.6,0,0.0,0.00,1.0,20.58
139,PAYMENT,178.50,C2463123,437.78,259.28,M1011097,43151.95,43330.45,0,0,236.9,160.5,0,0.0,0.00,1.0,12.96
108,CASH_IN,6143.22,C4691210,34775.32,28632.11,C4881942,16721.40,22864.62,0,0,260.9,85.5,1,0.0,0.00,1.0,14.06
395,DEBIT,696.83,C3061164,6027.72,5330.89,C3902413,13091.39,13788.22,0,0,55.7,315.2,1,1.0,345.10,1.0,9.41
436,TRANSFER,25095.11,C8769454,27503.55,0.00,C7149324,0.00,25095.11,1,0,5.3,1.9,1,7.0,545513.12,6.0,74.64
256,PAYMENT,851.65,C5343668,3671.69,2820.04,M1437123,46526.19,47377.84,0,0,101.9,39.8,0,0.0,0.00,1.0,3.27
374,TRANSFER,96068.38,C2722215,109740.02,0.00,C2354085,0.00,96068.38,1,0,270.2,5.0,1,2.0,192136.75,2.0,81.14
450,PAYMENT,986.46,C1808387,2638.54,1652.07,M1083338,45949.28,46935.74,0,0,249.8,343.6,1,1.0,434.15,1.0,17.53
687,PAYMENT,325.91,C7356364,575.53,249.62,M6581342,5620.41,5946.32,0,0,52.6,303.4,1,0.0,0.00,1.0,8.71
345,PAYMENT,1432.74,C7187211,9081.12,7648.39,M8644917,29550.75,30983.49,0,0,57.3,247.1,0,0.0,0.00,1.0,4.48
383,TRANSFER,168145.30,C5799258,196843.31,0.00,C6572071,0.00,168145.30,1,0,2.9,5.0,1,2.0,336290.60,1.0,25.14
347,PAYMENT,482.11,C3620199,3890.61,3408.50,M3288371,42789.03,43271.14,0,0,233.7,98.3,0,2.0,2787.52,1.0,12.07
209,DEBIT,205.16,C9184886,1100.26,895.10,C9861844,30210.88,30416.04,0,0,179.7,167.0,1,0.0,0.00,1.0,18.57
85,TRANSFER,13430.01,C2336364,15614.16,0.00,C3865591,0.00,13430.01,1,0,203.7,0.3,1,1.0,13430.01,1.0,75.69
398,CASH_OUT,31632.06,C3667985,35432.55,0.00,C2947201,0.00,31632.06,1,0,141.5,1.3,1,1.0,31632.06,1.0,87.70
378,TRANSFER,3277.62,C8756913,13765.71,10488.08,C1268512,3997.61,7275.23,0,0,78.8,88.9,0,0.0,0.00,1.0,0.64
544,TRANSFER,1399.54,C6932410,2325.75,926.20,C7526649,8357.84,9757.38,0,0,242.3,221.3,0,0.0,0.00,1.0,23.40
618,CASH_IN,629.97,C2117592,4899.88,4269.91,C9010174,15925.94,16555.92,0,0,252.5,329.9,0,0.0,0.00,1.0,11.36
141,CASH_IN,509.29,C7032031,1309.50,800.21,C7237858,7271.56,7780.85,0,0,157.8,238.7,0,0.0,0.00,1.0,11.02
61,PAYMENT,113.04,C3384893,657.00,543.96,M1036068,49589.55,49702.59,0,0,328.1,283.8,1,0.0,0.00,1.0,4.03
661,PAYMENT,728.14,C4493573,7238.57,6510.44,M2142189,29273.48,30001.62,0,0,342.6,299.5,0,1.0,223.19,1.0,2.73
419,DEBIT,167.56,C2488643,1505.26,1337.70,C6596127,26856.40,27023.96,0,0,308.7,41.7,0,0.0,0.00,1.0,20.92
152,TRANSFER,1537.06,C2188257,2965.62,1428.57,C3652796,29768.92,31305.98,0,0,199.9,322.2,0,1.0,444.11,1.0,24.76
262,CASH_OUT,207851.40,C2707891,242614.35,0.00,C1163444,0.00,207851.40,1,1,7.0,3.3,1,5.0,1039257.02,1.0,11.99
69,CASH_IN,238.45,C8551276,826.44,587.99,C3282980,43707.04,43945.49,0,0,288.6,165.6,0,0.0,0.00,1.0,14.29
443,CASH_IN,475.77,C7764966,2952.18,2476.42,C7098586,19868.71,20344.48,0,0,133.4,41.9,0,0.0,0.00,1.0,13.72
398,CASH_IN,801.10,C7458524,5062.14,4261.04,C9850752,37945.27,38746.37,0,0,147.0,43.9,0,0.0,0.00,1.0,15.96
141,TRANSFER,29.91,C1316528,175.68,145.77,C8164256,722.25,752.16,0,0,364.4,146.1,0,0.0,0.00,1.0,24.69
273,CASH_IN,713.22,C7949951,3543.05,2829.83,C9006906,4794.19,5507.41,0,0,116.1,234.9,0,1.0,1216.71,1.0,8.37
491,TRANSFER,1539.48,C4236852,11241.21,9701.73,C9653945,7553.77,9093.25,0,0,202.8,205.3,0,0.0,0.00,1.0,10.00
209,PAYMENT,1917.12,C9851770,6127.33,4210.21,M9213243,42963.24,44880.37,0,0,201.1,240.0,1,0.0,0.00,1.0,22.60
204,PAYMENT,563.29,C6799911,3094.31,2531.02,M8905290,36701.40,37264.68,0,0,296.9,48.5,0,1.0,846.66,1.0,1.76
469,TRANSFER,3270.55,C6874982,19278.80,16008.25,C7580223,37111.65,40382.20,0,0,351.5,290.5,0,0.0,0.00,1.0,14.45
394,DEBIT,1117.88,C8008095,7092.33,5974.45,C9135758,5320.29,6438.18,0,0,253.1,362.0,0,0.0,0.00,1.0,24.60
514,DEBIT,134.39,C1029211,1113.28,978.89,C2839576,5083.14,5217.53,0,0,275.7,54.4,0,0.0,0.00,1.0,18.28
322,CASH_IN,2010.23,C9892200,3410.75,1400.51,C4394301,48963.31,50973.54,0,0,46.3,35.5,0,0.0,0.00,1.0,19.88
585,CASH_IN,1301.80,C6639928,11773.90,10472.10,C3872192,19792.03,21093.83,0,0,46.6,92.2,0,0.0,0.00,1.0,5.09
268,CASH_OUT,91865.69,C4462081,102540.29,0.00,C4682259,0.00,91865.69,1,0,5.6,4.2,1,14.0,538946.43,4.0,80.29
41,CASH_IN,1160.86,C1609141,10970.99,9810.13,C2770679,23435.25,24596.11,0,0,181.9,293.7,0,1.0,1051.24,1.0,17.39
251,TRANSFER,93.00,C3990335,451.06,358.06,C2465843,6642.32,6735.33,0,0,262.5,300.8,0,0.0,0.00,1.0,4.79
230,CASH_IN,294.17,C7545330,1290.12,995.95,C3192370,47749.43,48043.60,0,0,96.5,270.1,0,0.0,0.00,1.0,7.28
154,PAYMENT,230.17,C4094359,1819.44,1589.27,M3503019,44063.70,44293.87,0,0,254.8,187.4,0,0.0,0.00,1.0,23.12
352,PAYMENT,155.27,C1513417,478.09,322.82,M5215749,26148.41,26303.69,0,0,349.7,120.6,0,0.0,0.00,1.0,19.90
351,TRANSFER,586.14,C1808570,1104.28,518.13,C9633990,24126.42,24712.56,0,0,197.4,168.6,1,0.0,0.00,1.0,1.85
207,CASH_OUT,28310.62,C8952512,31116.24,0.00,C1996228,0.00,28310.62,1,0,152.2,1.8,1,1.0,28310.62,1.0,72.07
176,TRANSFER,842.64,C3714638,3375.25,2532.62,C8890396,38263.70,39106.34,0,0,338.8,135.8,0,0.0,0.00,1.0,18.77
555,CASH_OUT,89606.16,C6525665,107250.85,0.00,C9841299,0.00,89606.16,1,0,3.5,5.8,1,8.0,319328.15,9.0,50.99
281,DEBIT,1251.04,C9471516,2640.30,1389.26,C3740198,6975.90,8226.94,0,0,89.4,77.2,0,0.0,0.00,1.0,20.17
179,CASH_IN,2100.91,C7686658,4883.18,2782.27,C6550804,42305.27,44406.18,0,0,43.4,68.3,0,0.0,0.00,1.0,14.35
302,CASH_IN,1184.84,C5089001,3442.13,2257.29,C2442808,12737.45,13922.29,0,0,205.5,335.9,0,0.0,0.00,1.0,12.48
109,DEBIT,1630.94,C7658308,10545.57,8914.63,C3664295,36782.96,38413.90,0,0,195.9,43.3,1,0.0,0.00,1.0,13.99
616,TRANSFER,213363.52,C1998946,230639.77,0.00,C7840133,0.00,213363.52,1,1,339.7,1.1,1,3.0,640090.56,2.0,83.58
39,DEBIT,204.84,C4676298,667.34,462.50,C2085897,47082.79,47287.63,0,0,339.6,212.5,0,2.0,569.56,1.0,23.30
184,CASH_OUT,87036.87,C4464074,88784.50,0.00,C3380858,0.00,87036.87,1,0,360.0,4.7,1,1.0,87036.87,2.0,93.33
156,DEBIT,271.22,C1553290,820.62,549.40,C5048733,20737.04,21008.26,0,0,191.7,94.9,0,0.0,0.00,1.0,10.43
156,PAYMENT,1184.80,C6168765,8929.97,7745.16,M8871175,42581.60,43766.40,0,0,324.1,335.5,1,0.0,0.00,1.0,12.23
531,TRANSFER,88740.32,C7479472,98161.89,0.00,C3235657,0.00,88740.32,1,0,6.5,3.2,1,17.0,290152.18,6.0,48.26
256,PAYMENT,200.38,C1668838,575.23,374.85,M8991898,47006.95,47207.33,0,0,272.5,312.8,0,0.0,0.00,1.0,3.96
43,DEBIT,1324.26,C5064057,7813.32,6489.05,C5767710,24581.33,25905.60,0,0,355.4,215.3,0,0.0,0.00,1.0,20.10
302,CASH_IN,727.60,C4237460,3778.97,3051.38,C2130974,6674.57,7402.16,0,0,167.3,205.5,1,0.0,0.00,1.0,2.19
161,DEBIT,703.74,C2320424,3939.02,3235.28,C2472191,47664.96,48368.70,0,0,301.2,87.2,1,0.0,0.00,1.0,21.78
279,CASH_OUT,30191.69,C2479555,31445.96,0.00,C3278661,0.00,30191.69,1,0,289.7,0.3,1,1.0,30191.69,1.0,92.96
640,PAYMENT,416.88,C1014954,1046.83,629.95,M3893796,45850.74,46267.62,0,0,116.9,133.5,0,0.0,0.00,1.0,18.29
663,CASH_IN,1888.95,C5757681,10299.75,8410.80,C5786974,20082.52,21971.47,0,0,68.8,209.8,0,0.0,0.00,1.0,0.78
499,PAYMENT,501.71,C8352185,4968.51,4466.80,M7674530,40933.56,41435.27,0,0,41.1,147.6,0,0.0,0.00,1.0,21.56
267,TRANSFER,28064.57,C8458704,28922.65,0.00,C9285991,0.00,28064.57,1,0,6.1,6.4,1,14.0,175191.80,4.0,51.55
488,TRANSFER,155.59,C1513885,299.66,144.06,C8150112,17185.94,17341.54,0,0,342.7,343.9,0,0.0,0.00,1.0,1.60
482,CASH_OUT,184498.26,C6735856,212203.95,0.00,C8142717,0.00,184498.26,1,0,228.3,2.5,1,3.0,553494.79,1.0,83.22
584,PAYMENT,866.03,C3584815,8099.22,7233.19,M6751122,21955.68,22821.71,0,0,184.9,357.8,0,0.0,0.00,1.0,8.79
543,PAYMENT,410.25,C8903173,4079.39,3669.13,M1558567,14116.73,14526.98,0,0,178.7,208.4,0,2.0,2605.52,1.0,15.54
291,TRANSFER,76124.12,C4906529,78088.58,0.00,C2370940,0.00,76124.12,1,0,4.3,3.5,1,10.0,539380.29,8.0,76.82
569,CASH_IN,215.30,C6828952,1042.04,826.74,C3872408,46100.44,46315.74,0,0,208.1,189.5,0,0.0,0.00,1.0,22.20
325,CASH_IN,796.84,C6924095,4318.37,3521.53,C6397257,33031.57,33828.41,0,0,361.5,195.3,0,0.0,0.00,1.0,6.31
89,TRANSFER,500.51,C6002136,4792.68,4292.17,C2595119,17201.41,17701.93,0,0,214.0,174.5,0,0.0,0.00,1.0,18.42
75,CASH_OUT,198440.68,C6252955,232017.15,0.00,C1362283,0.00,198440.68,1,0,302.3,4.6,1,3.0,595322.05,4.0,96.64
716,TRANSFER,2222.02,C3499777,20189.59,17967.57,C9926268,37505.97,39727.99,0,0,101.9,313.4,1,1.0,272.26,1.0,9.79
347,CASH_IN,670.44,C4250670,4766.83,4096.39,C9527819,15193.77,15864.21,0,0,320.6,37.9,0,1.0,1049.46,1.0,2.91
517,TRANSFER,355.61,C9048642,2765.70,2410.09,C6056369,20216.70,20572.31,0,0,363.0,295.9,1,0.0,0.00,1.0,15.96
135,CASH_IN,908.69,C3973925,5294.00,4385.31,C4773708,45363.61,46272.30,0,0,205.1,285.9,0,0.0,0.00,1.0,23.28
161,CASH_IN,4296.59,C5179310,18948.33,14651.73,C4960450,20467.02,24763.61,0,0,75.8,42.5,0,0.0,0.00,1.0,3.96
200,PAYMENT,559.87,C2181654,1276.30,716.43,M6899658,33407.75,33967.61,0,0,31.3,313.8,1,0.0,0.00,1.0,15.11
539,CASH_IN,1493.97,C8245054,2491.97,998.00,C2780288,16394.69,17888.66,0,0,195.3,186.9,0,0.0,0.00,1.0,5.42
137,DEBIT,498.70,C9218893,4396.21,3897.51,C7010641,12409.35,12908.05,0,0,277.1,79.3,0,0.0,0.00,1.0,1.29
129,PAYMENT,133.58,C3524850,512.80,379.22,M3551686,7018.86,7152.44,0,0,212.1,331.1,0,0.0,0.00,1.0,11.41
236,CASH_IN,5591.20,C9645219,51650.24,46059.04,C5878710,10205.87,15797.06,0,0,54.9,153.2,0,0.0,0.00,1.0,12.27
402,CASH_IN,488.22,C7709750,4686.85,4198.63,C3295962,30542.02,31030.24,0,0,261.1,289.8,0,2.0,2805.86,1.0,11.84
226,CASH_IN,185.07,C5675466,781.78,596.71,C4597084,48808.81,48993.88,0,0,204.5,320.9,1,0.0,0.00,1.0,10.81
330,CASH_IN,1020.80,C7307214,1732.74,711.94,C8875967,20063.07,21083.86,0,0,177.6,140.5,0,0.0,0.00,1.0,3.66
681,CASH_IN,1049.82,C8625803,5536.26,4486.44,C8685858,46803.28,47853.11,0,0,321.0,251.2,1,2.0,762.72,1.0,5.81
246,TRANSFER,721.61,C4984931,4422.48,3700.87,C6689821,24542.23,25263.84,0,0,122.7,114.7,0,0.0,0.00,1.0,14.27
593,TRANSFER,147.18,C9590077,526.26,379.09,C9314869,45642.32,45789.50,0,0,142.9,186.0,0,0.0,0.00,1.0,12.28
252,DEBIT,458.79,C9970710,4502.86,4044.07,C7882004,37275.08,37733.86,0,0,164.8,287.2,0,0.0,0.00,1.0,7.38
189,DEBIT,797.89,C7298501,4456.37,3658.48,C3162036,22876.96,23674.86,0,0,168.1,66.1,0,0.0,0.00,1.0,8.37
449,CASH_IN,320.14,C5155993,1267.50,947.36,C6273651,12964.64,13284.78,0,0,74.3,179.2,1,0.0,0.00,1.0,23.26
279,TRANSFER,1017.73,C3616339,3419.86,2402.13,C8745128,40821.20,41838.92,0,0,127.9,181.5,0,0.0,0.00,1.0,6.47
429,PAYMENT,475.35,C5090161,743.36,268.01,M8177596,16872.89,17348.24,0,0,327.3,162.2,0,0.0,0.00,1.0,10.23
99,CASH_OUT,99773.03,C7299033,102533.33,0.00,C7969022,0.00,99773.03,1,0,5.5,6.2,1,13.0,366808.10,3.0,74.30
449,PAYMENT,2522.56,C3578275,12147.46,9624.90,M2733317,49930.61,52453.17,0,0,39.3,162.7,0,0.0,0.00,1.0,17.84
691,PAYMENT,215.64,C8899611,1098.44,882.80,M9396106,31021.46,31237.10,0,0,189.5,100.5,0,0.0,0.00,1.0,15.68
227,DEBIT,807.37,C6297360,1688.97,881.60,C8116640,6986.08,7793.45,0,0,280.1,109.8,1,0.0,0.00,1.0,3.75
205,TRANSFER,224.76,C5073324,2027.62,1802.86,C2006603,33206.32,33431.08,0,0,80.6,269.1,0,1.0,1345.04,1.0,11.29
518,DEBIT,848.75,C5557768,2545.43,1696.68,C5969663,21232.42,22081.17,0,0,150.8,35.0,0,0.0,0.00,1.0,19.54
208,CASH_IN,4726.11,C1011226,34653.69,29927.58,C9928377,32669.07,37395.18,0,0,64.1,293.6,0,0.0,0.00,1.0,16.26
40,DEBIT,3262.96,C7150562,19218.53,15955.57,C7550588,4850.43,8113.40,0,0,195.1,113.6,0,1.0,1022.52,1.0,21.61
105,DEBIT,337.05,C2600507,1417.55,1080.50,C4822991,23114.32,23451.37,0,0,293.9,326.3,0,2.0,443.80,1.0,15.49
181,TRANSFER,13249.16,C7867807,15030.55,0.00,C4180038,0.00,13249.16,1,0,160.1,1.7,1,1.0,13249.16,1.0,85.39
261,DEBIT,1432.89,C9428369,12284.20,10851.31,C4749993,41079.42,42512.31,0,0,99.7,92.6,0,0.0,0.00,1.0,6.81
297,TRANSFER,273.79,C2506517,2153.33,1879.55,C5421316,40089.33,40363.12,0,0,320.6,315.9,0,2.0,2951.49,1.0,24.23
178,DEBIT,209.64,C9241578,570.90,361.26,C1864856,43965.53,44175.17,0,0,259.0,284.8,0,0.0,0.00,1.0,6.84
251,PAYMENT,449.10,C5590267,2711.51,2262.41,M1475263,3469.17,3918.27,0,0,341.9,165.0,0,0.0,0.00,1.0,9.99
182,PAYMENT,191.22,C1889475,995.99,804.78,M1313545,38753.73,38944.95,0,0,109.9,65.2,0,0.0,0.00,1.0,11.44
248,CASH_IN,5096.95,C1237131,43306.64,38209.70,C2321773,8483.24,13580.19,0,0,172.3,359.2,1,1.0,375.17,1.0,5.12
63,CASH_OUT,18042.02,C5978429,21012.19,0.00,C5850475,0.00,18042.02,1,0,191.4,1.2,1,1.0,18042.02,1.0,88.60
352,DEBIT,2797.07,C5910371,6400.89,3603.82,C7640177,19784.63,22581.70,0,0,174.4,161.6,1,1.0,1442.13,1.0,3.03
435,TRANSFER,49403.75,C2813209,56837.32,0.00,C5537606,0.00,49403.75,1,0,2.2,2.8,1,10.0,306186.57,9.0,66.58
395,DEBIT,185.27,C4704311,1009.69,824.42,C2972702,18458.43,18643.70,0,0,345.7,299.6,0,1.0,712.91,1.0,20.39
472,PAYMENT,614.24,C7837580,4844.94,4230.70,M1773841,6033.63,6647.87,0,0,75.9,44.2,0,0.0,0.00,1.0,20.08
259,PAYMENT,577.24,C1550156,1726.20,1148.96,M4586559,41173.07,41750.31,0,0,291.4,206.6,0,0.0,0.00,1.0,24.33
513,DEBIT,2143.29,C2616113,5714.65,3571.36,C5038565,32711.64,34854.93,0,0,88.7,59.8,0,0.0,0.00,1.0,23.46
656,TRANSFER,589.21,C9601390,5266.48,4677.27,C8855729,48782.22,49371.43,0,0,340.7,34.5,0,0.0,0.00,1.0,19.95
351,PAYMENT,306.35,C9519217,1034.49,728.14,M3601751,32838.09,33144.44,0,0,352.9,79.3,1,0.0,0.00,1.0,19.88
193,CASH_OUT,33002.95,C7713244,36741.67,0.00,C5958178,0.00,33002.95,1,0,2.2,0.7,1,13.0,378326.36,8.0,70.78
308,DEBIT,51.01,C5774648,384.57,333.56,C1445132,1426.23,1477.24,0,0,350.1,47.7,0,0.0,0.00,1.0,1.35
664,CASH_IN,471.76,C3595544,2657.23,2185.48,C4767904,13083.21,13554.97,0,0,116.6,304.6,1,0.0,0.00,1.0,19.70
193,DEBIT,328.89,C2419800,2804.16,2475.27,C4468324,28105.03,28433.92,0,0,36.9,231.9,0,0.0,0.00,1.0,18.72
530,TRANSFER,576.66,C5054146,3423.21,2846.55,C6076855,15806.01,16382.66,0,0,344.0,204.0,0,0.0,0.00,1.0,13.59
469,CASH_IN,1243.38,C1084984,2563.45,1320.07,C2910494,153.27,1396.65,0,0,37.6,60.2,0,0.0,0.00,1.0,12.53
434,CASH_OUT,50596.73,C8003473,57136.77,0.00,C2547642,0.00,50596.73,1,0,2.2,4.6,1,14.0,599648.65,6.0,63.91
601,CASH_OUT,26519.20,C8470334,29011.78,0.00,C5284825,0.00,26519.20,1,0,2.8,1.1,1,17.0,578078.30,8.0,82.03
616,DEBIT,995.21,C5267035,1996.02,1000.82,C6271941,10837.40,11832.60,0,0,96.0,256.5,0,0.0,0.00,1.0,5.97
357,PAYMENT,622.07,C9031072,4526.14,3904.08,M1892412,10783.21,11405.27,0,0,292.2,296.4,0,0.0,0.00,1.0,2.38
331,PAYMENT,632.33,C1700146,3220.61,2588.28,M2212228,8889.30,9521.63,0,0,75.3,339.8,0,0.0,0.00,1.0,6.63
468,DEBIT,1151.05,C3198703,4861.31,3710.26,C1497433,18101.86,19252.91,0,0,123.1,265.5,0,2.0,2012.93,1.0,11.94
396,TRANSFER,1166.59,C4768225,4375.74,3209.14,C2848512,30563.20,31729.80,0,0,87.2,238.7,0,0.0,0.00,1.0,5.37
588,DEBIT,280.68,C7778410,2638.96,2358.28,C1966626,5081.57,5362.25,0,0,91.4,187.2,0,0.0,0.00,1.0,12.64
56,PAYMENT,382.00,C2792516,2584.77,2202.76,M8671440,6186.25,6568.25,0,0,322.3,308.5,0,0.0,0.00,1.0,15.45
689,DEBIT,998.38,C2289146,8454.68,7456.30,C9970093,26350.42,27348.80,0,0,121.9,302.5,0,0.0,0.00,1.0,0.93
325,TRANSFER,147256.55,C1560941,159074.33,0.00,C3915429,0.00,147256.55,1,0,228.2,0.8,1,2.0,294513.10,4.0,82.91
355,DEBIT,1480.87,C9324472,9482.51,8001.64,C2533070,40328.93,41809.80,0,0,89.6,94.4,0,0.0,0.00,1.0,12.67
589,DEBIT,2535.15,C3608035,14547.81,12012.66,C9737961,24734.24,27269.39,0,0,103.1,87.0,0,0.0,0.00,1.0,24.66
687,TRANSFER,370.70,C5231526,1808.64,1437.94,C2152473,29279.16,29649.86,0,0,96.0,195.3,0,1.0,605.32,1.0,23.51
456,TRANSFER,283.45,C8186731,890.67,607.22,C8795300,5253.85,5537.29,0,0,264.5,262.4,0,0.0,0.00,1.0,22.74
43,CASH_IN,764.51,C4957223,3477.52,2713.02,C4883670,20492.60,21257.11,0,0,188.4,60.3,0,0.0,0.00,1.0,13.74
590,CASH_IN,550.22,C7574507,5159.70,4609.48,C4523427,46645.70,47195.92,0,0,229.5,68.9,0,0.0,0.00,1.0,8.11
561,TRANSFER,148.98,C4453237,794.66,645.68,C5156360,28439.92,28588.90,0,0,326.4,201.6,0,1.0,996.37,1.0,19.78
233,CASH_IN,2734.13,C9732120,16985.46,14251.34,C4111576,16103.71,18837.83,0,0,104.8,229.0,0,0.0,0.00,1.0,21.98
90,TRANSFER,679.44,C5505834,1565.73,886.29,C7508023,8386.53,9065.97,0,0,102.0,184.4,0,0.0,0.00,1.0,0.46
704,TRANSFER,1619.54,C7823558,5382.68,3763.14,C7799855,28177.35,29796.90,0,0,182.8,340.9,0,0.0,0.00,1.0,7.81
397,TRANSFER,21353.12,C9735930,24884.03,0.00,C9347542,0.00,21353.12,1,0,195.9,1.1,1,1.0,21353.12,1.0,65.77
162,CASH_IN,50.31,C6909153,361.51,311.21,C9509678,2723.54,2773.85,0,0,127.7,102.4,0,0.0,0.00,1.0,7.40
607,TRANSFER,1580.04,C9810051,14778.32,13198.29,C1041569,28990.98,30571.02,0,0,361.2,171.5,0,0.0,0.00,1.0,11.65
442,PAYMENT,1150.71,C1749367,8381.27,7230.56,M1238791,28177.13,29327.84,0,0,139.0,279.9,0,0.0,0.00,1.0,24.86
241,CASH_OUT,43042.42,C3155350,50378.10,0.00,C5467756,0.00,43042.42,1,0,3.3,3.2,1,11.0,310373.83,4.0,66.26
154,TRANSFER,1785.61,C9426483,2761.49,975.88,C3976444,39353.82,41139.44,0,0,327.5,36.7,0,0.0,0.00,1.0,10.64
645,DEBIT,494.84,C1524436,2311.41,1816.57,C3433075,28297.39,28792.23,0,0,66.8,317.2,0,0.0,0.00,1.0,13.16
495,PAYMENT,1205.02,C2933727,9744.68,8539.65,M5828390,24879.86,26084.89,0,0,336.2,48.7,0,0.0,0.00,1.0,16.59
182,CASH_OUT,20309.45,C8126873,24223.40,0.00,C8700778,0.00,20309.45,1,0,269.6,1.0,1,1.0,20309.45,1.0,94.61
612,PAYMENT,639.86,C6216490,4191.91,3552.05,M4370175,43919.56,44559.41,0,0,333.1,162.9,0,1.0,967.50,1.0,2.05
113,PAYMENT,2054.29,C3200083,17242.03,15187.74,M6079533,24140.00,26194.29,0,0,131.2,184.7,0,0.0,0.00,1.0,15.69
472,DEBIT,1023.23,C9414539,6816.06,5792.83,C4329858,21306.47,22329.70,0,0,251.8,33.0,0,0.0,0.00,1.0,3.65
107,TRANSFER,211.79,C2990905,530.83,319.04,C8539450,39758.05,39969.84,0,0,174.5,113.1,0,0.0,0.00,1.0,19.83
69,TRANSFER,426.71,C1594555,1741.94,1315.23,C1215733,43729.28,44155.99,0,0,76.3,264.0,0,0.0,0.00,1.0,23.17
683,CASH_IN,302.66,C6217709,1646.82,1344.17,C2470525,34537.33,34839.98,0,0,267.3,50.0,0,0.0,0.00,1.0,17.65
469,CASH_IN,480.29,C2227328,2258.44,1778.15,C1360855,30973.87,31454.16,0,0,213.0,109.4,0,1.0,1253.12,1.0,16.52
426,TRANSFER,747.54,C5026037,4439.72,3692.18,C2256612,10794.89,11542.42,0,0,160.9,175.5,0,0.0,0.00,1.0,24.70
417,PAYMENT,636.25,C5608467,2815.54,2179.29,M9525877,4930.83,5567.08,0,0,351.7,123.5,1,1.0,677.86,1.0,8.57
155,TRANSFER,2922.22,C3206507,24477.23,21555.01,C1726617,48723.41,51645.64,0,0,342.0,71.5,0,1.0,326.01,1.0,22.51
409,CASH_OUT,80989.38,C8957528,95104.35,0.00,C6708109,0.00,80989.38,1,0,0.4,5.5,1,17.0,294567.82,5.0,61.59
274,TRANSFER,493.73,C2840209,2549.72,2055.99,C5811406,1891.35,2385.09,0,0,183.2,150.7,0,0.0,0.00,1.0,4.89
285,DEBIT,748.32,C2831006,7220.59,6472.26,C7352172,2115.92,2864.25,0,0,344.1,225.1,0,0.0,0.00,1.0,9.41
392,TRANSFER,959.84,C3798632,8806.90,7847.06,C9422865,2351.23,3311.06,0,0,162.3,348.5,0,0.0,0.00,1.0,15.47
573,DEBIT,359.98,C1042620,899.50,539.53,C8512368,3085.23,3445.21,0,0,137.1,186.8,0,0.0,0.00,1.0,3.26
687,PAYMENT,2669.80,C8841147,16143.31,13473.51,M6107032,45795.67,48465.47,0,0,363.8,357.4,0,2.0,1326.00,1.0,21.25
512,TRANSFER,1324.52,C2549345,6996.97,5672.45,C9718769,3249.55,4574.07,0,0,73.0,31.5,0,1.0,1008.01,1.0,2.41
237,TRANSFER,444.45,C2781425,1382.06,937.61,C9679357,14373.76,14818.21,0,0,245.2,185.0,0,0.0,0.00,1.0,5.82
154,PAYMENT,1117.12,C5867117,9911.20,8794.07,M8470171,35421.41,36538.53,0,0,124.7,335.8,0,0.0,0.00,1.0,23.83
101,DEBIT,2395.71,C6637264,20742.81,18347.10,C2142417,47174.78,49570.49,0,0,88.5,142.4,0,0.0,0.00,1.0,12.28
649,CASH_OUT,95189.32,C4492541,105577.81,0.00,C5891459,0.00,95189.32,1,0,1.0,5.3,1,14.0,442925.87,3.0,74.90
685,DEBIT,143.22,C7878007,1397.84,1254.62,C5346445,35271.43,35414.65,0,0,99.3,345.4,1,1.0,330.51,1.0,6.61
345,TRANSFER,178.46,C2753944,853.72,675.26,C4523561,18143.79,18322.25,0,0,220.3,310.0,1,0.0,0.00,1.0,17.91
113,PAYMENT,778.02,C7520333,1679.14,901.11,M5014655,39015.51,39793.53,0,0,79.5,337.9,1,0.0,0.00,1.0,3.65
152,DEBIT,913.25,C3836980,6122.31,5209.06,C2417709,1855.28,2768.53,0,0,68.6,67.3,1,0.0,0.00,1.0,0.35
608,PAYMENT,283.66,C4451887,2778.09,2494.43,M5641800,11013.34,11297.00,0,0,258.6,308.6,0,0.0,0.00,1.0,0.15
498,DEBIT,850.39,C6067010,8339.08,7488.69,C1442058,11894.39,12744.78,0,0,44.4,108.5,0,1.0,744.89,1.0,23.69
276,PAYMENT,1556.36,C2337346,3172.31,1615.95,M6117126,9836.70,11393.06,0,0,212.1,168.0,0,0.0,0.00,1.0,10.96
275,CASH_OUT,248451.80,C6940806,275146.40,0.00,C6633905,0.00,248451.80,1,1,3.1,4.8,1,2.0,496903.60,2.0,14.37
592,PAYMENT,1446.95,C6867021,12016.90,10569.95,M8777230,30927.67,32374.62,0,0,355.5,238.3,0,0.0,0.00,1.0,1.61
470,CASH_OUT,21504.61,C2009638,23000.90,0.00,C1815211,0.00,21504.61,1,0,222.5,0.2,1,1.0,21504.61,1.0,79.09
346,PAYMENT,147.31,C8644489,769.19,621.88,M4404788,47290.11,47437.42,0,0,251.9,82.3,0,1.0,392.44,1.0,0.47
256,DEBIT,474.41,C6548038,2891.06,2416.66,C3886606,9222.16,9696.57,0,0,236.9,146.6,0,0.0,0.00,1.0,9.86
152,CASH_IN,316.16,C8271935,2282.42,1966.26,C3057810,21794.51,22110.67,0,0,236.3,42.7,0,0.0,0.00,1.0,6.17
568,CASH_IN,69.81,C7867167,204.92,135.11,C2691132,46839.82,46909.63,0,0,134.2,128.1,0,1.0,722.68,1.0,22.83
587,PAYMENT,2707.97,C1283290,15516.71,12808.73,M5573735,26025.52,28733.50,0,0,115.8,221.6,1,0.0,0.00,1.0,16.04
692,TRANSFER,141.57,C5613379,1409.42,1267.86,C5301518,24365.40,24506.97,0,0,116.2,234.4,0,0.0,0.00,1.0,18.35
660,TRANSFER,316752.57,C7605425,320986.01,0.00,C6336609,0.00,316752.57,1,1,6.3,4.8,1,4.0,1267010.27,1.0,25.97
184,PAYMENT,627.28,C6380946,4340.59,3713.31,M9832482,2636.59,3263.87,0,0,271.6,78.6,0,0.0,0.00,1.0,22.33
43,TRANSFER,170.62,C7454727,1556.50,1385.88,C1542977,23830.50,24001.13,0,0,350.4,215.8,0,0.0,0.00,1.0,11.90
588,DEBIT,798.91,C9130554,5600.02,4801.11,C4853528,39109.68,39908.59,0,0,308.2,238.8,0,0.0,0.00,1.0,13.91
351,CASH_IN,803.98,C3714862,7057.31,6253.32,C4129062,31590.17,32394.15,0,0,242.4,280.4,0,0.0,0.00,1.0,7.57
326,CASH_IN,389.12,C7344150,2805.86,2416.74,C4338210,48033.29,48422.41,0,0,310.7,221.4,0,1.0,402.35,1.0,8.17
451,TRANSFER,695.55,C1410728,5844.74,5149.19,C7629157,25337.54,26033.09,0,0,275.0,42.9,0,0.0,0.00,1.0,2.63
372,TRANSFER,1375.96,C4147085,4584.30,3208.34,C2180396,37285.67,38661.63,0,0,281.8,168.1,0,0.0,0.00,1.0,3.26
299,PAYMENT,4173.55,C3021522,28497.05,24323.50,M9052190,37388.76,41562.31,0,0,174.8,351.4,1,0.0,0.00,1.0,20.41
539,TRANSFER,936.61,C8221881,2286.41,1349.80,C2389807,47806.73,48743.34,0,0,165.0,40.3,0,1.0,523.06,1.0,20.44
227,PAYMENT,225.58,C2701481,896.96,671.39,M8945429,26516.63,26742.21,0,0,138.9,117.0,1,0.0,0.00,1.0,20.74
539,DEBIT,429.42,C7761501,3228.93,2799.51,C4219143,8841.51,9270.93,0,0,238.5,137.8,1,0.0,0.00,1.0,3.10
562,TRANSFER,1126.31,C3235277,3100.85,1974.55,C3774998,13744.14,14870.45,0,0,59.6,113.3,1,1.0,866.32,1.0,8.42
307,PAYMENT,307.70,C2341391,1900.69,1592.99,M1629384,35280.91,35588.61,0,0,109.7,120.4,0,0.0,0.00,1.0,14.89
329,TRANSFER,583.42,C1981094,4754.20,4170.78,C8335657,37424.71,38008.13,0,0,91.5,358.3,0,1.0,1027.33,1.0,14.31
165,TRANSFER,212.51,C4056652,1800.97,1588.46,C4247294,12113.58,12326.09,0,0,334.8,114.3,0,1.0,299.92,1.0,20.14
158,PAYMENT,1852.91,C7471503,10142.12,8289.21,M3168343,19663.80,21516.71,0,0,44.3,104.9,0,0.0,0.00,1.0,20.61
661,DEBIT,4170.91,C4289467,17383.08,13212.17,C2178012,13712.94,17883.84,0,0,261.1,247.0,0,0.0,0.00,1.0,10.29
35,TRANSFER,111.42,C9107173,454.04,342.63,C3123975,18526.71,18638.13,0,0,152.9,161.0,0,0.0,0.00,1.0,10.94
394,DEBIT,466.31,C6655950,4385.67,3919.36,C6786985,24946.80,25413.11,0,0,276.5,62.2,0,0.0,0.00,1.0,16.73
28,DEBIT,621.51,C4969564,6208.92,5587.41,C9008014,30714.47,31335.98,0,0,289.0,207.3,0,0.0,0.00,1.0,2.17
612,DEBIT,1110.60,C7841960,9137.29,8026.69,C1730385,23100.48,24211.08,0,0,149.2,179.7,0,0.0,0.00,1.0,12.02
515,PAYMENT,3143.28,C5427401,17464.73,14321.45,M4666261,24766.30,27909.58,0,0,135.9,123.9,0,1.0,1342.17,1.0,2.63
346,CASH_IN,508.87,C9905609,3151.63,2642.76,C1977913,41846.99,42355.86,0,0,267.6,265.4,0,1.0,1272.01,1.0,8.02
522,PAYMENT,1465.68,C7934905,12078.01,10612.33,M9953416,42407.06,43872.74,0,0,135.5,332.3,0,1.0,1047.55,1.0,16.57
497,DEBIT,1842.59,C2153739,16701.48,14858.89,C4614954,15785.96,17628.55,0,0,291.7,45.8,0,0.0,0.00,1.0,7.89
532,TRANSFER,120277.82,C6660334,134862.69,0.00,C9449247,0.00,120277.82,1,0,326.5,1.5,1,1.0,120277.82,2.0,92.10
322,TRANSFER,277.21,C2938931,1728.28,1451.07,C2528199,14885.35,15162.56,0,0,172.5,327.5,0,0.0,0.00,1.0,3.11
183,TRANSFER,33966.06,C6664459,34359.70,0.00,C9543640,0.00,33966.06,1,0,198.7,1.0,1,1.0,33966.06,1.0,92.06
573,TRANSFER,922.34,C7038540,7922.89,7000.56,C2727290,34098.34,35020.68,0,0,98.9,346.1,0,0.0,0.00,1.0,14.34
536,PAYMENT,496.07,C9292042,4167.92,3671.85,M9219565,13309.11,13805.18,0,0,354.2,192.9,0,0.0,0.00,1.0,0.53
568,PAYMENT,1272.91,C4782419,9242.00,7969.09,M3117307,40742.25,42015.16,0,0,363.7,89.1,0,1.0,1094.47,1.0,2.73
675,TRANSFER,82755.04,C6054983,98718.80,0.00,C3381378,0.00,82755.04,1,0,2.5,6.8,1,10.0,206648.77,8.0,84.16
38,TRANSFER,3128.81,C7980515,16195.94,13067.12,C7982119,12726.43,15855.25,0,0,156.8,347.2,0,1.0,1343.33,1.0,4.28
449,DEBIT,137.65,C8569546,649.13,511.48,C2917674,41772.78,41910.43,0,0,107.6,105.1,0,0.0,0.00,1.0,15.09
495,PAYMENT,982.11,C8946647,6241.26,5259.15,M1347798,49704.48,50686.60,0,0,342.2,71.4,0,0.0,0.00,1.0,16.87
179,PAYMENT,673.23,C7908577,3979.32,3306.09,M1801377,40516.04,41189.27,0,0,253.3,170.3,0,0.0,0.00,1.0,2.35
135,TRANSFER,629.89,C3129169,4944.72,4314.83,C2699527,18640.01,19269.90,0,0,331.7,340.2,0,0.0,0.00,1.0,1.60
162,PAYMENT,721.65,C7669539,3597.73,2876.08,M8756328,24022.91,24744.56,0,0,211.1,102.1,0,0.0,0.00,1.0,16.89
399,CASH_IN,683.34,C2483297,5035.12,4351.78,C4706590,49151.06,49834.40,0,0,174.9,250.8,0,0.0,0.00,1.0,2.52
471,TRANSFER,1071.27,C9936975,10014.74,8943.47,C7568336,12369.19,13440.46,0,0,199.0,317.9,0,0.0,0.00,1.0,9.75
92,DEBIT,645.04,C2179113,1503.72,858.68,C2805062,23464.75,24109.79,0,0,316.7,209.9,0,0.0,0.00,1.0,2.82
158,PAYMENT,516.33,C2730130,2810.12,2293.80,M8164543,14542.54,15058.87,0,0,333.6,349.2,1,0.0,0.00,1.0,19.53
187,DEBIT,2335.35,C6412259,19437.41,17102.06,C3467209,13374.94,15710.29,0,0,232.7,112.4,1,0.0,0.00,1.0,16.34
116,TRANSFER,335.88,C5620798,889.36,553.48,C4618429,47195.54,47531.42,0,0,36.6,206.3,0,0.0,0.00,1.0,11.77
666,PAYMENT,291.75,C3302449,2537.23,2245.49,M1316051,20019.85,20311.59,0,0,128.3,194.3,0,1.0,488.66,1.0,8.44
88,PAYMENT,278.28,C2447030,1929.46,1651.18,M2898409,39166.97,39445.25,0,0,248.9,196.4,1,0.0,0.00,1.0,15.03
306,DEBIT,580.56,C1652317,5070.33,4489.77,C3048950,42434.20,43014.76,0,0,272.3,330.4,0,1.0,706.81,1.0,18.31
406,PAYMENT,519.35,C1890675,4608.24,4088.89,M6570246,15359.43,15878.78,0,0,244.8,92.0,0,0.0,0.00,1.0,13.43
398,DEBIT,446.07,C2431215,1155.53,709.47,C9446602,39063.83,39509.90,0,0,327.3,46.4,0,0.0,0.00,1.0,0.45
98,CASH_OUT,53267.18,C1510427,57967.72,0.00,C8890102,0.00,53267.18,1,0,6.0,7.0,1,16.0,173672.61,3.0,47.17
158,CASH_IN,245.07,C2451176,1919.03,1673.96,C7744175,41043.25,41288.32,0,0,266.1,314.7,0,1.0,719.56,1.0,1.97
471,TRANSFER,470.52,C3778104,1177.09,706.57,C5525873,11993.09,12463.61,0,0,79.6,94.9,1,0.0,0.00,1.0,11.34
500,CASH_IN,3347.54,C8489172,21599.95,18252.41,C8082021,19815.58,23163.13,0,0,95.3,39.0,0,0.0,0.00,1.0,9.70
687,DEBIT,402.13,C3605513,1446.54,1044.40,C7101745,36852.51,37254.64,0,0,342.0,232.4,0,0.0,0.00,1.0,19.30
209,CASH_IN,525.78,C5084124,1631.25,1105.46,C9645635,39782.09,40307.87,0,0,66.6,261.4,1,0.0,0.00,1.0,18.77
40,CASH_IN,1914.32,C4530503,17806.60,15892.28,C4168455,49210.84,51125.16,0,0,155.8,224.2,0,0.0,0.00,1.0,0.18
284,CASH_IN,2410.19,C2998923,13324.58,10914.39,C1844270,49332.77,51742.97,0,0,297.8,199.7,0,0.0,0.00,1.0,18.11
448,TRANSFER,78.83,C5649143,704.92,626.09,C8090134,14274.16,14352.99,0,0,44.9,59.8,0,0.0,0.00,1.0,5.48
434,TRANSFER,38187.62,C5320481,45672.23,0.00,C8951767,0.00,38187.62,1,0,1.3,3.2,1,13.0,184914.06,6.0,68.86
562,TRANSFER,309.77,C3118571,2492.62,2182.85,C6457264,16909.14,17218.91,0,0,177.4,300.7,0,0.0,0.00,1.0,5.86
237,CASH_IN,293.82,C5099097,2512.65,2218.82,C2981420,1320.10,1613.92,0,0,238.2,174.1,0,0.0,0.00,1.0,22.78
669,CASH_IN,925.19,C5269169,5819.37,4894.19,C1496889,24830.69,25755.88,0,0,249.9,183.1,0,0.0,0.00,1.0,1.67
352,TRANSFER,478.93,C8571042,4240.15,3761.22,C4567925,1641.55,2120.48,0,0,323.4,271.6,0,0.0,0.00,1.0,1.60
324,DEBIT,867.24,C5849623,1675.93,808.69,C3318513,37510.32,38377.56,0,0,173.4,35.3,0,0.0,0.00,1.0,13.81
404,DEBIT,720.32,C3681473,5648.47,4928.15,C2943322,44296.69,45017.01,0,0,261.0,124.2,0,0.0,0.00,1.0,22.20
392,CASH_IN,1056.39,C8159765,8581.86,7525.48,C3076716,12360.42,13416.80,0,0,69.1,107.1,0,0.0,0.00,1.0,17.95
289,TRANSFER,73400.84,C4983061,87472.01,0.00,C7390151,0.00,73400.84,1,0,4.8,2.1,1,10.0,317263.10,8.0,47.00
115,CASH_IN,627.43,C1925449,4908.98,4281.55,C5285203,26627.48,27254.91,0,0,203.7,338.5,1,0.0,0.00,1.0,16.90
104,TRANSFER,321.03,C1155731,2229.17,1908.14,C8992527,10156.60,10477.63,0,0,276.7,54.2,0,0.0,0.00,1.0,24.87
609,DEBIT,1386.89,C2156459,6201.18,4814.29,C2269245,28972.60,30359.49,0,0,85.8,303.8,0,0.0,0.00,1.0,19.71
206,DEBIT,2101.75,C8434114,19282.66,17180.91,C3989467,46102.69,48204.43,0,0,349.2,269.0,1,0.0,0.00,1.0,16.58
616,PAYMENT,2013.29,C2686592,6644.00,4630.70,M2080995,4591.07,6604.36,0,0,187.6,119.2,0,0.0,0.00,1.0,10.84
298,PAYMENT,2601.55,C1270954,25790.44,23188.89,M2192878,3795.48,6397.03,0,0,152.2,351.1,0,1.0,604.25,1.0,17.19
394,DEBIT,1428.39,C1335262,9187.44,7759.05,C6678207,38743.42,40171.80,0,0,293.4,175.9,0,0.0,0.00,1.0,0.79
301,DEBIT,871.61,C9449180,6037.63,5166.02,C7414746,26154.04,27025.65,0,0,79.5,343.6,0,0.0,0.00,1.0,13.82
315,TRANSFER,581.31,C1614025,2581.93,2000.61,C2527426,23435.86,24017.17,0,0,285.5,348.8,0,0.0,0.00,1.0,6.84
329,DEBIT,931.27,C7797196,3460.57,2529.30,C3217169,7761.22,8692.49,0,0,306.9,213.1,1,0.0,0.00,1.0,8.01
589,DEBIT,78.43,C6812555,337.79,259.36,C8707685,34333.89,34412.32,0,0,236.0,273.2,0,0.0,0.00,1.0,11.58
628,TRANSFER,120714.98,C2858697,139184.96,0.00,C3768988,0.00,120714.98,1,0,0.1,4.2,1,2.0,241429.97,1.0,11.24
537,PAYMENT,830.46,C2003832,6108.58,5278.12,M3655172,45498.85,46329.31,0,0,43.8,280.9,0,1.0,1272.47,1.0,5.12
714,CASH_IN,120.52,C3560879,477.69,357.17,C6596757,27758.85,27879.37,0,0,53.4,232.1,0,1.0,953.26,1.0,19.66
328,CASH_IN,791.74,C3946988,5383.95,4592.21,C7241863,6840.48,7632.22,0,0,39.6,70.3,0,0.0,0.00,1.0,10.37
443,CASH_OUT,134819.59,C6484485,153224.84,0.00,C1666634,0.00,134819.59,1,0,198.8,3.9,1,3.0,404458.77,4.0,72.41
542,TRANSFER,1822.30,C9964793,9069.24,7246.94,C3001311,4426.90,6249.21,0,0,92.0,250.8,1,0.0,0.00,1.0,0.85
248,TRANSFER,153.83,C8608910,1202.13,1048.30,C8467748,11929.40,12083.23,0,0,72.5,264.7,0,0.0,0.00,1.0,6.30
348,CASH_IN,292.64,C5864511,2330.46,2037.82,C5492747,23680.54,23973.18,0,0,358.4,184.1,0,0.0,0.00,1.0,22.09
85,CASH_IN,758.06,C9630852,7116.49,6358.43,C5757917,24641.45,25399.51,0,0,166.7,177.4,1,0.0,0.00,1.0,16.39
468,CASH_IN,129.16,C4688926,1003.45,874.29,C5641186,3685.33,3814.49,0,0,146.3,99.7,0,0.0,0.00,1.0,21.99
490,TRANSFER,727.92,C6016466,6794.62,6066.70,C5214884,24725.98,25453.90,0,0,52.2,316.4,0,0.0,0.00,1.0,14.99
709,DEBIT,1228.12,C4833828,6545.78,5317.66,C2952244,9126.13,10354.26,0,0,115.2,126.0,1,0.0,0.00,1.0,20.93
131,PAYMENT,1566.67,C4298344,2357.57,790.90,M7923182,21654.09,23220.76,0,0,338.1,317.3,0,0.0,0.00,1.0,17.24
384,CASH_OUT,192285.79,C2939430,193522.15,0.00,C6129845,0.00,192285.79,1,0,293.6,2.1,1,3.0,576857.37,1.0,89.44
708,PAYMENT,1480.70,C4615370,14065.38,12584.68,M6639752,8451.51,9932.21,0,0,238.1,224.7,0,0.0,0.00,1.0,10.12
163,TRANSFER,1172.22,C3606247,8150.76,6978.54,C7836786,20671.70,21843.92,0,0,231.4,316.5,0,0.0,0.00,1.0,20.25
137,PAYMENT,292.50,C2407602,2690.75,2398.25,M7804837,25060.46,25352.96,0,0,213.7,223.8,0,0.0,0.00,1.0,20.90
373,DEBIT,5659.43,C7529911,56537.91,50878.48,C3582031,11274.89,16934.31,0,0,51.3,253.0,0,0.0,0.00,1.0,20.99
285,TRANSFER,701.18,C7757189,2618.48,1917.30,C9941701,29163.99,29865.17,0,0,186.7,77.7,0,0.0,0.00,1.0,2.24
42,DEBIT,975.44,C7495629,5830.75,4855.31,C8739734,31987.46,32962.89,0,0,338.4,144.4,1,0.0,0.00,1.0,15.57
302,DEBIT,513.91,C7013437,1661.38,1147.47,C8495532,26474.23,26988.14,0,0,44.0,177.2,0,1.0,1469.55,1.0,7.49
181,TRANSFER,4238.48,C5040741,22202.73,17964.26,C9865419,49282.49,53520.97,0,0,66.2,143.9,0,0.0,0.00,1.0,0.20
663,DEBIT,305.13,C1339732,2528.59,2223.46,C3887650,13529.61,13834.75,0,0,140.4,150.5,0,0.0,0.00,1.0,16.18
470,CASH_OUT,16301.93,C2569587,18130.28,0.00,C5549524,0.00,16301.93,1,0,242.0,0.2,1,1.0,16301.93,1.0,93.72
410,CASH_OUT,152655.35,C7107158,165121.89,0.00,C7742566,0.00,152655.35,1,0,5.7,2.9,1,2.0,305310.71,2.0,27.68
587,TRANSFER,688.94,C4870822,2969.85,2280.91,C2698409,6448.58,7137.52,0,0,258.3,160.2,0,1.0,1091.04,1.0,9.94
392,DEBIT,1932.99,C1943369,10232.09,8299.10,C7834069,11470.60,13403.59,0,0,197.0,93.1,0,0.0,0.00,1.0,21.09
714,CASH_IN,743.80,C2008097,1249.45,505.65,C2593012,15886.44,16630.24,0,0,300.6,67.6,0,0.0,0.00,1.0,18.26
209,CASH_IN,152.95,C1090927,586.99,434.04,C1494414,3340.84,3493.79,0,0,336.1,61.4,0,0.0,0.00,1.0,18.27
657,CASH_IN,144.55,C1923496,243.51,98.96,C2398573,42454.73,42599.27,0,0,210.5,187.4,1,0.0,0.00,1.0,13.61
396,CASH_IN,369.24,C4443879,1949.51,1580.28,C1646174,22198.29,22567.53,0,0,251.9,59.4,0,0.0,0.00,1.0,9.77
345,DEBIT,1366.62,C5933429,12423.85,11057.24,C2607437,649.73,2016.35,0,0,115.2,94.0,0,0.0,0.00,1.0,1.86
440,DEBIT,267.99,C9076376,1653.70,1385.71,C2825113,7586.97,7854.97,0,0,201.3,143.2,0,0.0,0.00,1.0,14.60
591,CASH_IN,479.30,C9637134,3671.89,3192.59,C9578334,30011.40,30490.70,0,0,126.0,339.8,1,0.0,0.00,1.0,2.65
637,TRANSFER,877.12,C7944634,3554.35,2677.23,C4236996,23913.92,24791.04,0,0,224.6,269.9,0,0.0,0.00,1.0,12.55
532,PAYMENT,1648.22,C5338320,3116.28,1468.05,M7402683,17675.40,19323.63,0,0,232.3,281.5,0,1.0,956.52,1.0,15.00
284,PAYMENT,714.81,C3228967,3740.60,3025.79,M6493636,32236.07,32950.88,0,0,208.2,164.9,0,1.0,1242.56,1.0,10.34
475,DEBIT,592.59,C1412600,4971.48,4378.89,C1925179,35614.12,36206.71,0,0,254.1,47.6,0,0.0,0.00,1.0,14.47
635,TRANSFER,1231.69,C2604348,8164.84,6933.15,C1382966,12353.75,13585.44,0,0,137.6,291.9,0,0.0,0.00,1.0,9.10
638,PAYMENT,493.11,C1748817,2646.33,2153.22,M2590002,20755.12,21248.23,0,0,151.1,302.4,0,1.0,980.95,1.0,5.41
140,DEBIT,495.54,C6477276,4642.41,4146.86,C9366155,10147.28,10642.82,0,0,173.7,263.9,0,0.0,0.00,1.0,14.05
399,PAYMENT,736.39,C5583437,6894.18,6157.79,M1108466,47601.25,48337.63,0,0,96.7,150.8,0,0.0,0.00,1.0,10.14
636,DEBIT,105.26,C3093611,1025.96,920.70,C9736390,45304.52,45409.78,0,0,33.7,360.5,0,1.0,419.24,1.0,7.09
155,CASH_IN,719.81,C1543840,1557.91,838.10,C6524453,42504.48,43224.30,0,0,94.2,81.2,1,0.0,0.00,1.0,7.78
684,CASH_IN,1156.06,C5515902,5834.26,4678.19,C2382217,28634.91,29790.98,0,0,31.9,358.6,0,0.0,0.00,1.0,15.70
499,CASH_IN,798.99,C2650733,1707.95,908.96,C8640804,36516.06,37315.05,0,0,319.9,159.4,0,0.0,0.00,1.0,13.62
398,TRANSFER,30444.56,C5902703,33548.87,0.00,C3809928,0.00,30444.56,1,0,159.3,0.2,1,1.0,30444.56,1.0,87.69
664,DEBIT,462.08,C9729978,3572.59,3110.51,C2573266,18512.53,18974.61,0,0,59.7,205.9,0,0.0,0.00,1.0,21.20
281,PAYMENT,856.46,C5689462,4662.00,3805.54,M7607316,47134.16,47990.62,0,0,124.3,164.0,0,0.0,0.00,1.0,8.31
85,PAYMENT,248.00,C2798228,2183.91,1935.92,M8665498,18972.21,19220.20,0,0,94.2,197.1,0,2.0,517.96,1.0,1.35
572,PAYMENT,415.71,C2116906,2809.65,2393.94,M3321045,46340.86,46756.57,0,0,291.0,32.5,1,2.0,2308.27,1.0,15.67
91,CASH_IN,925.57,C5057933,9155.84,8230.27,C1795620,7614.85,8540.42,0,0,66.2,355.0,0,0.0,0.00,1.0,11.76
501,CASH_IN,1172.35,C4736374,5144.00,3971.65,C5277750,3655.10,4827.45,0,0,53.8,318.2,1,1.0,414.98,1.0,4.59
531,CASH_OUT,164333.44,C5603247,173704.47,0.00,C4015421,0.00,164333.44,1,0,345.7,1.9,1,2.0,328666.89,2.0,82.34
26,DEBIT,1123.48,C1317530,6651.70,5528.22,C5017504,42152.33,43275.81,0,0,324.5,125.1,0,0.0,0.00,1.0,16.64
593,DEBIT,167.29,C4177201,1176.33,1009.04,C8965836,5883.35,6050.64,0,0,202.4,69.0,0,0.0,0.00,1.0,7.46
497,TRANSFER,413.85,C2683771,1119.03,705.18,C7187804,7719.24,8133.09,0,0,306.8,363.9,1,0.0,0.00,1.0,1.61
115,PAYMENT,254.01,C2889800,999.79,745.78,M4969696,7075.40,7329.41,0,0,41.2,158.3,0,0.0,0.00,1.0,17.26
507,TRANSFER,45267.29,C3419743,49992.08,0.00,C3516726,0.00,45267.29,1,0,5.0,3.6,1,12.0,190229.45,7.0,62.19
322,PAYMENT,1850.73,C3958307,12441.13,10590.40,M6862014,18748.53,20599.26,0,0,327.7,327.3,0,1.0,1053.70,1.0,17.29
573,PAYMENT,439.69,C4022230,711.02,271.33,M5108925,12489.88,12929.57,0,0,237.3,55.9,1,0.0,0.00,1.0,10.73
257,TRANSFER,812.53,C8621975,6815.17,6002.64,C5773970,18954.10,19766.63,0,0,116.0,175.7,0,0.0,0.00,1.0,16.39
146,CASH_OUT,49340.95,C6691829,49556.39,0.00,C5636199,0.00,49340.95,1,0,3.0,1.3,1,13.0,421547.10,4.0,81.43
548,TRANSFER,2105.37,C1874370,10697.12,8591.75,C8045384,5104.34,7209.71,0,0,40.1,88.8,0,1.0,880.00,1.0,24.22
621,DEBIT,959.93,C3224093,1621.60,661.67,C7874595,30108.50,31068.44,0,0,259.1,194.0,0,1.0,213.89,1.0,21.97
660,TRANSFER,388.29,C3425678,3181.75,2793.46,C9362462,31654.52,32042.81,0,0,271.7,202.8,0,0.0,0.00,1.0,5.57
710,DEBIT,1786.55,C9638580,3322.88,1536.33,C5922889,22302.39,24088.95,0,0,149.9,69.0,1,0.0,0.00,1.0,11.32
396,PAYMENT,1609.07,C2710638,7013.02,5403.95,M1146074,49383.61,50992.68,0,0,309.7,330.1,0,1.0,559.84,1.0,16.46
82,TRANSFER,1355.94,C1028348,11745.96,10390.01,C5318186,16262.67,17618.62,0,0,107.8,81.0,0,1.0,1431.64,1.0,4.13
139,DEBIT,471.05,C2867377,2607.97,2136.91,C1465493,6632.97,7104.03,0,0,129.5,139.1,0,0.0,0.00,1.0,1.52
544,DEBIT,172.94,C1412716,650.15,477.21,C1816315,25252.79,25425.73,0,0,273.6,172.6,1,1.0,1480.04,1.0,15.86
394,TRANSFER,833.25,C9882944,7837.42,7004.18,C9740215,25170.41,26003.65,0,0,230.0,301.1,0,1.0,1469.48,1.0,9.77
712,TRANSFER,112.45,C2469939,650.91,538.46,C5034270,42990.59,43103.03,0,0,292.6,305.4,0,0.0,0.00,1.0,17.52
105,TRANSFER,974.48,C3962754,8547.73,7573.24,C5776509,19555.48,20529.97,0,0,301.5,308.0,0,0.0,0.00,1.0,10.02
666,DEBIT,460.96,C2797860,1422.11,961.15,C1279626,15139.89,15600.85,0,0,227.1,30.8,0,0.0,0.00,1.0,20.41
308,TRANSFER,1170.82,C5161139,3748.45,2577.63,C2631892,34033.74,35204.56,0,0,185.3,261.2,0,0.0,0.00,1.0,15.47
370,CASH_IN,511.21,C4604616,1911.70,1400.49,C4139745,17825.37,18336.58,0,0,114.4,105.1,0,0.0,0.00,1.0,8.49
218,CASH_IN,1593.90,C1909305,8711.18,7117.28,C8673603,18128.82,19722.71,0,0,37.5,240.6,0,0.0,0.00,1.0,2.03
63,CASH_IN,74.71,C4862845,247.84,173.14,C4083852,45014.55,45089.26,0,0,342.2,258.4,0,0.0,0.00,1.0,12.18
542,PAYMENT,1549.59,C9572851,8839.00,7289.41,M3146197,6284.51,7834.09,0,0,126.9,40.6,0,0.0,0.00,1.0,9.17
501,CASH_IN,175.19,C9158455,457.50,282.31,C9432164,40366.52,40541.71,0,0,336.8,322.9,0,1.0,347.99,1.0,18.94
174,CASH_IN,992.05,C7166139,7478.13,6486.08,C9935270,35707.97,36700.02,0,0,290.9,270.2,0,0.0,0.00,1.0,22.57
371,TRANSFER,1977.34,C8428655,5703.21,3725.87,C5799247,26006.45,27983.79,0,0,320.2,151.5,0,0.0,0.00,1.0,0.60
570,PAYMENT,220.12,C1661029,1477.31,1257.19,M9349014,804.82,1024.94,0,0,168.7,221.1,1,0.0,0.00,1.0,14.18
446,TRANSFER,33370.10,C9502995,33634.13,0.00,C1974244,0.00,33370.10,1,0,132.6,1.9,1,1.0,33370.10,1.0,76.89
562,PAYMENT,1483.51,C4170601,5679.18,4195.67,M3514193,1737.22,3220.73,0,0,283.3,225.5,1,0.0,0.00,1.0,13.73
211,PAYMENT,776.74,C9821955,3664.88,2888.14,M4051069,19319.87,20096.61,0,0,323.7,54.0,0,0.0,0.00,1.0,11.26
251,TRANSFER,178.45,C3033567,403.79,225.34,C2819028,1357.73,1536.18,0,0,109.3,317.7,0,0.0,0.00,1.0,3.97
233,DEBIT,172.00,C1404219,1706.53,1534.53,C5537973,46433.46,46605.45,0,0,304.9,51.2,0,0.0,0.00,1.0,19.76
591,CASH_IN,1481.16,C1612036,6182.28,4701.12,C7882809,38719.58,40200.74,0,0,145.9,135.9,0,0.0,0.00,1.0,7.73
537,DEBIT,97.48,C2096509,888.25,790.76,C7901879,21774.03,21871.51,0,0,235.4,186.0,0,1.0,343.45,1.0,1.87
523,DEBIT,1696.36,C5435363,6992.22,5295.86,C1849073,46469.19,48165.54,0,0,43.3,58.0,0,1.0,322.24,1.0,10.50
669,DEBIT,239.34,C3489095,1925.69,1686.35,C6906066,4754.22,4993.56,0,0,312.6,307.6,0,0.0,0.00,1.0,19.97
109,PAYMENT,1327.48,C8225659,10681.68,9354.20,M6421691,39981.22,41308.70,0,0,105.5,98.5,0,0.0,0.00,1.0,4.79
398,CASH_OUT,29494.93,C7767665,30072.34,0.00,C3483314,0.00,29494.93,1,0,107.8,1.5,1,1.0,29494.93,1.0,93.46
707,TRANSFER,129346.54,C6933075,130444.89,0.00,C5033944,0.00,129346.54,1,0,213.3,0.9,1,2.0,258693.07,1.0,77.13
355,TRANSFER,502.70,C1434482,2432.17,1929.47,C8914704,21312.62,21815.32,0,0,201.3,96.2,1,0.0,0.00,1.0,14.34
161,TRANSFER,2031.47,C7812753,18479.95,16448.48,C3950269,21355.95,23387.43,0,0,114.7,206.1,0,1.0,1362.64,1.0,18.98
542,CASH_IN,423.29,C4370226,2137.94,1714.66,C5524113,12942.88,13366.16,0,0,142.7,360.9,1,0.0,0.00,1.0,8.10
58,PAYMENT,2138.31,C5960964,9604.01,7465.70,M4720673,28332.93,30471.24,0,0,325.5,249.1,1,0.0,0.00,1.0,9.71
373,DEBIT,1170.56,C1068258,4310.15,3139.59,C8062497,48491.60,49662.16,0,0,75.5,49.0,0,0.0,0.00,1.0,17.00
361,CASH_OUT,61180.11,C2494130,71435.57,0.00,C2278935,0.00,61180.11,1,0,3.3,2.5,1,8.0,581597.69,6.0,83.04
668,CASH_IN,803.27,C3729962,2365.47,1562.20,C6257458,40929.54,41732.81,0,0,332.9,239.9,0,0.0,0.00,1.0,0.25
261,TRANSFER,610.57,C4179255,5740.33,5129.76,C6074761,5847.78,6458.35,0,0,342.5,105.8,0,1.0,1448.29,1.0,3.20
291,CASH_OUT,229010.80,C4032413,231706.19,0.00,C6380703,0.00,229010.80,1,1,287.3,2.5,1,2.0,458021.60,2.0,76.80
153,DEBIT,3358.45,C3653960,6965.37,3606.92,C3327014,25660.92,29019.37,0,0,105.5,320.1,0,1.0,250.95,1.0,22.88
87,CASH_IN,690.37,C3351132,1731.97,1041.60,C9052556,46858.87,47549.24,0,0,153.2,103.4,0,1.0,354.58,1.0,2.15
206,PAYMENT,242.74,C4001035,1031.08,788.35,M7462560,29422.99,29665.72,0,0,146.7,225.3,0,2.0,1742.61,1.0,9.63
369,TRANSFER,737.51,C7493759,2086.02,1348.51,C9997887,5297.16,6034.67,0,0,358.8,362.6,0,0.0,0.00,1.0,8.20
564,TRANSFER,220205.02,C3314720,258632.20,0.00,C5341383,0.00,220205.02,1,1,5.0,0.9,1,1.0,220205.02,4.0,28.77
571,DEBIT,1145.91,C6260284,2573.67,1427.75,C9366688,5789.56,6935.47,0,0,211.3,312.5,0,0.0,0.00,1.0,10.46
477,DEBIT,2737.01,C7145253,11427.27,8690.27,C5072051,17822.73,20559.73,0,0,122.9,38.4,0,0.0,0.00,1.0,0.10
538,TRANSFER,672.05,C8730696,2093.70,1421.65,C3279768,44928.93,45600.98,0,0,346.4,269.5,1,0.0,0.00,1.0,23.67
344,CASH_IN,970.65,C2048491,2010.04,1039.39,C6883573,2033.69,3004.34,0,0,347.8,45.0,0,0.0,0.00,1.0,15.97
92,TRANSFER,1279.95,C8191940,9051.08,7771.12,C9548661,4791.66,6071.61,0,0,329.6,325.5,0,0.0,0.00,1.0,23.06
644,CASH_IN,950.33,C8654926,8503.85,7553.51,C3881448,6909.88,7860.21,0,0,236.2,195.0,0,0.0,0.00,1.0,4.97
686,TRANSFER,365.10,C8521325,2214.69,1849.59,C1545676,14913.74,15278.84,0,0,69.6,63.4,1,0.0,0.00,1.0,19.64
348,TRANSFER,7680.10,C2693178,28137.36,20457.25,C2772635,19357.47,27037.58,0,0,35.5,98.8,0,0.0,0.00,1.0,16.01
519,TRANSFER,20629.23,C3968054,23215.94,0.00,C4493384,0.00,20629.23,1,0,224.1,0.7,1,1.0,20629.23,1.0,66.49
201,TRANSFER,859.96,C1151487,5192.62,4332.66,C4409811,38615.84,39475.80,0,0,271.7,187.5,0,0.0,0.00,1.0,20.39
230,CASH_IN,950.28,C2106202,9229.80,8279.52,C9188177,26146.81,27097.09,0,0,197.9,103.7,0,0.0,0.00,1.0,6.16
663,CASH_OUT,21298.15,C7398692,21548.27,0.00,C4861889,0.00,21298.15,1,0,121.3,1.6,1,1.0,21298.15,1.0,77.53
704,CASH_IN,119.16,C1169689,1178.14,1058.98,C1835068,22972.98,23092.14,0,0,310.7,212.5,0,0.0,0.00,1.0,6.60
324,CASH_IN,1412.03,C1268302,3637.10,2225.07,C5569092,37600.83,39012.86,0,0,76.3,169.8,1,1.0,1372.46,1.0,1.22
91,CASH_IN,724.25,C9339317,6438.25,5714.01,C6511953,31484.51,32208.75,0,0,108.6,206.5,0,0.0,0.00,1.0,16.91
331,DEBIT,788.89,C1403777,6832.46,6043.57,C1327871,43465.78,44254.67,0,0,228.8,37.3,0,0.0,0.00,1.0,2.51
93,CASH_IN,500.42,C7754853,1670.56,1170.14,C6835578,43031.26,43531.68,0,0,57.5,257.1,0,0.0,0.00,1.0,13.33
374,TRANSFER,971.04,C7340882,3009.15,2038.11,C7333998,17017.28,17988.32,0,0,254.0,192.6,1,0.0,0.00,1.0,1.57
226,PAYMENT,551.59,C7401962,1266.16,714.56,M7877892,44412.64,44964.23,0,0,362.3,177.3,0,1.0,1059.94,1.0,4.09
80,PAYMENT,700.53,C2484590,2791.35,2090.82,M7373659,48606.30,49306.83,0,0,147.8,264.9,0,0.0,0.00,1.0,18.70
440,CASH_IN,337.24,C7247028,1387.69,1050.45,C1355712,15026.34,15363.58,0,0,62.9,130.8,0,0.0,0.00,1.0,8.40
91,CASH_IN,1906.61,C9599971,3559.61,1653.01,C7565455,342.38,2248.99,0,0,352.8,83.7,1,1.0,980.74,1.0,2.77
715,DEBIT,886.10,C3160972,7027.02,6140.92,C5374406,23634.85,24520.95,0,0,78.8,257.0,0,0.0,0.00,1.0,7.62
641,TRANSFER,1776.12,C6041682,7565.31,5789.20,C4880358,26133.54,27909.65,0,0,199.5,154.8,0,0.0,0.00,1.0,6.31
237,CASH_IN,1469.40,C8439192,13421.53,11952.13,C1708689,49750.97,51220.37,0,0,66.9,76.7,0,0.0,0.00,1.0,23.93
302,TRANSFER,216.13,C2330907,656.18,440.05,C3587256,17670.81,17886.95,0,0,255.3,153.1,0,0.0,0.00,1.0,23.63
203,PAYMENT,250.29,C6539175,2001.01,1750.72,M9273209,24864.81,25115.10,0,0,306.2,279.0,0,1.0,322.11,1.0,5.06
613,TRANSFER,14947.61,C1239149,15147.84,0.00,C4629461,0.00,14947.61,1,0,179.9,1.0,1,1.0,14947.61,1.0,76.94
539,PAYMENT,514.16,C3982729,1919.46,1405.30,M2880636,49302.88,49817.04,0,0,44.2,361.3,0,0.0,0.00,1.0,22.01
116,PAYMENT,1947.96,C8489319,12420.07,10472.12,M6223944,24950.11,26898.07,0,0,214.9,71.1,0,0.0,0.00,1.0,14.54
128,TRANSFER,221.09,C7624050,1885.34,1664.25,C4855533,7015.17,7236.26,0,0,152.3,212.4,0,0.0,0.00,1.0,22.98
81,CASH_IN,248.00,C6000358,2202.22,1954.22,C6109709,18541.62,18789.62,0,0,130.4,84.3,1,0.0,0.00,1.0,13.28
466,PAYMENT,917.82,C5652638,2705.47,1787.65,M7550927,3549.99,4467.82,0,0,47.3,57.9,0,0.0,0.00,1.0,21.65
682,TRANSFER,1455.90,C9914442,11140.34,9684.43,C8762929,3413.27,4869.18,0,0,256.2,175.6,0,0.0,0.00,1.0,21.49
515,DEBIT,537.49,C8994814,1212.52,675.03,C1506599,1285.45,1822.94,0,0,325.5,271.0,0,1.0,1397.78,1.0,24.50
392,DEBIT,485.89,C7911305,1698.18,1212.29,C4836197,27458.84,27944.73,0,0,34.7,354.2,0,0.0,0.00,1.0,3.94
225,DEBIT,650.47,C9003621,3678.83,3028.36,C9901826,25082.98,25733.45,0,0,99.0,282.5,0,0.0,0.00,1.0,24.00
309,PAYMENT,949.33,C3614943,8127.23,7177.90,M5298838,2682.31,3631.65,0,0,125.1,57.5,1,1.0,397.53,1.0,20.60
75,CASH_OUT,67530.66,C9267663,76515.13,0.00,C7166930,0.00,67530.66,1,0,5.8,6.6,1,14.0,508494.68,3.0,67.70
570,TRANSFER,4224.68,C4148563,21367.93,17143.25,C5692988,18392.40,22617.07,0,0,172.2,63.9,1,1.0,1322.33,1.0,11.43
202,TRANSFER,104.89,C7892028,448.79,343.90,C3257675,15343.48,15448.37,0,0,165.0,113.7,0,2.0,1723.94,1.0,11.74
639,TRANSFER,243.74,C2907818,676.26,432.52,C6419073,43618.00,43861.75,0,0,249.1,191.3,0,0.0,0.00,1.0,21.64
428,PAYMENT,1226.86,C1880502,9076.06,7849.20,M3137820,42398.56,43625.42,0,0,313.0,40.7,0,1.0,654.97,1.0,10.25
324,PAYMENT,816.51,C3659389,1284.58,468.06,M7860261,2457.79,3274.31,0,0,316.6,252.3,0,0.0,0.00,1.0,13.04
165,DEBIT,67.67,C1959869,127.33,59.65,C1646759,37428.74,37496.41,0,0,155.8,103.2,0,2.0,1310.51,1.0,8.68
600,CASH_OUT,238163.37,C8598927,274177.25,0.00,C4232839,0.00,238163.37,1,1,288.6,2.5,1,2.0,476326.73,2.0,98.80
411,PAYMENT,895.46,C9740286,5873.44,4977.97,M3318556,49563.11,50458.57,0,0,107.4,335.2,0,0.0,0.00,1.0,12.32
300,PAYMENT,1106.83,C6506602,2826.15,1719.32,M6368005,27807.26,28914.09,0,0,284.4,318.1,1,0.0,0.00,1.0,16.72
184,DEBIT,528.05,C4508721,4172.20,3644.15,C8251953,44637.82,45165.87,0,0,34.1,121.6,1,0.0,0.00,1.0,17.99
167,TRANSFER,266546.59,C7715942,296180.04,0.00,C3676707,0.00,266546.59,1,1,0.3,0.1,1,4.0,1066186.37,2.0,11.73
645,TRANSFER,1549.18,C9177621,14595.67,13046.49,C9771312,34126.61,35675.79,0,0,229.1,324.2,0,0.0,0.00,1.0,12.04
380,TRANSFER,141.59,C4136301,859.19,717.60,C1965583,24407.06,24548.65,0,0,276.9,231.3,0,0.0,0.00,1.0,14.13
299,PAYMENT,1673.99,C8656690,10018.66,8344.67,M9383156,3461.98,5135.96,0,0,359.5,134.6,0,0.0,0.00,1.0,11.21
555,TRANSFER,94771.80,C7760227,98524.40,0.00,C7887890,0.00,94771.80,1,0,224.4,1.2,1,1.0,94771.80,2.0,88.21
621,PAYMENT,841.72,C1954343,7703.74,6862.01,M1617587,36312.48,37154.20,0,0,275.8,281.2,0,0.0,0.00,1.0,19.43
67,CASH_IN,636.21,C1532171,4370.02,3733.81,C8453779,37891.74,38527.95,0,0,30.6,141.4,0,0.0,0.00,1.0,0.03
637,CASH_IN,424.94,C9295381,2754.64,2329.71,C7275462,16190.92,16615.86,0,0,32.0,55.1,0,0.0,0.00,1.0,16.39
159,DEBIT,676.03,C4713871,4390.12,3714.09,C4934151,33250.81,33926.84,0,0,362.4,210.7,0,1.0,380.77,1.0,7.19
501,DEBIT,762.75,C1057588,7612.34,6849.59,C2821647,8103.43,8866.17,0,0,136.7,305.5,1,0.0,0.00,1.0,7.81
516,CASH_IN,298.36,C1522867,1668.32,1369.97,C1441666,28621.33,28919.69,0,0,291.4,261.3,0,0.0,0.00,1.0,2.33
348,TRANSFER,406.17,C4107512,2621.97,2215.80,C6916004,29301.05,29707.22,0,0,80.3,308.3,1,0.0,0.00,1.0,16.63
457,CASH_OUT,37625.07,C3569229,42452.72,0.00,C8112187,0.00,37625.07,1,0,3.4,1.3,1,8.0,443043.23,5.0,78.35
590,CASH_IN,1191.13,C7999268,7228.73,6037.60,C1910740,30349.20,31540.33,0,0,314.3,248.6,0,0.0,0.00,1.0,7.20
104,TRANSFER,191.74,C5993503,1147.18,955.44,C7111463,43662.06,43853.80,0,0,89.5,356.4,0,0.0,0.00,1.0,16.70
257,PAYMENT,552.23,C1134947,3608.48,3056.25,M7606148,11164.73,11716.96,0,0,130.6,104.0,1,0.0,0.00,1.0,13.13
662,DEBIT,5797.43,C3662987,37940.61,32143.17,C4047322,29608.99,35406.43,0,0,229.1,164.0,0,0.0,0.00,1.0,20.99
532,TRANSFER,748.38,C4329634,6619.37,5870.99,C5677782,36193.68,36942.07,0,0,164.5,186.8,0,0.0,0.00,1.0,22.79
204,TRANSFER,1263.07,C4382185,2435.49,1172.42,C2737226,7236.07,8499.14,0,0,124.2,242.7,1,0.0,0.00,1.0,24.44
132,TRANSFER,230.58,C9871286,2196.32,1965.74,C3113561,25307.15,25537.73,0,0,106.3,282.3,0,0.0,0.00,1.0,17.72
681,PAYMENT,965.21,C8698742,4223.36,3258.15,M4450084,40804.96,41770.17,0,0,281.6,223.4,0,1.0,1471.75,1.0,4.90
613,CASH_OUT,13663.23,C6161339,15856.74,0.00,C1997386,0.00,13663.23,1,0,205.1,1.8,1,1.0,13663.23,1.0,80.39
664,CASH_IN,789.30,C2732445,7618.54,6829.24,C1458496,20166.69,20955.99,0,0,125.7,133.4,0,1.0,1489.08,1.0,8.93
704,DEBIT,2629.95,C9923264,23698.88,21068.94,C5970277,26154.86,28784.81,0,0,183.4,313.7,1,2.0,1910.17,1.0,9.87
466,PAYMENT,1031.28,C2780812,8730.10,7698.82,M1304900,24980.14,26011.42,0,0,149.7,166.0,0,0.0,0.00,1.0,17.33
476,CASH_IN,6714.78,C7446619,64322.36,57607.58,C3494782,41474.61,48189.39,0,0,67.7,66.2,1,0.0,0.00,1.0,6.11
614,PAYMENT,1474.08,C1505425,13993.44,12519.36,M5791737,46859.43,48333.51,0,0,328.5,285.7,0,0.0,0.00,1.0,5.04
570,CASH_IN,1067.85,C8849077,5800.66,4732.81,C2075035,21046.29,22114.14,0,0,203.5,52.3,0,1.0,542.74,1.0,21.37
209,PAYMENT,273.20,C4241644,950.24,677.05,M2312490,41848.37,42121.57,0,0,84.3,141.3,0,0.0,0.00,1.0,4.83
38,PAYMENT,1046.35,C4163310,6448.89,5402.54,M2468859,10835.05,11881.40,0,0,119.8,238.9,0,0.0,0.00,1.0,4.75
305,CASH_IN,279.08,C3626311,1291.79,1012.72,C9209847,31345.35,31624.43,0,0,156.9,242.0,0,0.0,0.00,1.0,21.01
326,TRANSFER,46629.24,C1445872,55147.78,0.00,C9122408,0.00,46629.24,1,0,183.5,0.5,1,1.0,46629.24,4.0,83.93
674,CASH_OUT,88482.34,C5844167,99653.88,0.00,C6581319,0.00,88482.34,1,0,3.8,0.8,1,16.0,209945.78,5.0,81.72
441,CASH_IN,141.39,C1317537,1041.93,900.54,C9622832,922.46,1063.85,0,0,357.1,40.6,0,0.0,0.00,1.0,20.60
666,CASH_IN,1871.72,C3968737,15240.40,13368.68,C1111574,18926.36,20798.08,0,0,153.0,153.2,0,2.0,1771.06,1.0,10.03
585,CASH_IN,197.34,C5676226,1146.75,949.41,C4057453,21905.77,22103.10,0,0,182.3,173.9,0,0.0,0.00,1.0,7.67
616,PAYMENT,571.94,C1419626,3422.57,2850.63,M9729385,18826.38,19398.32,0,0,37.9,78.5,0,0.0,0.00,1.0,2.56
324,PAYMENT,2451.52,C5951220,10338.46,7886.94,M5889782,14768.63,17220.15,0,0,326.8,312.4,0,0.0,0.00,1.0,13.88
192,TRANSFER,87916.28,C7824861,99235.33,0.00,C9550014,0.00,87916.28,1,0,304.1,2.7,1,1.0,87916.28,4.0,75.61
258,TRANSFER,1922.04,C3144748,14201.13,12279.09,C3361495,1349.51,3271.55,0,0,112.7,161.3,0,0.0,0.00,1.0,6.41
213,TRANSFER,723.91,C6536799,1276.58,552.67,C7104794,30921.71,31645.61,0,0,54.1,228.4,0,0.0,0.00,1.0,14.88
107,CASH_IN,665.76,C3908124,3921.91,3256.15,C4564586,30236.84,30902.60,0,0,120.8,241.7,1,1.0,983.88,1.0,11.71
356,PAYMENT,666.33,C1723525,1565.60,899.27,M9959996,32784.30,33450.62,0,0,350.4,141.9,0,0.0,0.00,1.0,15.38
283,PAYMENT,214.67,C5280703,1339.45,1124.78,M8440972,37575.34,37790.01,0,0,196.5,302.4,1,0.0,0.00,1.0,4.79
284,CASH_IN,154.36,C8209489,1044.89,890.54,C8730695,34866.57,35020.93,0,0,176.2,261.1,0,0.0,0.00,1.0,6.51
661,PAYMENT,445.78,C3582907,4178.10,3732.32,M8525796,1398.27,1844.05,0,0,345.1,255.2,0,2.0,1258.01,1.0,13.46
281,PAYMENT,95.29,C6417974,300.56,205.28,M5007309,294.32,389.60,0,0,136.0,164.4,0,0.0,0.00,1.0,24.67
643,TRANSFER,153.76,C1784498,447.60,293.83,C4621337,22609.40,22763.16,0,0,211.9,334.5,0,0.0,0.00,1.0,24.21
610,DEBIT,1629.65,C8767604,14816.10,13186.45,C2119693,32663.11,34292.75,0,0,183.3,268.5,0,1.0,1341.59,1.0,12.57
587,TRANSFER,1550.18,C4332055,14359.62,12809.44,C4661702,4527.85,6078.03,0,0,54.0,42.2,0,0.0,0.00,1.0,2.77
674,CASH_OUT,170412.89,C4926616,202814.00,0.00,C4700828,0.00,170412.89,1,0,353.6,3.6,1,3.0,511238.67,1.0,89.92
619,CASH_IN,2146.20,C5415309,11551.58,9405.38,C1284231,37697.68,39843.88,0,0,32.6,141.6,0,0.0,0.00,1.0,1.57
88,PAYMENT,2966.96,C8079381,19940.05,16973.08,M6994470,11704.36,14671.32,0,0,31.2,124.6,0,0.0,0.00,1.0,11.76
56,TRANSFER,344.95,C5752057,3117.18,2772.22,C5435539,40981.04,41326.00,0,0,58.9,192.0,1,1.0,551.11,1.0,13.08
256,DEBIT,2205.37,C3697803,8390.72,6185.35,C2777338,24763.56,26968.93,0,0,31.3,56.5,0,0.0,0.00,1.0,21.44
279,DEBIT,6113.95,C4159002,51944.58,45830.63,C8897291,45117.27,51231.22,0,0,146.0,299.1,0,0.0,0.00,1.0,21.80
665,DEBIT,981.63,C9105579,3377.64,2396.01,C6140918,46598.03,47579.66,0,0,245.2,195.4,0,0.0,0.00,1.0,0.96
136,TRANSFER,876.18,C1537748,5487.68,4611.50,C3596976,17195.86,18072.04,0,0,106.7,343.5,0,0.0,0.00,1.0,17.57
489,PAYMENT,156.18,C8499737,343.70,187.52,M8989854,24878.59,25034.77,0,0,51.7,302.4,0,0.0,0.00,1.0,12.64
395,CASH_IN,1679.71,C3173972,9957.82,8278.11,C5179614,21486.79,23166.50,0,0,83.7,253.1,0,0.0,0.00,1.0,8.41
442,PAYMENT,987.78,C7418563,8391.14,7403.36,M7449604,9999.31,10987.09,0,0,100.1,269.6,0,0.0,0.00,1.0,9.83
596,DEBIT,1056.81,C3383339,6749.23,5692.41,C3619452,43160.03,44216.84,0,0,234.9,235.1,0,0.0,0.00,1.0,1.90
617,DEBIT,1537.81,C1044945,11841.10,10303.29,C6981216,39957.62,41495.42,0,0,357.8,151.2,0,0.0,0.00,1.0,6.46
131,DEBIT,830.16,C3106764,8252.91,7422.75,C8325240,21066.13,21896.29,0,0,256.1,195.2,0,1.0,590.01,1.0,5.20
309,CASH_IN,536.47,C2878241,2869.78,2333.32,C4549832,46354.76,46891.22,0,0,242.2,215.1,0,0.0,0.00,1.0,2.22
301,CASH_IN,819.86,C3834468,1968.07,1148.22,C8566264,11366.18,12186.04,0,0,349.3,264.8,0,0.0,0.00,1.0,18.02
496,TRANSFER,439.96,C2648745,2133.68,1693.72,C5424492,12374.45,12814.41,0,0,332.5,204.8,0,0.0,0.00,1.0,19.34
427,DEBIT,1038.08,C7651912,9455.73,8417.65,C6173386,3598.71,4636.79,0,0,202.9,101.8,0,1.0,270.74,1.0,0.00
290,TRANSFER,85754.51,C6102562,96290.00,0.00,C5025480,0.00,85754.51,1,0,3.6,3.6,1,11.0,515729.21,4.0,73.58
226,TRANSFER,137.14,C3038932,755.76,618.63,C5508848,29141.76,29278.89,0,0,338.6,116.0,0,0.0,0.00,1.0,20.12
108,TRANSFER,371.80,C1593548,3142.29,2770.49,C4072406,37307.83,37679.63,0,0,289.5,105.9,0,0.0,0.00,1.0,6.01
467,DEBIT,242.76,C1777424,2125.64,1882.88,C6244141,7759.26,8002.02,0,0,137.8,333.6,0,0.0,0.00,1.0,3.03
496,TRANSFER,345.10,C7680855,2685.89,2340.79,C7042631,12015.39,12360.49,0,0,174.1,96.0,0,0.0,0.00,1.0,12.84
130,TRANSFER,351.86,C4497839,2056.51,1704.65,C4431767,47437.46,47789.32,0,0,186.3,167.8,1,0.0,0.00,1.0,13.78
66,DEBIT,1179.41,C2612096,11663.17,10483.77,C2492794,43755.06,44934.46,0,0,240.9,48.6,0,0.0,0.00,1.0,0.13
584,DEBIT,1224.18,C9423859,2170.81,946.62,C8836599,19725.76,20949.95,0,0,59.6,35.7,0,0.0,0.00,1.0,5.42
620,CASH_IN,48.28,C7574871,291.05,242.77,C8310671,19454.41,19502.70,0,0,178.8,64.0,1,0.0,0.00,1.0,9.00
410,CASH_OUT,225726.55,C5569525,246872.85,0.00,C9032358,0.00,225726.55,1,1,3.5,2.2,1,5.0,1128632.73,1.0,15.01
259,PAYMENT,338.57,C8210077,998.22,659.65,M9747948,32175.91,32514.48,0,0,131.4,178.7,0,0.0,0.00,1.0,0.87
85,PAYMENT,652.98,C1267646,2365.23,1712.25,M8745071,7060.99,7713.97,0,0,180.6,231.6,0,1.0,621.63,1.0,9.44
680,PAYMENT,175.50,C4637381,1013.85,838.35,M1109268,49544.54,49720.03,0,0,355.2,147.3,1,1.0,979.75,1.0,20.43
320,CASH_IN,563.77,C3265368,3300.56,2736.79,C4197533,40391.62,40955.39,0,0,138.1,76.7,0,0.0,0.00,1.0,1.61
488,TRANSFER,76.39,C8586379,223.64,147.25,C8062379,37066.68,37143.07,0,0,66.5,173.8,0,0.0,0.00,1.0,5.04
226,PAYMENT,227.81,C9089447,1103.61,875.80,M1024365,44655.96,44883.77,0,0,224.8,319.0,0,0.0,0.00,1.0,9.12
512,TRANSFER,2398.57,C5970012,14913.97,12515.40,C3448406,16771.28,19169.85,0,0,305.8,57.8,0,1.0,495.18,1.0,8.68
452,TRANSFER,969.52,C3312053,2950.19,1980.67,C7360262,26528.30,27497.82,0,0,117.6,343.2,0,0.0,0.00,1.0,5.82
92,CASH_IN,2530.34,C5802081,5798.09,3267.75,C2574800,42235.99,44766.33,0,0,159.7,333.7,1,0.0,0.00,1.0,11.24
182,CASH_OUT,13236.32,C5264495,14190.83,0.00,C8044851,0.00,13236.32,1,0,203.9,0.4,1,1.0,13236.32,1.0,72.43
161,PAYMENT,925.14,C9910305,2855.56,1930.42,M1296424,24901.59,25826.73,0,0,190.3,79.4,0,0.0,0.00,1.0,13.76
684,PAYMENT,535.95,C1975183,4102.21,3566.26,M1727068,41885.44,42421.38,0,0,260.2,216.7,0,0.0,0.00,1.0,8.97
425,DEBIT,323.87,C5578016,2681.26,2357.39,C7285856,43497.25,43821.11,0,0,189.0,260.8,0,0.0,0.00,1.0,19.25
389,CASH_IN,1316.35,C7759892,7849.77,6533.42,C9271986,32674.08,33990.43,0,0,347.2,237.6,0,0.0,0.00,1.0,11.51
444,PAYMENT,384.67,C6321718,1609.44,1224.78,M9503245,3715.50,4100.17,0,0,279.3,192.4,0,0.0,0.00,1.0,6.25
381,TRANSFER,2625.60,C8347651,19010.44,16384.85,C9919001,42071.89,44697.49,0,0,230.6,137.0,0,0.0,0.00,1.0,2.77
232,PAYMENT,655.79,C2387678,5440.36,4784.57,M1439878,44382.40,45038.20,0,0,126.9,258.3,0,1.0,1394.17,1.0,6.03
188,DEBIT,892.80,C5992488,4031.14,3138.34,C5626433,32464.98,33357.78,0,0,147.9,135.5,0,0.0,0.00,1.0,0.21
86,TRANSFER,859.80,C8085103,2277.93,1418.13,C1929905,5935.67,6795.46,0,0,316.9,201.1,1,0.0,0.00,1.0,21.91
83,CASH_IN,96.69,C7856036,433.85,337.16,C7226965,10910.01,11006.70,0,0,69.1,83.1,0,0.0,0.00,1.0,4.75
189,CASH_IN,1596.64,C5084914,9712.24,8115.60,C4468727,46754.40,48351.03,0,0,294.8,110.9,0,0.0,0.00,1.0,2.80
400,DEBIT,2200.63,C3015257,4706.45,2505.82,C9896025,37017.57,39218.20,0,0,272.3,280.8,0,0.0,0.00,1.0,18.83
587,DEBIT,1833.85,C8652354,11786.43,9952.58,C4179605,31375.63,33209.48,0,0,280.0,344.9,0,0.0,0.00,1.0,8.80
385,CASH_OUT,54929.52,C4032426,63393.01,0.00,C9984055,0.00,54929.52,1,0,1.0,4.1,1,11.0,568987.43,3.0,58.11
33,TRANSFER,1516.25,C6468518,3064.46,1548.22,C2071217,29833.31,31349.56,0,0,260.0,69.5,0,0.0,0.00,1.0,16.82
237,PAYMENT,2145.79,C8175489,9215.37,7069.58,M2654272,36578.39,38724.18,0,0,200.8,102.7,0,0.0,0.00,1.0,0.53
658,PAYMENT,4272.65,C2870944,8041.97,3769.32,M7241548,43674.67,47947.33,0,0,174.3,291.7,0,0.0,0.00,1.0,20.41
316,TRANSFER,270742.47,C5285567,272274.46,0.00,C6028068,0.00,270742.47,1,1,6.5,2.1,1,2.0,541484.94,2.0,21.62
392,TRANSFER,198.94,C1976554,1307.47,1108.53,C9309812,21786.75,21985.69,0,0,340.9,144.8,0,0.0,0.00,1.0,6.35
531,TRANSFER,70312.40,C6487089,79862.86,0.00,C1486488,0.00,70312.40,1,0,5.3,1.8,1,4.0,281249.58,4.0,24.69
645,DEBIT,44.65,C1511891,439.19,394.54,C5186911,36979.82,37024.47,0,0,88.7,93.7,0,0.0,0.00,1.0,12.10
212,PAYMENT,136.22,C2164297,1145.11,1008.89,M2997586,36844.07,36980.29,0,0,99.7,43.8,1,0.0,0.00,1.0,14.05
621,TRANSFER,1026.88,C7824721,5579.87,4552.98,C7154601,41337.89,42364.77,0,0,276.4,221.7,0,0.0,0.00,1.0,14.43
272,CASH_IN,953.95,C5705265,6700.08,5746.14,C4345400,13596.46,14550.40,0,0,314.2,290.6,0,0.0,0.00,1.0,19.09
444,PAYMENT,833.30,C5895086,6823.90,5990.60,M4944144,21706.61,22539.91,0,0,156.0,242.5,0,0.0,0.00,1.0,23.82
562,PAYMENT,752.43,C8973804,2468.07,1715.64,M3092976,29432.31,30184.75,0,0,148.8,84.7,0,1.0,547.94,1.0,19.37
451,PAYMENT,3005.99,C6606794,24119.47,21113.48,M4422119,18885.82,21891.81,0,0,130.6,52.6,0,0.0,0.00,1.0,6.65
229,TRANSFER,2620.88,C5825379,22088.45,19467.57,C7822325,16109.76,18730.64,0,0,196.3,79.2,0,0.0,0.00,1.0,22.66
208,DEBIT,2193.67,C2798374,15613.18,13419.51,C7730106,21640.89,23834.56,0,0,52.9,354.8,0,1.0,407.57,1.0,23.30
35,TRANSFER,1276.10,C2932113,6409.38,5133.28,C3859500,26311.63,27587.73,0,0,102.8,337.0,0,1.0,283.71,1.0,24.55
393,PAYMENT,170.99,C8584234,859.44,688.45,M4693972,6280.46,6451.45,0,0,58.8,351.7,0,1.0,422.02,1.0,11.54
458,CASH_OUT,92995.07,C3020180,110305.38,0.00,C1326000,0.00,92995.07,1,0,6.2,1.2,1,7.0,386476.71,7.0,58.00
543,CASH_IN,258.40,C4899326,1392.99,1134.58,C3245933,1111.03,1369.43,0,0,143.6,319.3,0,0.0,0.00,1.0,8.75
664,PAYMENT,154.44,C2297268,516.26,361.82,M4611756,13801.06,13955.50,0,0,271.1,93.4,0,0.0,0.00,1.0,18.56
255,CASH_IN,1470.21,C2752517,2217.69,747.48,C1842097,8177.28,9647.49,0,0,255.3,217.2,0,0.0,0.00,1.0,21.47
256,CASH_IN,631.11,C3978703,2711.95,2080.84,C2996409,27465.05,28096.15,0,0,61.8,319.6,0,0.0,0.00,1.0,6.97
299,PAYMENT,2054.97,C7363722,19525.59,17470.61,M2141728,5504.58,7559.55,0,0,106.5,140.8,0,0.0,0.00,1.0,17.79
164,PAYMENT,682.84,C6809121,6719.71,6036.87,M6492608,30921.25,31604.08,0,0,76.8,36.9,0,1.0,248.02,1.0,6.57
395,DEBIT,6333.14,C4632946,14260.53,7927.38,C2836118,48727.59,55060.74,0,0,41.2,315.9,0,0.0,0.00,1.0,22.68
644,CASH_IN,189.66,C4937295,961.73,772.07,C9381189,19259.20,19448.86,0,0,41.8,45.1,0,0.0,0.00,1.0,7.17
230,PAYMENT,708.42,C7001959,7066.56,6358.14,M6838973,19018.34,19726.76,0,0,73.5,266.4,0,0.0,0.00,1.0,5.86
233,DEBIT,720.75,C4540220,1434.00,713.26,C6110301,46150.93,46871.68,0,0,122.7,259.7,0,0.0,0.00,1.0,16.83
432,CASH_OUT,192077.17,C5650711,197808.15,0.00,C5800486,0.00,192077.17,1,0,198.2,4.2,1,2.0,384154.35,2.0,89.44
129,CASH_IN,433.44,C8400879,2331.07,1897.63,C3197071,7833.76,8267.20,0,0,223.1,357.7,0,0.0,0.00,1.0,11.07
208,DEBIT,757.21,C8003249,1357.68,600.47,C9994509,35472.22,36229.43,0,0,272.1,105.3,0,0.0,0.00,1.0,16.34
428,PAYMENT,146.50,C6434348,420.29,273.79,M1539917,33739.80,33886.30,0,0,46.3,110.4,0,0.0,0.00,1.0,20.98
132,CASH_IN,3495.44,C5274607,25565.67,22070.23,C4286661,29448.50,32943.95,0,0,246.4,74.6,0,0.0,0.00,1.0,24.89
249,CASH_IN,166.57,C9219063,1091.25,924.69,C6068219,10461.09,10627.66,0,0,304.3,344.8,0,0.0,0.00,1.0,8.48
518,DEBIT,67.81,C7640133,486.04,418.24,C3894256,23642.40,23710.20,0,0,300.5,312.1,1,0.0,0.00,1.0,9.08
512,PAYMENT,372.68,C2401440,1333.96,961.28,M9879632,658.22,1030.90,0,0,271.5,302.0,0,0.0,0.00,1.0,18.20
617,PAYMENT,1368.76,C6975492,11533.80,10165.04,M3552410,8515.38,9884.14,0,0,236.6,330.9,0,0.0,0.00,1.0,15.16
528,TRANSFER,158428.58,C5847606,168707.60,0.00,C8185156,0.00,158428.58,1,0,4.4,4.2,1,4.0,633714.30,2.0,0.10
40,DEBIT,338.09,C1843575,3022.52,2684.43,C7990197,7763.54,8101.63,0,0,103.1,126.8,0,0.0,0.00,1.0,20.67
158,PAYMENT,3370.93,C2768065,31227.44,27856.50,M4027429,25942.14,29313.07,0,0,158.3,248.9,1,0.0,0.00,1.0,18.87
480,TRANSFER,216425.76,C3925764,216936.92,0.00,C3231522,0.00,216425.76,1,1,277.5,0.0,1,2.0,432851.52,1.0,82.29
493,CASH_OUT,23730.57,C6903298,27514.47,0.00,C9728142,0.00,23730.57,1,0,237.0,1.0,1,1.0,23730.57,1.0,78.24
663,PAYMENT,1177.53,C9342498,7693.41,6515.88,M5886474,12931.81,14109.34,0,0,197.0,41.3,0,2.0,2555.79,1.0,6.93
252,TRANSFER,712.52,C9932590,2785.55,2073.04,C2649863,28734.88,29447.40,0,0,118.9,107.5,0,0.0,0.00,1.0,3.59
209,TRANSFER,436.55,C3351415,3069.75,2633.21,C9375347,6496.29,6932.83,0,0,198.6,281.4,0,0.0,0.00,1.0,10.09
692,CASH_IN,391.24,C7120463,3312.25,2921.01,C7390007,32729.88,33121.12,0,0,167.1,268.0,0,0.0,0.00,1.0,23.59
179,CASH_IN,195.49,C8466749,1747.40,1551.90,C3503954,30718.91,30914.41,0,0,81.4,90.1,0,1.0,455.37,1.0,7.76
536,PAYMENT,2256.28,C7709396,15011.32,12755.04,M3171640,3411.00,5667.28,0,0,112.7,146.5,0,0.0,0.00,1.0,18.37
362,TRANSFER,142843.40,C9384220,158524.39,0.00,C2443042,0.00,142843.40,1,0,187.3,1.3,1,2.0,285686.80,4.0,74.85
157,CASH_IN,8946.59,C2261978,73562.06,64615.46,C3785891,41111.85,50058.44,0,0,262.5,310.5,0,0.0,0.00,1.0,3.01
665,CASH_IN,254.56,C8421939,1600.04,1345.48,C6896024,23697.07,23951.63,0,0,56.8,237.1,0,0.0,0.00,1.0,21.19
113,PAYMENT,52.00,C6572757,510.84,458.84,M8462989,4994.18,5046.18,0,0,274.4,79.0,0,0.0,0.00,1.0,11.07
459,CASH_OUT,78751.59,C3526895,82608.13,0.00,C7711074,0.00,78751.59,1,0,6.1,4.1,1,7.0,371646.88,5.0,45.75
80,PAYMENT,7860.20,C5807190,63530.44,55670.24,M1996752,29540.26,37400.46,0,0,104.7,39.0,0,0.0,0.00,1.0,9.25
250,PAYMENT,1655.78,C3857092,13051.02,11395.25,M9003715,14717.50,16373.28,0,0,50.5,321.6,0,0.0,0.00,1.0,3.08
373,DEBIT,20.00,C8886692,148.69,128.69,C7380499,14002.44,14022.44,0,0,147.8,280.0,0,1.0,515.64,1.0,13.18
573,DEBIT,236.89,C4921995,539.70,302.81,C3112050,16375.52,16612.41,0,0,131.1,332.5,1,1.0,1288.72,1.0,2.94
308,TRANSFER,306.58,C2014440,2394.36,2087.78,C6136574,23764.70,24071.29,0,0,127.1,215.7,0,0.0,0.00,1.0,3.38
161,TRANSFER,233.77,C8647864,631.39,397.62,C8737121,13419.99,13653.75,0,0,69.5,90.7,0,1.0,712.86,1.0,12.24
40,CASH_IN,929.59,C4401661,4381.07,3451.48,C1580116,39516.31,40445.90,0,0,356.2,321.9,0,0.0,0.00,1.0,9.79
279,TRANSFER,1488.12,C2159802,5142.76,3654.64,C7354886,49269.69,50757.81,0,0,253.0,313.3,0,1.0,281.49,1.0,12.01
516,CASH_IN,1013.27,C6192335,1562.85,549.57,C9081112,9297.07,10310.34,0,0,296.5,222.2,0,0.0,0.00,1.0,20.73
290,TRANSFER,131070.11,C9318522,151116.61,0.00,C5004806,0.00,131070.11,1,0,0.0,1.7,1,3.0,393210.33,2.0,9.21
320,TRANSFER,301.16,C7745634,2948.66,2647.50,C3831520,23102.94,23404.11,0,0,121.9,302.0,0,0.0,0.00,1.0,20.20
476,CASH_IN,2242.23,C9267980,8102.81,5860.58,C5390833,44339.24,46581.47,0,0,120.2,205.6,0,2.0,903.28,1.0,3.83
82,DEBIT,661.94,C6836032,5397.55,4735.61,C8784435,30768.85,31430.79,0,0,306.8,359.5,1,0.0,0.00,1.0,18.74
361,TRANSFER,180393.56,C6556123,185865.39,0.00,C8593997,0.00,180393.56,1,0,3.2,0.8,1,2.0,360787.12,2.0,20.08
181,CASH_IN,3375.55,C3429093,22214.89,18839.35,C2248554,22150.86,25526.41,0,0,202.6,182.8,0,0.0,0.00,1.0,9.64
204,PAYMENT,747.55,C8945283,3497.31,2749.75,M9225320,22356.98,23104.54,0,0,150.7,190.1,0,0.0,0.00,1.0,8.74
306,CASH_IN,2261.58,C2637486,17456.75,15195.17,C3850337,22478.07,24739.65,0,0,171.6,337.1,0,0.0,0.00,1.0,20.00
32,CASH_IN,583.76,C9676122,4923.45,4339.68,C1868940,36205.61,36789.37,0,0,111.1,67.8,0,0.0,0.00,1.0,13.65
638,PAYMENT,2115.69,C9161264,9242.73,7127.04,M6479269,30586.84,32702.53,0,0,71.5,342.0,0,1.0,1073.58,1.0,20.51
560,TRANSFER,1696.92,C3247316,5746.77,4049.86,C6933827,5783.97,7480.89,0,0,252.1,69.8,0,1.0,441.77,1.0,8.08
219,CASH_OUT,58752.55,C5855764,67694.13,0.00,C3846478,0.00,58752.55,1,0,0.7,5.3,1,11.0,438969.82,3.0,78.05
660,PAYMENT,761.37,C8195624,4077.70,3316.33,M9271783,27385.99,28147.36,0,0,233.1,250.6,0,0.0,0.00,1.0,17.80
290,CASH_OUT,60791.18,C2601904,71928.83,0.00,C8652360,0.00,60791.18,1,0,0.2,1.9,1,16.0,410440.56,5.0,71.93
304,DEBIT,80.01,C3385133,436.61,356.59,C1752058,2468.93,2548.94,0,0,333.5,244.8,0,0.0,0.00,1.0,15.10
258,TRANSFER,1836.57,C9445635,6777.58,4941.00,C9578833,8580.04,10416.61,0,0,311.8,59.8,0,0.0,0.00,1.0,22.32
182,PAYMENT,766.16,C3615164,7397.03,6630.88,M6768510,38065.86,38832.02,0,0,265.7,94.2,0,1.0,813.19,1.0,13.78
51,CASH_OUT,70296.90,C7394223,74957.22,0.00,C6817842,0.00,70296.90,1,0,1.1,2.1,1,12.0,195395.30,5.0,74.80
324,PAYMENT,440.03,C7129593,4167.28,3727.25,M3296678,15159.49,15599.52,0,0,33.1,357.7,0,0.0,0.00,1.0,15.48
267,CASH_OUT,44935.98,C1042037,50835.61,0.00,C5061689,0.00,44935.98,1,0,2.8,5.8,1,13.0,338554.95,3.0,61.89
354,CASH_IN,495.09,C8300640,1413.83,918.74,C3435495,33699.08,34194.17,0,0,63.0,301.6,0,0.0,0.00,1.0,6.31
707,TRANSFER,869.50,C8222301,2502.88,1633.38,C3981259,16685.62,17555.12,0,0,80.9,80.8,1,0.0,0.00,1.0,13.56
560,TRANSFER,2279.87,C3477865,7109.93,4830.06,C5875646,9731.08,12010.95,0,0,40.4,236.9,0,0.0,0.00,1.0,15.10
209,PAYMENT,271.65,C2120445,1998.16,1726.51,M4841160,47202.96,47474.61,0,0,90.2,180.2,0,1.0,508.54,1.0,14.90
169,CASH_OUT,54673.06,C7229329,55748.11,0.00,C1386618,0.00,54673.06,1,0,3.5,3.8,1,10.0,449332.91,3.0,79.15
203,CASH_IN,53.71,C6063092,428.00,374.29,C1511359,42168.61,42222.32,0,0,68.0,163.7,0,0.0,0.00,1.0,6.24
91,DEBIT,442.61,C6356232,2080.52,1637.91,C2557215,15236.55,15679.16,0,0,208.8,180.3,0,0.0,0.00,1.0,12.40
352,DEBIT,653.58,C4652178,1334.06,680.47,C6755449,41367.70,42021.28,0,0,106.7,100.3,1,0.0,0.00,1.0,2.57
33,CASH_IN,558.53,C3665196,4216.67,3658.14,C2654128,42935.88,43494.41,0,0,309.6,206.3,0,0.0,0.00,1.0,10.91
248,PAYMENT,361.09,C8265064,2378.68,2017.59,M2114085,17757.55,18118.64,0,0,351.5,284.3,0,2.0,1698.91,1.0,13.07
297,PAYMENT,350.34,C8671007,1513.42,1163.08,M1512218,3604.65,3954.99,0,0,205.3,287.5,0,0.0,0.00,1.0,12.02
564,DEBIT,361.08,C2083844,1499.51,1138.43,C9679302,49113.31,49474.39,0,0,321.2,99.5,0,0.0,0.00,1.0,19.32
683,PAYMENT,261.85,C1582807,1984.00,1722.15,M7215822,30080.16,30342.01,0,0,83.6,232.1,1,0.0,0.00,1.0,7.70
191,TRANSFER,65009.05,C5866769,67460.67,0.00,C1689747,0.00,65009.05,1,0,2.9,4.0,1,5.0,325045.23,2.0,26.22
588,CASH_IN,445.52,C2565518,4404.45,3958.93,C7396853,33632.03,34077.55,0,0,216.3,123.1,0,0.0,0.00,1.0,8.72
422,DEBIT,2001.71,C2151250,14538.65,12536.93,C8803049,2105.06,4106.77,0,0,155.5,84.6,0,0.0,0.00,1.0,5.75
542,TRANSFER,836.12,C6624676,1285.19,449.07,C9433134,25410.99,26247.10,0,0,76.8,93.1,0,0.0,0.00,1.0,10.12
560,TRANSFER,239.90,C1236034,1362.14,1122.24,C1519233,8771.47,9011.37,0,0,234.5,294.9,0,0.0,0.00,1.0,14.08
714,PAYMENT,900.64,C2297893,6916.52,6015.89,M2289689,43217.32,44117.95,0,0,261.8,217.3,1,0.0,0.00,1.0,19.56
412,TRANSFER,104232.31,C6469116,108297.98,0.00,C1241701,0.00,104232.31,1,0,358.5,2.5,1,3.0,312696.93,4.0,95.82
205,CASH_IN,71.99,C7839485,536.27,464.28,C4492481,32429.09,32501.08,0,0,187.3,352.0,1,0.0,0.00,1.0,8.13
209,CASH_OUT,268752.18,C6086013,273810.06,0.00,C2388733,0.00,268752.18,1,1,6.9,4.1,1,1.0,268752.18,4.0,24.48
423,DEBIT,1271.54,C8314821,10137.74,8866.21,C9250121,46144.68,47416.22,0,0,89.7,296.9,0,0.0,0.00,1.0,20.31
547,CASH_IN,666.57,C1770870,6259.14,5592.56,C1032546,20893.53,21560.11,0,0,283.4,223.4,0,0.0,0.00,1.0,23.94
180,TRANSFER,151344.04,C9829467,154658.09,0.00,C1858180,0.00,151344.04,1,0,331.9,2.7,1,2.0,302688.07,1.0,71.87
472,TRANSFER,1857.29,C9777150,13856.84,11999.56,C6311918,39553.38,41410.66,0,0,187.7,267.8,0,0.0,0.00,1.0,13.74
500,PAYMENT,836.79,C6498010,6574.77,5737.98,M1116940,17804.62,18641.40,0,0,149.4,56.7,0,0.0,0.00,1.0,19.43
593,TRANSFER,1124.48,C5852715,4846.61,3722.13,C8306830,13784.85,14909.33,0,0,281.6,295.0,0,0.0,0.00,1.0,4.23
43,DEBIT,1397.23,C8094682,10356.56,8959.33,C8270504,7036.35,8433.59,0,0,33.7,238.6,0,1.0,568.57,1.0,3.79
716,CASH_IN,856.26,C4114925,2702.46,1846.20,C5351604,32439.89,33296.15,0,0,350.1,301.1,0,0.0,0.00,1.0,1.99
128,TRANSFER,667.86,C4297791,1638.29,970.43,C1899386,25963.38,26631.24,0,0,194.2,311.0,0,0.0,0.00,1.0,7.81
369,PAYMENT,138.60,C3175047,364.04,225.45,M3563781,47710.00,47848.60,0,0,139.4,355.1,1,0.0,0.00,1.0,12.86
207,TRANSFER,180.25,C9515638,763.85,583.60,C6066692,44922.70,45102.95,0,0,274.1,231.7,0,0.0,0.00,1.0,4.60
522,DEBIT,115.51,C8938468,467.73,352.22,C6005965,5830.25,5945.76,0,0,316.9,257.8,0,0.0,0.00,1.0,23.22
234,TRANSFER,884.19,C3715953,7353.14,6468.94,C5253161,43983.23,44867.42,0,0,201.5,331.6,0,0.0,0.00,1.0,1.96
112,DEBIT,305.35,C9535648,1893.38,1588.03,C5400779,13618.93,13924.28,0,0,252.9,178.2,0,0.0,0.00,1.0,12.34
489,PAYMENT,281.90,C8288547,2349.34,2067.44,M3778736,5161.61,5443.51,0,0,194.7,220.9,0,0.0,0.00,1.0,4.06
209,CASH_IN,3615.40,C2426779,6743.76,3128.36,C7265046,4057.91,7673.31,0,0,244.5,147.3,1,1.0,869.03,1.0,17.17
235,PAYMENT,497.48,C1574658,2763.59,2266.11,M3052714,17000.91,17498.39,0,0,104.5,312.0,0,2.0,1635.65,1.0,24.41
378,PAYMENT,433.34,C3925187,3461.96,3028.62,M2261617,47581.96,48015.30,0,0,123.5,179.4,0,0.0,0.00,1.0,14.58
688,DEBIT,320.29,C7211066,2099.69,1779.39,C7389336,32118.85,32439.15,0,0,325.4,282.8,0,0.0,0.00,1.0,10.76
430,CASH_IN,300.37,C4747556,2543.65,2243.28,C5800226,24225.09,24525.46,0,0,116.1,175.7,0,0.0,0.00,1.0,5.47
128,TRANSFER,485.56,C5270640,1162.77,677.21,C1302489,33265.55,33751.11,0,0,334.9,175.5,0,0.0,0.00,1.0,17.04
42,TRANSFER,476.94,C8546279,1097.42,620.48,C6748577,9617.29,10094.23,0,0,58.1,302.7,0,0.0,0.00,1.0,24.73
25,CASH_OUT,72765.77,C1342409,78893.44,0.00,C1811547,0.00,72765.77,1,0,6.3,1.7,1,11.0,328669.76,4.0,49.30
111,TRANSFER,393.24,C7558595,1768.92,1375.68,C6211238,36050.91,36444.15,0,0,293.4,147.9,0,0.0,0.00,1.0,15.78
397,TRANSFER,18515.78,C1090882,20319.15,0.00,C9696671,0.00,18515.78,1,0,170.8,1.9,1,1.0,18515.78,1.0,90.99
276,DEBIT,631.37,C2190601,3614.19,2982.81,C1238311,24013.21,24644.58,0,0,286.0,84.1,0,0.0,0.00,1.0,0.02
110,CASH_OUT,13139.27,C5014548,13978.01,0.00,C3303451,0.00,13139.27,1,0,203.4,0.5,1,1.0,13139.27,1.0,83.50
634,DEBIT,382.00,C9299892,2906.61,2524.60,C1556969,2463.45,2845.45,0,0,339.9,348.9,1,1.0,1461.26,1.0,22.65
164,PAYMENT,1246.62,C2045395,8223.65,6977.03,M9400494,3671.07,4917.69,0,0,51.7,266.3,0,0.0,0.00,1.0,4.66
586,DEBIT,148.50,C4927966,912.00,763.50,C3627049,30870.28,31018.78,0,0,195.3,139.1,0,0.0,0.00,1.0,7.96
376,PAYMENT,1137.08,C1872161,8833.33,7696.25,M1770018,5179.12,6316.20,0,0,140.0,38.0,0,0.0,0.00,1.0,18.50
563,TRANSFER,356.79,C8177018,572.98,216.20,C7369127,21758.38,22115.16,0,0,362.4,256.8,0,0.0,0.00,1.0,12.83
125,DEBIT,172.36,C9385001,1143.88,971.52,C4658519,42359.02,42531.38,0,0,62.9,307.8,0,0.0,0.00,1.0,2.11
87,DEBIT,636.40,C1607258,3694.30,3057.90,C9497309,11229.50,11865.90,0,0,255.3,301.3,0,1.0,505.17,1.0,16.53
374,TRANSFER,210.10,C5055841,361.95,151.85,C4300187,12209.43,12419.54,0,0,293.8,347.8,0,0.0,0.00,1.0,10.61
154,TRANSFER,762.42,C8261006,4543.75,3781.33,C3631043,44168.03,44930.45,0,0,324.7,340.7,0,0.0,0.00,1.0,0.82
662,CASH_IN,343.40,C4367119,1507.94,1164.54,C2418413,41106.48,41449.88,0,0,236.1,296.9,0,0.0,0.00,1.0,23.94
159,PAYMENT,1928.45,C8457994,11137.70,9209.25,M8159726,33627.19,35555.64,0,0,164.1,284.0,0,0.0,0.00,1.0,11.73
105,CASH_IN,548.27,C9011763,4428.80,3880.53,C1295808,19696.23,20244.51,0,0,59.5,108.8,1,0.0,0.00,1.0,7.23
398,TRANSFER,18003.51,C1210520,18142.94,0.00,C3960492,0.00,18003.51,1,0,203.9,1.8,1,1.0,18003.51,1.0,67.89
146,TRANSFER,183679.78,C6084298,196769.44,0.00,C6045394,0.00,183679.78,1,0,198.9,1.5,1,2.0,367359.55,2.0,76.46
692,TRANSFER,263.50,C8757202,1913.68,1650.18,C3862577,33381.41,33644.91,0,0,301.9,97.2,0,0.0,0.00,1.0,0.38
162,TRANSFER,514.94,C2129602,3333.59,2818.66,C3832298,29861.98,30376.92,0,0,216.4,101.4,1,0.0,0.00,1.0,4.23
498,TRANSFER,166.04,C4583048,1228.62,1062.57,C2215457,32405.80,32571.84,0,0,262.3,270.0,0,0.0,0.00,1.0,19.10
272,TRANSFER,278.32,C8811926,2529.41,2251.09,C8696474,1911.65,2189.98,0,0,135.1,227.8,0,0.0,0.00,1.0,24.53
40,PAYMENT,456.96,C6505456,2655.70,2198.73,M1091164,21274.39,21731.35,0,0,256.9,50.3,0,0.0,0.00,1.0,6.57
497,DEBIT,1872.20,C1298828,10047.84,8175.64,C3580694,47717.99,49590.19,0,0,37.7,55.0,1,1.0,816.25,1.0,17.30
140,DEBIT,846.80,C5657252,7909.35,7062.55,C2824099,27885.94,28732.73,0,0,243.1,145.9,1,0.0,0.00,1.0,12.17
408,CASH_OUT,84010.84,C9449527,93234.86,0.00,C9500766,0.00,84010.84,1,0,266.5,2.0,1,3.0,252032.51,2.0,87.03
400,TRANSFER,358.89,C4573522,1357.46,998.57,C7287701,7000.52,7359.41,0,0,84.5,152.0,0,0.0,0.00,1.0,1.98
185,DEBIT,1162.00,C8768723,2022.94,860.95,C9342372,37048.22,38210.22,0,0,120.1,73.5,0,0.0,0.00,1.0,8.48
604,TRANSFER,75544.35,C1688959,77208.90,0.00,C7227613,0.00,75544.35,1,0,4.6,1.1,1,10.0,337260.36,4.0,50.08
347,CASH_IN,1442.65,C4962635,3007.97,1565.32,C5710814,41737.70,43180.34,0,0,173.3,78.9,0,0.0,0.00,1.0,15.54
382,CASH_OUT,93941.06,C8347446,110436.94,0.00,C8312569,0.00,93941.06,1,0,1.0,7.0,1,4.0,375764.23,2.0,13.69
308,CASH_IN,326.66,C7510115,1188.89,862.23,C1907302,25348.18,25674.84,0,0,46.6,162.1,0,0.0,0.00,1.0,7.71
555,CASH_OUT,161479.89,C5860362,165806.82,0.00,C5600556,0.00,161479.89,1,0,270.1,4.9,1,3.0,484439.67,2.0,71.48
395,PAYMENT,627.12,C4915468,2537.24,1910.12,M6580283,11680.81,12307.94,0,0,100.3,259.2,0,0.0,0.00,1.0,9.42
69,DEBIT,200.78,C3549976,398.96,198.18,C8746908,42529.16,42729.93,0,0,96.1,184.5,0,1.0,347.50,1.0,1.55
381,TRANSFER,1563.49,C4112705,11103.15,9539.66,C2387717,20190.39,21753.88,0,0,154.5,174.3,1,0.0,0.00,1.0,16.51
274,CASH_IN,655.51,C7227794,1464.44,808.93,C9318606,43935.76,44591.27,0,0,197.9,211.6,0,0.0,0.00,1.0,3.29
326,CASH_OUT,32256.61,C2615546,35885.66,0.00,C6018386,0.00,32256.61,1,0,137.4,1.7,1,1.0,32256.61,1.0,79.42
670,CASH_OUT,78369.98,C7727568,82255.59,0.00,C1683535,0.00,78369.98,1,0,3.0,6.5,1,1.0,78369.98,2.0,22.96
141,CASH_IN,768.24,C4964539,3299.36,2531.12,C1063768,16184.70,16952.95,0,0,164.3,60.2,1,1.0,1464.04,1.0,22.98
443,CASH_OUT,146132.08,C7854443,153848.84,0.00,C2690726,0.00,146132.08,1,0,264.2,4.2,1,3.0,438396.23,2.0,74.80
70,TRANSFER,286785.72,C1916490,307684.46,0.00,C8910718,0.00,286785.72,1,1,0.3,5.6,1,4.0,1147142.90,4.0,20.44
132,TRANSFER,219.75,C3367393,1598.05,1378.30,C3952906,37851.69,38071.44,0,0,39.2,276.0,1,1.0,1432.83,1.0,17.38
681,DEBIT,447.18,C6759161,3300.65,2853.47,C1008932,28006.19,28453.37,0,0,188.6,96.5,0,0.0,0.00,1.0,14.19
36,PAYMENT,339.54,C3660264,3369.01,3029.47,M9438086,39135.97,39475.50,0,0,30.2,148.6,0,0.0,0.00,1.0,24.43
152,DEBIT,1057.73,C3317474,1770.40,712.66,C5060311,39613.18,40670.91,0,0,193.4,120.3,0,1.0,906.85,1.0,7.17
338,CASH_OUT,69058.36,C4478292,69151.12,0.00,C3593793,0.00,69058.36,1,0,0.3,2.1,1,6.0,208063.26,4.0,71.90
540,DEBIT,311.28,C4503551,2565.17,2253.89,C3711305,31023.76,31335.04,0,0,133.8,309.0,0,0.0,0.00,1.0,24.70
373,TRANSFER,2213.61,C5529565,21510.70,19297.10,C5024129,22016.69,24230.29,0,0,209.3,103.5,0,0.0,0.00,1.0,18.68
584,CASH_IN,227.76,C7200957,1134.43,906.67,C4891018,27678.31,27906.07,0,0,280.6,303.0,0,1.0,512.98,1.0,9.02
593,DEBIT,105.16,C3646900,970.32,865.16,C6078665,46612.30,46717.46,0,0,114.8,360.9,0,1.0,390.56,1.0,20.11
235,TRANSFER,636.27,C9134607,4768.57,4132.30,C6066839,41932.35,42568.62,0,0,209.6,36.4,0,0.0,0.00,1.0,17.06
394,CASH_IN,88.97,C3750201,700.45,611.48,C7715201,33852.05,33941.02,0,0,217.4,340.2,0,0.0,0.00,1.0,13.61
563,PAYMENT,1630.01,C9933971,9350.04,7720.03,M1022301,29454.60,31084.61,0,0,59.1,139.9,0,0.0,0.00,1.0,24.86
691,DEBIT,1096.58,C6143284,7330.84,6234.26,C8347212,6543.90,7640.48,0,0,324.5,107.9,0,0.0,0.00,1.0,16.22
188,CASH_IN,254.32,C4745909,2020.75,1766.43,C8687821,19662.92,19917.24,0,0,62.7,215.7,1,0.0,0.00,1.0,7.78
663,TRANSFER,472.61,C6499682,3000.77,2528.15,C6803857,132.05,604.66,0,0,53.4,32.0,0,0.0,0.00,1.0,22.25
704,CASH_IN,680.86,C4864160,4303.32,3622.46,C8289427,24878.28,25559.14,0,0,38.9,279.1,0,0.0,0.00,1.0,0.14
442,CASH_IN,83.64,C6424030,323.16,239.52,C7365404,47957.76,48041.40,0,0,269.8,295.8,0,1.0,639.26,1.0,6.36
109,CASH_OUT,20068.91,C5011852,23967.34,0.00,C9270186,0.00,20068.91,1,0,216.7,1.9,1,1.0,20068.91,1.0,65.89
640,DEBIT,2869.23,C1632557,19166.89,16297.66,C5890162,8691.32,11560.55,0,0,327.7,212.3,0,0.0,0.00,1.0,11.77
594,DEBIT,117.05,C8576351,693.77,576.73,C1986902,43425.13,43542.18,0,0,250.9,357.9,0,0.0,0.00,1.0,14.72
455,TRANSFER,186098.15,C9922087,204929.96,0.00,C4890927,0.00,186098.15,1,0,1.9,2.5,1,1.0,186098.15,1.0,12.59
495,PAYMENT,215.34,C9706771,604.02,388.68,M5359457,41897.10,42112.44,0,0,342.9,145.7,0,0.0,0.00,1.0,2.84
369,TRANSFER,161047.81,C1234774,161578.99,0.00,C5261278,0.00,161047.81,1,0,1.3,6.5,1,4.0,644191.25,4.0,14.63
45,PAYMENT,612.11,C6469438,4586.86,3974.76,M3054670,39786.64,40398.75,0,0,252.4,332.7,0,0.0,0.00,1.0,10.11
521,CASH_OUT,202553.77,C3077692,208810.44,0.00,C3732243,0.00,202553.77,1,1,6.2,1.8,1,5.0,1012768.87,2.0,5.00
241,DEBIT,1334.06,C5021153,8170.90,6836.84,C3027230,44305.85,45639.91,0,0,90.9,258.2,0,0.0,0.00,1.0,18.90
105,TRANSFER,5467.82,C9773872,30089.90,24622.09,C9978830,24056.00,29523.81,0,0,175.5,338.7,0,0.0,0.00,1.0,9.62
133,PAYMENT,310.38,C6820759,2713.27,2402.89,M5978787,43197.73,43508.12,0,0,349.3,95.5,0,1.0,1033.23,1.0,16.90
228,TRANSFER,1169.98,C1355921,6918.59,5748.61,C8191966,14694.14,15864.12,0,0,85.2,223.7,0,0.0,0.00,1.0,9.33
693,TRANSFER,1416.94,C4852857,13276.28,11859.34,C5628873,31172.30,32589.24,0,0,344.4,289.0,0,0.0,0.00,1.0,9.87
405,CASH_IN,384.32,C8994506,2222.71,1838.38,C2660013,45234.87,45619.19,0,0,220.2,98.0,0,0.0,0.00,1.0,4.49
233,DEBIT,4396.99,C1144006,36950.64,32553.65,C5346170,43050.59,47447.59,0,0,105.7,219.3,0,1.0,1187.34,1.0,21.60
418,DEBIT,729.81,C9989851,2997.77,2267.96,C2264051,38121.21,38851.03,0,0,155.8,187.9,0,2.0,1155.71,1.0,13.55
188,TRANSFER,2099.21,C6383073,11102.14,9002.93,C4483153,16183.75,18282.96,0,0,295.8,105.3,1,0.0,0.00,1.0,1.44
129,DEBIT,118.39,C2395328,435.88,317.49,C1663408,37289.53,37407.92,0,0,152.2,260.2,0,0.0,0.00,1.0,20.60
65,DEBIT,438.10,C6306013,3606.50,3168.40,C7502299,20144.77,20582.87,0,0,43.5,348.5,0,0.0,0.00,1.0,5.05
298,DEBIT,465.74,C2026953,3868.46,3402.72,C5357921,19583.28,20049.02,0,0,96.8,92.0,0,1.0,848.73,1.0,3.14
547,DEBIT,914.80,C1545367,3647.34,2732.55,C3952639,40213.75,41128.55,0,0,277.5,235.7,0,0.0,0.00,1.0,21.86
187,DEBIT,997.82,C5280003,2232.93,1235.11,C9979078,2315.43,3313.25,0,0,182.2,247.8,1,0.0,0.00,1.0,21.49
419,DEBIT,1149.02,C3147782,10346.03,9197.01,C4944846,47568.87,48717.89,0,0,330.9,218.6,0,0.0,0.00,1.0,13.91
496,TRANSFER,1790.61,C9880822,4664.91,2874.31,C2980434,25110.34,26900.94,0,0,177.1,196.1,0,0.0,0.00,1.0,21.46
326,CASH_OUT,16149.45,C5505364,16162.38,0.00,C2288770,0.00,16149.45,1,0,191.5,0.8,1,1.0,16149.45,1.0,85.56
213,PAYMENT,206.11,C4211970,657.72,451.61,M6904427,11366.34,11572.45,0,0,287.8,87.8,0,0.0,0.00,1.0,11.53
300,TRANSFER,2974.87,C9247875,20014.07,17039.20,C6423010,44523.87,47498.74,0,0,144.6,35.4,0,0.0,0.00,1.0,19.66
421,CASH_OUT,30249.08,C4174216,32460.31,0.00,C2437646,0.00,30249.08,1,0,259.1,1.0,1,1.0,30249.08,1.0,86.51
613,TRANSFER,28891.76,C5560360,34463.72,0.00,C6596301,0.00,28891.76,1,0,187.9,1.2,1,1.0,28891.76,1.0,71.37
206,TRANSFER,468.05,C4624851,2496.03,2027.98,C7015991,41792.10,42260.16,0,0,163.9,248.0,0,1.0,1282.10,1.0,4.98
258,CASH_IN,233.87,C9231753,2110.38,1876.51,C6784566,33654.73,33888.60,0,0,227.8,207.9,0,0.0,0.00,1.0,7.59
140,PAYMENT,1006.69,C5651915,2420.39,1413.70,M6389724,48260.59,49267.28,0,0,181.1,49.7,0,1.0,793.13,1.0,6.99
568,TRANSFER,595.71,C6109957,3876.09,3280.38,C8399144,3184.42,3780.13,0,0,64.4,348.0,0,0.0,0.00,1.0,12.89
87,PAYMENT,317.16,C6807367,2644.66,2327.51,M3489147,26765.48,27082.64,0,0,156.2,106.3,0,0.0,0.00,1.0,0.28
525,PAYMENT,495.34,C4948794,4178.01,3682.67,M1466245,8905.36,9400.70,0,0,347.0,56.8,1,0.0,0.00,1.0,24.29
499,DEBIT,1101.44,C3450825,4929.37,3827.92,C3223608,19527.77,20629.21,0,0,150.6,149.9,0,0.0,0.00,1.0,1.55
328,DEBIT,101.31,C9196664,408.01,306.70,C3783247,10588.61,10689.92,0,0,236.3,201.8,0,0.0,0.00,1.0,16.01
403,PAYMENT,934.12,C5518014,3923.37,2989.25,M2426770,4238.52,5172.64,0,0,245.6,60.8,0,0.0,0.00,1.0,22.13
633,TRANSFER,1752.92,C2986496,15733.24,13980.32,C2914072,2958.81,4711.72,0,0,245.2,67.1,0,1.0,336.87,1.0,3.15
666,DEBIT,1921.88,C4527406,17422.06,15500.18,C3164261,34004.60,35926.47,0,0,308.9,206.7,0,0.0,0.00,1.0,2.06
210,TRANSFER,516.78,C9727031,1702.97,1186.20,C4419985,6516.57,7033.34,0,0,56.0,77.5,0,0.0,0.00,1.0,5.37
110,CASH_OUT,30195.76,C8607176,32369.45,0.00,C6497420,0.00,30195.76,1,0,105.1,1.7,1,1.0,30195.76,1.0,82.56
545,TRANSFER,1746.38,C8057453,7753.45,6007.07,C8904831,39554.61,41300.99,0,0,82.6,351.1,0,1.0,923.72,1.0,20.02
273,TRANSFER,1181.27,C8895511,7510.41,6329.13,C1480011,13980.30,15161.57,0,0,229.3,317.6,0,0.0,0.00,1.0,24.70
56,CASH_IN,1358.07,C7548968,4011.10,2653.03,C5383408,21343.05,22701.13,0,0,317.5,31.5,0,0.0,0.00,1.0,10.03
78,PAYMENT,230.50,C4332674,531.00,300.51,M9570572,17465.85,17696.35,0,0,133.0,299.4,0,0.0,0.00,1.0,5.38
442,CASH_IN,603.70,C3135717,2862.75,2259.05,C6402458,2041.65,2645.35,0,0,249.1,75.7,1,0.0,0.00,1.0,3.65
457,TRANSFER,85183.91,C3139422,94427.12,0.00,C7767553,0.00,85183.91,1,0,0.9,6.5,1,15.0,595099.33,4.0,68.96
704,TRANSFER,731.42,C5350862,2958.61,2227.19,C1223000,2464.47,3195.90,0,0,253.9,290.4,0,0.0,0.00,1.0,9.98
58,TRANSFER,397.89,C4794954,3584.41,3186.51,C6166498,12278.73,12676.63,0,0,123.6,220.7,0,1.0,1318.22,1.0,7.20
715,CASH_IN,1042.78,C6947099,2103.34,1060.56,C3981490,7739.71,8782.49,0,0,185.9,330.2,0,1.0,583.07,1.0,8.58
189,CASH_IN,810.24,C7446398,4239.01,3428.77,C8808379,36736.33,37546.57,0,0,154.4,171.5,0,1.0,617.87,1.0,11.81
164,DEBIT,780.54,C8997460,7754.01,6973.46,C8669611,37742.62,38523.16,0,0,288.6,251.7,0,0.0,0.00,1.0,6.56
667,DEBIT,335.01,C8292186,2582.00,2246.99,C9412148,40109.91,40444.92,0,0,319.8,130.4,1,0.0,0.00,1.0,13.08
448,TRANSFER,293.39,C7086921,2031.85,1738.46,C8659332,25795.49,26088.88,0,0,41.0,68.9,1,0.0,0.00,1.0,8.91
140,TRANSFER,82.91,C8695336,702.06,619.15,C9656973,39987.79,40070.70,0,0,234.1,175.7,0,0.0,0.00,1.0,0.19
436,TRANSFER,68003.78,C1906321,77655.14,0.00,C7812274,0.00,68003.78,1,0,4.8,6.7,1,12.0,159550.38,7.0,62.92
407,CASH_OUT,64736.12,C5032040,76477.98,0.00,C6161732,0.00,64736.12,1,0,4.4,3.4,1,1.0,64736.12,4.0,16.07
490,CASH_IN,338.13,C2981064,988.02,649.89,C3295156,48750.64,49088.77,0,0,137.0,133.5,0,0.0,0.00,1.0,10.27
352,CASH_IN,797.69,C6808461,6592.31,5794.62,C2900743,22116.65,22914.34,0,0,345.2,120.2,0,0.0,0.00,1.0,16.47
351,PAYMENT,526.22,C1130456,4620.30,4094.08,M1811232,25586.75,26112.97,0,0,81.8,316.9,0,0.0,0.00,1.0,20.98
112,CASH_IN,291.77,C7867480,1058.10,766.33,C3786145,43832.10,44123.87,0,0,172.7,61.9,0,1.0,599.62,1.0,14.16
419,PAYMENT,360.94,C7817249,801.76,440.82,M5056637,25625.40,25986.35,0,0,241.8,70.3,0,0.0,0.00,1.0,1.30
137,DEBIT,619.83,C5330208,3377.52,2757.69,C3354893,17256.42,17876.25,0,0,180.0,33.3,0,0.0,0.00,1.0,0.81
228,TRANSFER,1083.13,C2360544,10166.98,9083.85,C9893586,8337.42,9420.55,0,0,302.3,235.6,0,0.0,0.00,1.0,3.65
355,TRANSFER,555.60,C8228964,1250.82,695.23,C1525729,12509.65,13065.25,0,0,338.5,231.2,0,0.0,0.00,1.0,9.12
330,DEBIT,575.34,C3000620,3369.60,2794.26,C6958445,16915.63,17490.97,0,0,159.0,268.1,1,0.0,0.00,1.0,18.66
227,CASH_IN,525.40,C4606448,4985.50,4460.10,C7126153,48066.90,48592.30,0,0,155.2,248.2,1,0.0,0.00,1.0,11.41
496,DEBIT,3495.44,C5497067,28787.13,25291.68,C7340123,24616.05,28111.49,0,0,277.9,76.0,0,0.0,0.00,1.0,16.13
450,PAYMENT,731.06,C6946483,5806.92,5075.87,M1764772,48095.47,48826.52,0,0,161.5,151.8,0,0.0,0.00,1.0,10.30
380,DEBIT,1777.10,C4208055,16758.66,14981.56,C5723300,11386.83,13163.93,0,0,215.9,154.3,0,1.0,612.28,1.0,23.82
491,DEBIT,1404.27,C9338211,13567.93,12163.67,C4141037,6481.33,7885.60,0,0,217.9,199.3,0,0.0,0.00,1.0,8.34
443,CASH_IN,71.20,C1083982,240.88,169.68,C1209619,16306.05,16377.25,0,0,98.9,141.5,0,0.0,0.00,1.0,13.33
595,PAYMENT,665.06,C5896862,4176.47,3511.40,M6840205,32689.19,33354.26,0,0,145.1,199.6,1,0.0,0.00,1.0,15.07
373,DEBIT,338.44,C2182878,1702.33,1363.89,C1140226,13747.19,14085.63,0,0,189.3,145.9,0,0.0,0.00,1.0,22.13
201,PAYMENT,920.24,C3458000,3823.86,2903.62,M1181300,8992.52,9912.76,0,0,106.4,328.3,0,0.0,0.00,1.0,1.02
59,PAYMENT,283.46,C6551646,2030.06,1746.61,M9421151,31516.31,31799.77,0,0,136.3,210.2,0,1.0,704.31,1.0,7.03
213,DEBIT,2638.25,C8909046,16689.39,14051.14,C6076645,6964.06,9602.31,0,0,68.5,131.3,0,0.0,0.00,1.0,2.85
182,TRANSFER,18796.35,C3790030,20416.17,0.00,C4512327,0.00,18796.35,1,0,147.6,2.0,1,1.0,18796.35,1.0,93.04
705,TRANSFER,216.13,C8203592,838.25,622.12,C8568499,34322.94,34539.06,0,0,275.7,152.7,0,0.0,0.00,1.0,17.91
470,DEBIT,1082.89,C6017207,7402.52,6319.63,C1279757,26963.41,28046.30,0,0,168.8,64.7,0,0.0,0.00,1.0,14.70
404,CASH_IN,2576.13,C2165442,15797.73,13221.60,C3950578,13609.98,16186.11,0,0,205.6,67.7,0,0.0,0.00,1.0,10.95
586,DEBIT,158.51,C4807320,1079.00,920.49,C6588295,23848.03,24006.54,0,0,45.0,363.0,0,0.0,0.00,1.0,10.80
571,TRANSFER,320.83,C1708937,1763.47,1442.63,C4958679,14586.43,14907.26,0,0,233.0,320.7,0,0.0,0.00,1.0,10.65
515,CASH_IN,451.89,C4927910,831.26,379.37,C3546815,39771.87,40223.76,0,0,245.5,181.1,1,0.0,0.00,1.0,19.17
275,CASH_IN,1242.91,C1635368,8654.57,7411.66,C6473159,32666.14,33909.05,0,0,255.1,260.5,0,0.0,0.00,1.0,24.12
50,CASH_OUT,98832.36,C4366728,108880.53,0.00,C7590871,0.00,98832.36,1,0,0.0,4.4,1,9.0,259703.09,4.0,45.70
467,CASH_IN,4182.29,C5760989,14672.60,10490.32,C4816153,14236.96,18419.25,0,0,261.8,191.1,0,0.0,0.00,1.0,19.81
382,TRANSFER,175141.23,C8615405,187987.60,0.00,C4518645,0.00,175141.23,1,0,5.2,1.3,1,2.0,350282.46,1.0,14.93
328,CASH_IN,121.03,C2301403,407.75,286.72,C4937826,40234.16,40355.19,0,0,114.8,83.7,0,0.0,0.00,1.0,7.40
495,CASH_IN,1568.17,C8290403,3437.83,1869.66,C1253975,23551.27,25119.44,0,0,278.7,362.4,0,0.0,0.00,1.0,19.08
626,CASH_OUT,58310.99,C2984513,62319.40,0.00,C9543274,0.00,58310.99,1,0,5.4,3.9,1,1.0,58310.99,4.0,23.51
417,TRANSFER,711.07,C2488688,4474.27,3763.21,C6581013,12943.64,13654.71,0,0,63.9,171.8,0,0.0,0.00,1.0,17.87
493,TRANSFER,1059.90,C2470307,4928.88,3868.98,C2003691,10264.10,11323.99,0,0,160.1,236.6,0,1.0,869.98,1.0,17.92
578,TRANSFER,29186.33,C6776307,35017.99,0.00,C4710796,0.00,29186.33,1,0,6.7,6.3,1,13.0,484077.81,5.0,45.89
160,PAYMENT,515.69,C8344648,4950.54,4434.85,M4767274,1097.00,1612.68,0,0,276.2,287.5,1,0.0,0.00,1.0,4.49
283,CASH_IN,370.10,C8909764,3432.36,3062.25,C5172631,35673.03,36043.13,0,0,180.2,312.4,0,1.0,842.25,1.0,21.75
235,DEBIT,234.82,C1777945,430.72,195.89,C8644523,49345.92,49580.74,0,0,341.2,308.9,0,0.0,0.00,1.0,21.14
619,DEBIT,656.59,C8585653,2406.78,1750.19,C6969836,7208.66,7865.25,0,0,221.3,363.0,1,0.0,0.00,1.0,20.25
363,CASH_OUT,35634.81,C8558258,39363.41,0.00,C9321571,0.00,35634.81,1,0,2.7,4.5,1,12.0,223015.06,5.0,73.03
675,CASH_OUT,50653.76,C1343050,53805.07,0.00,C4600598,0.00,50653.76,1,0,4.0,3.8,1,17.0,463276.63,8.0,83.83
637,PAYMENT,168.71,C7612701,528.84,360.13,M8292621,7253.17,7421.87,0,0,202.6,85.5,0,0.0,0.00,1.0,3.17
549,CASH_IN,277.19,C5552334,1665.33,1388.14,C7016447,18780.95,19058.14,0,0,115.3,137.6,0,0.0,0.00,1.0,23.99
93,DEBIT,983.11,C7233320,8838.67,7855.55,C8378965,27396.11,28379.22,0,0,285.9,125.4,0,0.0,0.00,1.0,24.53
135,CASH_IN,1826.10,C3551682,10104.75,8278.65,C4477365,43285.05,45111.15,0,0,111.6,197.6,0,0.0,0.00,1.0,10.21
407,TRANSFER,334212.57,C4636509,354593.61,0.00,C5668315,0.00,334212.57,1,1,4.4,3.0,1,1.0,334212.57,4.0,16.69
656,CASH_IN,1131.36,C5403389,8048.39,6917.04,C2960535,21582.07,22713.42,0,0,190.4,117.2,0,0.0,0.00,1.0,7.11
634,DEBIT,172.58,C1587021,766.43,593.85,C2866179,46154.88,46327.46,0,0,59.9,79.5,0,0.0,0.00,1.0,18.79
252,CASH_IN,1266.67,C1891556,7677.59,6410.92,C2249662,41449.53,42716.20,0,0,251.1,77.7,1,0.0,0.00,1.0,21.87
81,DEBIT,119.21,C3119085,717.28,598.07,C5591496,29346.86,29466.06,0,0,181.8,329.7,0,0.0,0.00,1.0,8.84
522,PAYMENT,189.44,C5036815,1084.61,895.17,M4084193,13251.13,13440.57,0,0,284.0,120.4,0,0.0,0.00,1.0,9.48
227,CASH_IN,194.59,C4239145,1115.09,920.50,C1657371,4751.59,4946.18,0,0,239.4,364.6,0,1.0,1084.46,1.0,11.53
663,TRANSFER,192649.28,C3916509,200004.06,0.00,C6474706,0.00,192649.28,1,0,318.3,3.6,1,2.0,385298.57,4.0,76.71
611,PAYMENT,1993.37,C7691702,17929.60,15936.23,M1820182,10567.06,12560.43,0,0,277.5,100.4,0,0.0,0.00,1.0,3.02
632,DEBIT,1031.23,C4011195,4135.52,3104.29,C9631236,21328.59,22359.82,0,0,230.3,182.1,0,0.0,0.00,1.0,15.11
458,CASH_OUT,87445.17,C2006607,99948.37,0.00,C1620450,0.00,87445.17,1,0,1.4,2.9,1,3.0,262335.50,4.0,21.42
66,CASH_IN,267.63,C7008756,2651.44,2383.81,C1954022,47351.12,47618.75,0,0,296.1,357.5,1,0.0,0.00,1.0,7.80
60,TRANSFER,1509.21,C2165113,6311.61,4802.40,C7253184,6573.43,8082.64,0,0,102.8,333.4,1,0.0,0.00,1.0,8.86
705,TRANSFER,2291.31,C4809938,10153.63,7862.31,C5481707,4608.91,6900.22,0,0,339.6,69.6,0,1.0,1301.72,1.0,21.68
493,PAYMENT,434.61,C6661675,2248.16,1813.55,M9584648,7252.78,7687.39,0,0,278.1,220.6,0,0.0,0.00,1.0,24.16
427,PAYMENT,3677.17,C6205923,21827.84,18150.67,M1687256,9929.29,13606.47,0,0,253.0,73.7,0,0.0,0.00,1.0,3.40
473,PAYMENT,2438.80,C7184092,4793.67,2354.86,M5441356,7055.93,9494.73,0,0,100.0,132.7,0,0.0,0.00,1.0,10.29
717,CASH_IN,320.67,C1472601,719.07,398.40,C6231222,22106.83,22427.50,0,0,339.3,112.4,0,1.0,327.12,1.0,11.71
188,PAYMENT,599.98,C4908653,2797.52,2197.54,M2981179,3684.56,4284.54,0,0,248.8,334.4,0,2.0,2106.86,1.0,17.48
106,TRANSFER,819.48,C8932216,8128.19,7308.71,C9816594,49813.63,50633.10,0,0,127.6,185.0,0,1.0,1056.14,1.0,18.83
404,TRANSFER,125.55,C1066739,274.42,148.87,C3139429,16246.31,16371.86,0,0,112.6,212.5,0,0.0,0.00,1.0,23.94
202,PAYMENT,602.53,C7464156,1391.53,789.00,M4056961,22714.28,23316.81,0,0,266.1,207.7,0,0.0,0.00,1.0,22.03
112,PAYMENT,1780.88,C9505483,13511.27,11730.39,M8666809,17920.07,19700.95,0,0,87.5,110.3,1,0.0,0.00,1.0,7.19
309,PAYMENT,237.13,C1592500,1440.89,1203.76,M5457705,9288.55,9525.68,0,0,355.2,202.2,1,0.0,0.00,1.0,12.37
594,PAYMENT,159.36,C3575754,457.92,298.55,M3374074,30649.95,30809.31,0,0,329.1,30.9,0,0.0,0.00,1.0,6.80
711,PAYMENT,352.85,C4824621,3317.88,2965.03,M6086332,2245.86,2598.71,0,0,154.7,73.7,0,0.0,0.00,1.0,5.62
210,CASH_IN,1219.03,C9671151,4425.29,3206.26,C1789639,22693.31,23912.34,0,0,42.3,330.7,0,0.0,0.00,1.0,2.60
241,CASH_OUT,97951.30,C9822251,102294.41,0.00,C2740468,0.00,97951.30,1,0,1.6,5.1,1,15.0,166516.70,5.0,78.78
329,TRANSFER,224.91,C3285997,2062.50,1837.58,C9522029,39843.69,40068.60,0,0,222.9,313.3,0,0.0,0.00,1.0,0.12
321,CASH_IN,541.88,C6828765,3866.25,3324.37,C9146676,24053.55,24595.43,0,0,324.2,313.8,0,0.0,0.00,1.0,16.74
299,CASH_IN,2664.68,C2900315,12039.04,9374.36,C5915254,32054.71,34719.39,0,0,266.8,205.5,0,0.0,0.00,1.0,4.53
591,PAYMENT,324.42,C8389298,1569.60,1245.18,M8621503,15734.94,16059.36,0,0,97.3,292.0,0,0.0,0.00,1.0,12.67
395,TRANSFER,4240.33,C5648214,35971.68,31731.34,C7781504,22175.24,26415.57,0,0,308.2,65.4,0,0.0,0.00,1.0,15.39
518,PAYMENT,1737.43,C5708450,16261.49,14524.06,M3338183,24079.94,25817.36,0,0,305.3,361.2,0,2.0,449.43,1.0,12.89
501,PAYMENT,2568.69,C1746796,9640.69,7072.00,M7457675,18399.54,20968.22,0,0,254.5,50.0,0,0.0,0.00,1.0,0.95
315,CASH_OUT,72074.71,C2612691,81718.85,0.00,C5924495,0.00,72074.71,1,0,1.6,4.2,1,16.0,231185.11,6.0,68.38
368,TRANSFER,205.42,C2663662,1754.22,1548.80,C3637338,42497.89,42703.32,0,0,77.3,73.8,0,0.0,0.00,1.0,5.75
243,CASH_OUT,79229.33,C4819933,85490.28,0.00,C8200701,0.00,79229.33,1,0,5.8,3.8,1,9.0,344896.68,4.0,60.84
375,DEBIT,935.58,C5041459,6999.14,6063.56,C6275232,8161.38,9096.96,0,0,292.2,195.7,0,1.0,1305.63,1.0,12.63
190,PAYMENT,1593.46,C7634860,13078.62,11485.16,M7256932,14137.63,15731.08,0,0,213.2,234.3,0,1.0,1056.79,1.0,2.87
590,DEBIT,1835.93,C4628098,5578.63,3742.70,C6824068,19703.61,21539.54,0,0,308.1,305.9,0,0.0,0.00,1.0,11.07
445,TRANSFER,18033.17,C1872223,18663.68,0.00,C1261644,0.00,18033.17,1,0,199.4,1.5,1,1.0,18033.17,1.0,80.15
587,TRANSFER,585.06,C1526088,4106.13,3521.07,C2406171,28741.81,29326.87,0,0,237.8,157.8,0,0.0,0.00,1.0,0.43
675,TRANSFER,28928.59,C4013093,31066.25,0.00,C3467821,0.00,28928.59,1,0,5.4,3.1,1,16.0,286389.49,5.0,58.11
230,CASH_OUT,24842.26,C5211561,26380.75,0.00,C5861277,0.00,24842.26,1,0,111.1,1.3,1,1.0,24842.26,1.0,73.79
634,DEBIT,938.79,C2376118,5711.43,4772.65,C1659213,30889.44,31828.23,0,0,331.5,58.4,0,0.0,0.00,1.0,7.24
499,PAYMENT,1585.08,C6173270,3737.75,2152.67,M8523288,38264.17,39849.25,0,0,234.7,101.9,1,0.0,0.00,1.0,24.54
329,PAYMENT,781.44,C2929045,2628.60,1847.17,M6319697,16228.04,17009.48,0,0,30.9,94.9,0,1.0,263.74,1.0,13.96
120,CASH_IN,143.52,C4958892,1053.06,909.54,C3655360,45269.12,45412.64,0,0,83.4,30.1,0,0.0,0.00,1.0,7.79
443,CASH_IN,1297.50,C3822083,8119.32,6821.82,C9166735,15361.28,16658.78,0,0,134.6,89.7,1,0.0,0.00,1.0,15.74
490,PAYMENT,1645.61,C6306613,12427.67,10782.06,M9237937,36420.90,38066.51,0,0,184.8,147.0,0,1.0,548.08,1.0,5.55
369,CASH_IN,1442.15,C9016027,6105.77,4663.61,C7937291,41404.26,42846.41,0,0,53.1,309.5,0,1.0,1341.39,1.0,20.31
448,CASH_IN,1019.38,C8810787,8182.34,7162.96,C6305556,13466.99,14486.37,0,0,247.0,269.7,1,0.0,0.00,1.0,2.24
273,DEBIT,1228.77,C7314842,5164.37,3935.60,C9559402,24229.14,25457.92,0,0,92.0,329.9,1,0.0,0.00,1.0,17.95
394,DEBIT,1534.27,C4801775,13869.51,12335.25,C9968546,19323.83,20858.10,0,0,218.1,295.3,0,0.0,0.00,1.0,24.87
450,PAYMENT,427.76,C6041888,2527.84,2100.09,M8185888,24015.74,24443.50,0,0,160.6,307.6,0,1.0,954.55,1.0,15.29
375,DEBIT,2035.74,C1450595,15705.10,13669.36,C4846862,31378.13,33413.87,0,0,352.5,251.1,0,0.0,0.00,1.0,16.82
123,CASH_OUT,97916.27,C4094551,107890.02,0.00,C1183316,0.00,97916.27,1,0,6.4,2.5,1,15.0,428949.74,6.0,79.59
100,CASH_OUT,240162.50,C7828260,281276.91,0.00,C7383465,0.00,240162.50,1,1,242.9,1.1,1,1.0,240162.50,4.0,81.61
137,DEBIT,200.51,C8163157,966.30,765.79,C1301352,26495.76,26696.28,0,0,323.2,235.6,0,0.0,0.00,1.0,1.66
63,TRANSFER,780.45,C1538778,4317.89,3537.44,C1281168,12834.92,13615.38,0,0,292.5,250.5,0,0.0,0.00,1.0,16.06
85,CASH_IN,487.67,C9870780,2535.03,2047.36,C3249880,20842.34,21330.01,0,0,285.7,354.5,0,0.0,0.00,1.0,5.40
372,CASH_IN,472.46,C7459132,2467.76,1995.30,C6227841,23751.83,24224.28,0,0,110.1,293.6,0,0.0,0.00,1.0,20.56
68,PAYMENT,677.14,C7113344,6240.13,5562.99,M5058322,3647.26,4324.40,0,0,241.6,302.3,0,0.0,0.00,1.0,24.00
181,TRANSFER,27422.84,C6744062,30295.56,0.00,C3522070,0.00,27422.84,1,0,129.7,0.5,1,1.0,27422.84,1.0,88.88
397,CASH_OUT,22164.37,C2473685,23921.38,0.00,C6748799,0.00,22164.37,1,0,288.6,0.3,1,1.0,22164.37,1.0,68.39
42,PAYMENT,1185.56,C4588318,1973.91,788.34,M5828377,20267.31,21452.87,0,0,119.7,76.6,1,0.0,0.00,1.0,17.25
466,TRANSFER,2293.25,C3708217,22192.10,19898.84,C9961027,35371.27,37664.53,0,0,97.8,38.0,0,2.0,1095.49,1.0,10.22
213,TRANSFER,80.83,C4111058,663.34,582.52,C6505842,27822.37,27903.19,0,0,309.0,131.6,0,2.0,2961.12,1.0,22.65
425,DEBIT,3149.07,C2651410,22228.93,19079.86,C7531751,44950.96,48100.03,0,0,364.1,289.6,0,0.0,0.00,1.0,19.82
560,PAYMENT,618.38,C5406384,4603.90,3985.52,M9269181,24267.35,24885.73,0,0,322.6,127.4,0,0.0,0.00,1.0,12.45
705,DEBIT,346.86,C2501273,827.32,480.46,C1626498,6782.39,7129.25,0,0,332.0,123.3,0,0.0,0.00,1.0,12.76
688,TRANSFER,135.70,C9951047,296.71,161.01,C5971226,36211.55,36347.25,0,0,170.2,188.8,0,0.0,0.00,1.0,17.55
452,DEBIT,286.24,C9371261,1110.12,823.88,C2057317,26005.13,26291.37,0,0,206.8,344.5,0,0.0,0.00,1.0,14.56
77,DEBIT,663.87,C7140685,1983.33,1319.46,C2845455,5207.88,5871.74,0,0,176.7,244.1,1,2.0,1130.33,1.0,1.55
75,CASH_OUT,39145.78,C1838187,39974.22,0.00,C6529846,0.00,39145.78,1,0,5.7,3.9,1,12.0,525398.68,5.0,71.79
41,CASH_IN,1590.71,C7125405,12541.44,10950.73,C1554615,9584.04,11174.75,0,0,349.3,195.5,0,0.0,0.00,1.0,5.61
393,TRANSFER,2097.30,C3148422,6755.68,4658.37,C4210234,34993.61,37090.92,0,0,320.3,337.9,0,0.0,0.00,1.0,22.32
69,TRANSFER,618.76,C1773501,1525.02,906.25,C2669717,28420.76,29039.52,0,0,179.5,290.1,0,0.0,0.00,1.0,1.07
84,CASH_IN,594.96,C3301783,1252.36,657.40,C7160742,48797.14,49392.10,0,0,110.7,165.2,0,0.0,0.00,1.0,0.68
356,PAYMENT,2414.07,C5493189,3910.32,1496.25,M2375319,16789.70,19203.77,0,0,90.4,199.6,0,0.0,0.00,1.0,22.46
589,PAYMENT,729.95,C8992348,6509.95,5780.00,M2588118,30199.91,30929.86,0,0,82.5,120.8,1,1.0,574.81,1.0,12.53
683,CASH_IN,676.43,C7211014,2485.28,1808.85,C1294815,48812.42,49488.85,0,0,261.5,328.6,0,0.0,0.00,1.0,20.56
350,CASH_OUT,16897.28,C7365611,19509.59,0.00,C1604464,0.00,16897.28,1,0,230.9,1.2,1,1.0,16897.28,1.0,78.86
429,PAYMENT,1065.55,C5153219,5079.08,4013.52,M5832998,43420.93,44486.48,0,0,181.1,309.9,0,0.0,0.00,1.0,16.81
470,CASH_IN,566.63,C2212421,4621.22,4054.58,C5286560,41423.33,41989.96,0,0,363.5,128.8,0,0.0,0.00,1.0,24.65
353,CASH_IN,2700.48,C5118304,20531.91,17831.43,C8690406,13240.78,15941.27,0,0,106.6,271.8,0,1.0,444.27,1.0,2.68
250,PAYMENT,85.97,C3470191,272.02,186.05,M4062323,40029.98,40115.95,0,0,308.0,101.2,0,1.0,1339.63,1.0,11.89
228,PAYMENT,479.41,C1143885,1480.14,1000.73,M8615632,26584.74,27064.16,0,0,352.0,147.3,1,1.0,1275.59,1.0,1.47
488,PAYMENT,2063.32,C5519255,3629.56,1566.24,M9605685,23311.89,25375.21,0,0,313.8,133.0,0,0.0,0.00,1.0,23.83
663,TRANSFER,819.39,C4913401,7909.52,7090.13,C3548215,44395.29,45214.68,0,0,279.4,309.0,0,0.0,0.00,1.0,15.99
374,CASH_OUT,20315.59,C7358727,23102.35,0.00,C5606400,0.00,20315.59,1,0,271.8,2.0,1,1.0,20315.59,1.0,77.64
249,TRANSFER,2060.15,C1246251,17370.73,15310.58,C7812426,39674.66,41734.81,0,0,262.7,250.2,0,0.0,0.00,1.0,17.86
373,CASH_OUT,34073.55,C2147249,37334.47,0.00,C8262305,0.00,34073.55,1,0,123.6,0.9,1,1.0,34073.55,1.0,81.26
518,DEBIT,937.62,C5573840,3092.84,2155.22,C4642735,2199.12,3136.73,0,0,157.8,160.7,0,0.0,0.00,1.0,7.25
693,DEBIT,190.58,C9707216,754.19,563.61,C1066133,35030.51,35221.09,0,0,249.0,360.6,0,1.0,649.40,1.0,15.16
715,TRANSFER,1744.66,C1366966,11744.89,10000.22,C9069461,6574.88,8319.55,0,0,34.7,30.8,0,0.0,0.00,1.0,3.34
692,PAYMENT,761.11,C6209062,7027.56,6266.44,M9948507,10897.83,11658.94,0,0,34.1,62.6,0,1.0,1425.33,1.0,13.03
662,CASH_OUT,14025.32,C3332512,14261.91,0.00,C1587495,0.00,14025.32,1,0,167.3,2.0,1,1.0,14025.32,1.0,79.18
155,PAYMENT,682.16,C4697336,4443.64,3761.49,M4626664,40498.00,41180.16,0,0,144.4,102.4,0,0.0,0.00,1.0,18.94
182,TRANSFER,1639.56,C3691327,10671.81,9032.25,C7192554,26698.73,28338.29,0,0,171.9,351.8,0,0.0,0.00,1.0,10.59
597,TRANSFER,3517.28,C3860313,26618.12,23100.84,C4152680,49865.81,53383.08,0,0,107.3,179.3,0,0.0,0.00,1.0,12.05
545,PAYMENT,192.36,C2616491,493.94,301.58,M4098319,27720.36,27912.72,0,0,162.0,70.1,0,0.0,0.00,1.0,9.05
570,DEBIT,635.25,C8915237,4340.86,3705.61,C8182354,26065.72,26700.98,0,0,320.4,117.4,0,0.0,0.00,1.0,7.90
187,TRANSFER,652.13,C5000106,5522.13,4870.00,C6577095,252.75,904.88,0,0,134.9,271.9,0,0.0,0.00,1.0,10.78
313,DEBIT,2803.73,C7797195,22981.63,20177.90,C4572591,42696.35,45500.07,0,0,187.1,330.4,0,0.0,0.00,1.0,16.20
447,DEBIT,483.80,C7120167,2990.89,2507.09,C1530237,30965.16,31448.96,0,0,310.7,79.2,0,1.0,708.43,1.0,3.27
593,PAYMENT,202.85,C1160791,1254.27,1051.42,M7673020,3034.17,3237.02,0,0,104.9,86.4,0,0.0,0.00,1.0,5.45
266,CASH_OUT,97753.91,C9474196,115747.72,0.00,C1915916,0.00,97753.91,1,0,0.9,5.8,1,15.0,284366.69,9.0,66.94
476,DEBIT,737.40,C1243657,1529.93,792.54,C8562258,23755.41,24492.80,0,0,341.1,255.0,0,0.0,0.00,1.0,20.00
501,PAYMENT,269.20,C8162682,445.51,176.32,M5601431,1344.89,1614.09,0,0,199.1,330.8,0,0.0,0.00,1.0,10.16
425,DEBIT,457.82,C7142568,1182.61,724.79,C6116921,6318.05,6775.87,0,0,234.8,175.2,0,0.0,0.00,1.0,17.11
87,PAYMENT,1409.38,C9930202,10861.83,9452.45,M7894299,47486.81,48896.19,0,0,71.1,138.6,0,0.0,0.00,1.0,23.70
354,DEBIT,11495.15,C6013647,68010.86,56515.70,C2646128,41632.73,53127.89,0,0,195.8,168.5,0,1.0,965.58,1.0,17.55
711,PAYMENT,1240.96,C5433367,8780.55,7539.59,M9032331,2692.43,3933.39,0,0,157.5,158.7,0,0.0,0.00,1.0,12.62
191,CASH_OUT,215596.35,C5645253,256654.56,0.00,C3824979,0.00,215596.35,1,1,5.9,1.0,1,1.0,215596.35,2.0,16.26
515,TRANSFER,1978.62,C7802168,15441.89,13463.27,C5876638,12214.67,14193.29,0,0,148.4,343.3,0,0.0,0.00,1.0,3.72
662,CASH_IN,119.20,C6375657,1170.57,1051.37,C2063177,37260.69,37379.90,0,0,102.1,318.0,0,1.0,514.21,1.0,15.47
300,TRANSFER,199.41,C7442238,1297.09,1097.68,C4887694,7416.49,7615.91,0,0,221.9,114.1,0,0.0,0.00,1.0,9.19
63,TRANSFER,520.59,C1753679,1306.69,786.10,C2490697,25650.89,26171.48,0,0,104.1,118.5,0,0.0,0.00,1.0,9.11
691,CASH_IN,269.56,C7573553,793.16,523.60,C2757174,36207.39,36476.95,0,0,267.5,184.2,0,0.0,0.00,1.0,7.36
537,DEBIT,493.73,C7988098,850.59,356.86,C3880942,26147.67,26641.40,0,0,121.7,86.4,0,0.0,0.00,1.0,5.56
224,PAYMENT,624.71,C5601043,3441.31,2816.60,M9237493,42116.77,42741.49,0,0,291.2,40.2,0,1.0,949.29,1.0,20.67
381,TRANSFER,168.60,C2324373,473.95,305.35,C6237987,36035.01,36203.61,0,0,295.9,80.5,0,0.0,0.00,1.0,15.63
397,TRANSFER,18632.92,C3376377,21466.22,0.00,C5670373,0.00,18632.92,1,0,103.8,1.9,1,1.0,18632.92,1.0,87.34
205,CASH_IN,1592.26,C6511524,7251.78,5659.51,C2623078,22010.97,23603.23,0,0,344.1,241.6,0,1.0,1187.04,1.0,23.34
333,DEBIT,2217.08,C7123700,6284.52,4067.44,C8182069,38937.30,41154.38,0,0,356.5,253.8,0,1.0,897.38,1.0,6.67
569,CASH_IN,1439.47,C7959696,2396.85,957.38,C5215039,13729.35,15168.81,0,0,363.5,149.7,0,2.0,2103.17,1.0,23.34
658,CASH_IN,326.43,C4343644,3040.21,2713.78,C8875208,18842.74,19169.17,0,0,333.7,107.1,0,0.0,0.00,1.0,0.26
548,PAYMENT,2046.15,C7427105,9526.65,7480.50,M7682402,2708.87,4755.03,0,0,119.2,191.0,0,1.0,744.15,1.0,22.23
189,PAYMENT,284.38,C9595116,1047.83,763.46,M5812449,38784.14,39068.52,0,0,320.5,227.4,0,0.0,0.00,1.0,9.37
692,PAYMENT,5150.92,C3589031,7824.24,2673.32,M3744599,25581.97,30732.88,0,0,37.1,227.5,0,2.0,1967.95,1.0,15.77
477,PAYMENT,1389.04,C4188054,9328.18,7939.14,M6329863,11498.98,12888.02,0,0,44.1,73.0,0,1.0,485.08,1.0,18.17
197,TRANSFER,314.60,C2282838,971.29,656.68,C3131745,6991.43,7306.03,0,0,243.9,331.4,1,0.0,0.00,1.0,8.27
226,PAYMENT,1163.71,C8205773,4793.42,3629.71,M8482258,45107.54,46271.25,0,0,127.6,199.7,0,0.0,0.00,1.0,22.99
86,TRANSFER,64450.45,C1050933,71872.99,0.00,C6106244,0.00,64450.45,1,0,310.5,0.9,1,3.0,193351.34,4.0,88.27
586,DEBIT,216.33,C4119188,759.00,542.67,C3716068,14889.74,15106.07,0,0,204.8,96.0,1,0.0,0.00,1.0,3.48
356,PAYMENT,2084.76,C7079365,8703.54,6618.78,M9207887,43907.90,45992.65,0,0,97.7,202.1,0,0.0,0.00,1.0,8.13
427,PAYMENT,199.69,C5448563,1077.00,877.32,M5404232,19129.31,19329.00,0,0,289.4,159.4,0,1.0,1277.20,1.0,19.48
227,CASH_IN,634.87,C6126759,1061.62,426.76,C9762975,42127.89,42762.75,0,0,248.6,196.0,1,0.0,0.00,1.0,19.12
450,CASH_IN,735.77,C3120517,5234.19,4498.41,C4008460,26446.19,27181.97,0,0,253.2,180.0,0,0.0,0.00,1.0,12.58
490,TRANSFER,51240.42,C3775457,57225.96,0.00,C1404472,0.00,51240.42,1,0,6.2,2.1,1,2.0,102480.85,2.0,22.10
523,DEBIT,79.39,C4224340,403.13,323.74,C3944537,20796.24,20875.63,0,0,254.4,303.2,0,0.0,0.00,1.0,16.52
183,DEBIT,639.17,C6343105,1909.06,1269.90,C2489783,7650.26,8289.43,0,0,317.4,356.7,0,0.0,0.00,1.0,7.42
270,CASH_IN,1162.37,C1841559,11543.65,10381.28,C9150555,11850.21,13012.58,0,0,135.8,90.8,0,0.0,0.00,1.0,18.95
666,TRANSFER,45.93,C9434326,321.85,275.92,C5460885,2120.90,2166.83,0,0,332.8,320.0,0,0.0,0.00,1.0,18.59
106,CASH_IN,1342.67,C6818510,8134.83,6792.17,C8456471,11967.99,13310.65,0,0,194.6,209.1,0,0.0,0.00,1.0,23.95
330,DEBIT,417.57,C8818359,2256.23,1838.65,C8113718,31832.37,32249.95,0,0,92.7,155.4,0,1.0,1136.91,1.0,20.88
516,PAYMENT,631.38,C3946173,5586.34,4954.96,M7982476,14082.03,14713.40,0,0,44.4,235.7,0,1.0,597.62,1.0,2.55
164,PAYMENT,839.19,C9980340,3315.90,2476.71,M5724298,26727.63,27566.83,0,0,278.3,42.7,0,0.0,0.00,1.0,18.28
626,CASH_OUT,87753.71,C7712211,105236.49,0.00,C1964897,0.00,87753.71,1,0,1.2,4.1,1,7.0,264559.74,6.0,77.82
37,TRANSFER,155.35,C1215137,705.24,549.89,C5445187,23998.03,24153.38,0,0,192.7,67.3,0,0.0,0.00,1.0,0.10
184,DEBIT,242.59,C7058207,1952.78,1710.19,C5095195,1040.69,1283.28,0,0,261.0,319.2,0,0.0,0.00,1.0,7.86
571,CASH_IN,199.68,C5130111,1080.96,881.27,C4577266,6619.20,6818.88,0,0,144.5,76.7,0,1.0,1348.25,1.0,24.73
595,TRANSFER,661.94,C2116851,2049.10,1387.15,C3892605,37839.73,38501.67,0,0,149.4,53.7,0,0.0,0.00,1.0,15.71
544,CASH_IN,418.91,C9771028,2464.75,2045.84,C2098134,43883.61,44302.52,0,0,288.1,364.4,0,0.0,0.00,1.0,2.98
440,PAYMENT,294.65,C8782626,1194.15,899.49,M3686879,21617.63,21912.28,0,0,189.4,247.9,0,0.0,0.00,1.0,24.45
440,DEBIT,520.21,C5890882,1864.84,1344.63,C4724197,4330.26,4850.47,0,0,43.8,112.4,1,0.0,0.00,1.0,7.81
674,CASH_OUT,28403.71,C4696036,33235.54,0.00,C7600102,0.00,28403.71,1,0,0.6,1.1,1,16.0,461769.31,5.0,55.70
38,CASH_IN,175.26,C8559435,1341.72,1166.46,C3109299,34101.34,34276.60,0,0,264.2,131.8,0,0.0,0.00,1.0,0.90
716,CASH_IN,14928.50,C6502871,120177.09,105248.59,C6885757,15924.32,30852.82,0,0,100.3,77.8,0,0.0,0.00,1.0,22.05
615,TRANSFER,16534.22,C2029786,18198.09,0.00,C1810495,0.00,16534.22,1,0,133.9,1.2,1,1.0,16534.22,1.0,90.45
44,CASH_IN,263.79,C1900659,2336.72,2072.94,C4294950,7157.42,7421.21,0,0,276.2,364.9,0,0.0,0.00,1.0,23.01
669,PAYMENT,441.75,C7153429,773.89,332.14,M5441243,49483.96,49925.71,0,0,153.2,231.1,1,0.0,0.00,1.0,23.80
131,TRANSFER,1456.23,C2853477,5586.76,4130.53,C3270256,49002.63,50458.86,0,0,269.6,116.0,0,0.0,0.00,1.0,3.13
110,CASH_IN,777.59,C5285412,3041.91,2264.31,C7149488,3617.43,4395.02,0,0,33.5,132.8,0,1.0,1184.97,1.0,17.82
177,PAYMENT,984.00,C2388630,7127.95,6143.95,M7714937,12593.79,13577.79,0,0,104.6,64.5,1,0.0,0.00,1.0,13.89
617,DEBIT,1080.84,C4308189,8273.74,7192.90,C7333628,1321.72,2402.57,0,0,99.7,342.5,1,0.0,0.00,1.0,16.48
476,DEBIT,322.28,C8885258,1148.07,825.79,C8321738,13784.50,14106.79,0,0,173.2,201.0,0,0.0,0.00,1.0,21.40
93,PAYMENT,266.34,C2906697,1895.00,1628.66,M1334445,37775.82,38042.16,0,0,170.7,158.6,0,0.0,0.00,1.0,9.48
474,CASH_IN,7428.50,C1776418,47504.91,40076.42,C8887101,15241.80,22670.30,0,0,209.5,110.4,0,2.0,2357.64,1.0,2.22
593,PAYMENT,1592.68,C8578233,7319.43,5726.75,M2715784,42448.57,44041.25,0,0,48.1,304.4,1,1.0,256.23,1.0,3.20
227,DEBIT,235.15,C6312805,510.77,275.62,C1677975,24512.53,24747.68,0,0,74.0,70.8,0,0.0,0.00,1.0,3.97
495,CASH_IN,922.28,C7703052,7581.27,6658.98,C9831359,42507.94,43430.22,0,0,283.0,314.5,0,0.0,0.00,1.0,1.26
494,CASH_OUT,12776.58,C1642382,14741.78,0.00,C5551823,0.00,12776.58,1,0,175.6,0.8,1,1.0,12776.58,1.0,82.03
326,CASH_OUT,29405.88,C2658969,33191.94,0.00,C8951961,0.00,29405.88,1,0,144.4,1.9,1,1.0,29405.88,1.0,80.68
617,PAYMENT,520.96,C1310173,2981.07,2460.11,M2824495,36517.96,37038.92,0,0,45.3,293.6,0,0.0,0.00,1.0,5.24
300,PAYMENT,191.26,C2935243,1876.88,1685.63,M2636338,21787.06,21978.31,0,0,56.2,102.0,0,0.0,0.00,1.0,21.79
652,TRANSFER,152773.21,C5089059,164914.89,0.00,C6607766,0.00,152773.21,1,0,272.8,2.0,1,3.0,458319.63,2.0,82.64
257,DEBIT,588.47,C4288063,5817.62,5229.15,C7299300,32619.77,33208.24,0,0,183.5,329.9,0,0.0,0.00,1.0,10.85
546,TRANSFER,130.22,C7460658,1144.08,1013.86,C1957425,10968.14,11098.36,0,0,209.2,137.9,0,0.0,0.00,1.0,4.38
112,CASH_OUT,84631.79,C4877227,99258.51,0.00,C3732805,0.00,84631.79,1,0,275.3,0.4,1,3.0,253895.36,1.0,92.09
90,CASH_IN,387.10,C5965099,2117.31,1730.21,C3580967,16224.10,16611.20,0,0,177.3,289.3,0,0.0,0.00,1.0,5.87
420,PAYMENT,1783.33,C6792142,11001.73,9218.40,M5609677,22385.17,24168.51,0,0,183.2,332.6,0,0.0,0.00,1.0,2.55
229,PAYMENT,2442.20,C9293793,23147.62,20705.43,M9096405,31965.70,34407.90,0,0,308.1,162.2,0,1.0,1082.12,1.0,13.10
381,PAYMENT,378.89,C8829561,2574.24,2195.35,M3978286,42488.14,42867.03,0,0,36.9,217.2,0,0.0,0.00,1.0,19.20
346,PAYMENT,602.78,C2364712,2262.04,1659.26,M5024790,13719.39,14322.17,0,0,210.5,304.4,1,0.0,0.00,1.0,6.44
467,TRANSFER,163878.01,C7334744,172769.18,0.00,C6836610,0.00,163878.01,1,0,314.7,3.9,1,3.0,491634.03,1.0,80.78
689,PAYMENT,326.25,C2545482,1433.24,1106.99,M2582647,34518.62,34844.87,0,0,346.8,283.0,0,0.0,0.00,1.0,3.15
709,TRANSFER,188127.55,C2115909,195677.73,0.00,C1008334,0.00,188127.55,1,0,268.2,0.9,1,3.0,564382.65,2.0,97.49
40,TRANSFER,96.44,C6141882,176.60,80.16,C9953229,13719.70,13816.14,0,0,320.5,70.9,0,0.0,0.00,1.0,0.58
512,DEBIT,206.08,C8638931,685.85,479.77,C5173340,15569.12,15775.20,0,0,231.8,338.6,0,0.0,0.00,1.0,18.56
161,DEBIT,1131.72,C7129325,9418.71,8287.00,C2120039,6399.45,7531.17,0,0,87.9,243.7,0,0.0,0.00,1.0,9.46
501,TRANSFER,218.06,C1998093,1939.85,1721.78,C1966292,44116.04,44334.10,0,0,297.6,346.5,0,0.0,0.00,1.0,5.21
705,CASH_IN,1617.78,C8395418,4567.38,2949.60,C9247898,34337.85,35955.63,0,0,139.1,118.5,0,0.0,0.00,1.0,4.09
289,TRANSFER,593.81,C1938845,1310.06,716.26,C4676649,29004.78,29598.59,0,0,135.3,30.7,0,0.0,0.00,1.0,3.82
474,DEBIT,367.09,C7239429,1612.59,1245.50,C3463303,43757.37,44124.46,0,0,267.8,358.4,0,0.0,0.00,1.0,1.06
499,PAYMENT,866.59,C8710894,3557.44,2690.85,M3531213,1842.30,2708.89,0,0,94.6,48.8,0,0.0,0.00,1.0,16.33
61,CASH_IN,568.91,C4679827,1541.40,972.49,C2191467,5657.11,6226.02,0,0,190.6,121.9,0,0.0,0.00,1.0,8.46
520,PAYMENT,828.92,C9453077,7405.86,6576.95,M1419050,47211.34,48040.26,0,0,183.5,297.0,0,0.0,0.00,1.0,8.33
246,DEBIT,351.03,C3968804,2726.00,2374.97,C4130835,49845.78,50196.81,0,0,132.6,96.4,0,1.0,646.08,1.0,21.04
43,TRANSFER,1182.78,C7964111,6329.29,5146.51,C7557342,42843.10,44025.88,0,0,107.4,280.7,0,0.0,0.00,1.0,2.64
38,TRANSFER,491.11,C8150858,1757.58,1266.47,C8690740,36378.09,36869.20,0,0,316.4,178.5,1,2.0,2596.96,1.0,16.50
324,TRANSFER,239.95,C2514490,1723.53,1483.58,C5306440,20070.58,20310.53,0,0,118.5,92.9,1,0.0,0.00,1.0,8.42
180,CASH_OUT,239380.82,C5302488,276519.60,0.00,C9797552,0.00,239380.82,1,1,183.2,2.9,1,1.0,239380.82,4.0,80.76
698,TRANSFER,70390.53,C8907805,75209.68,0.00,C4362318,0.00,70390.53,1,0,261.8,3.1,1,2.0,140781.06,1.0,97.49
208,TRANSFER,249916.59,C8319872,264758.57,0.00,C1778026,0.00,249916.59,1,1,0.1,6.0,1,3.0,749749.76,2.0,27.85
374,TRANSFER,1048.92,C5232097,3065.52,2016.59,C8142198,17385.70,18434.62,0,0,62.5,350.8,0,0.0,0.00,1.0,24.89
344,PAYMENT,2805.50,C4957941,18799.92,15994.43,M6102362,45068.95,47874.45,0,0,155.3,226.4,0,0.0,0.00,1.0,21.94
62,PAYMENT,723.17,C1520706,3204.01,2480.84,M5559499,29559.42,30282.59,0,0,66.6,68.8,0,0.0,0.00,1.0,4.12
281,PAYMENT,1222.13,C7715622,6474.55,5252.42,M3405994,27199.03,28421.16,0,0,356.1,335.0,1,0.0,0.00,1.0,20.39
717,CASH_IN,118.79,C7391289,249.02,130.23,C8238490,16896.69,17015.48,0,0,271.4,352.1,0,0.0,0.00,1.0,24.45
202,TRANSFER,81.52,C2448889,541.59,460.07,C3848140,20560.48,20642.00,0,0,332.2,324.0,0,0.0,0.00,1.0,14.28
291,CASH_OUT,72376.12,C6742557,77344.91,0.00,C3130082,0.00,72376.12,1,0,2.2,3.8,1,6.0,418503.83,5.0,61.82
638,DEBIT,177.88,C2678377,1394.66,1216.78,C1445814,34121.81,34299.68,0,0,354.5,322.0,0,1.0,1254.80,1.0,9.21
273,PAYMENT,1422.79,C1159394,9854.12,8431.32,M3030741,10550.70,11973.49,0,0,230.3,192.9,0,0.0,0.00,1.0,24.70
338,CASH_OUT,57047.85,C5962147,60310.13,0.00,C1644285,0.00,57047.85,1,0,3.8,3.4,1,7.0,210559.80,7.0,67.27
170,TRANSFER,31098.90,C6242953,33855.37,0.00,C6554156,0.00,31098.90,1,0,0.1,5.1,1,7.0,419704.02,9.0,84.48
298,DEBIT,2171.18,C3235686,5301.67,3130.49,C5768204,9913.97,12085.15,0,0,224.9,354.2,0,0.0,0.00,1.0,5.20
28,TRANSFER,839.91,C2909653,4704.83,3864.91,C5904024,46213.82,47053.73,0,0,300.7,146.7,0,0.0,0.00,1.0,2.59
349,TRANSFER,4873.46,C9243713,48297.11,43423.66,C9389020,3354.26,8227.72,0,0,31.4,233.6,0,1.0,439.13,1.0,0.92
261,CASH_IN,665.29,C8459245,3846.66,3181.37,C5565915,46106.02,46771.31,0,0,39.8,207.1,0,1.0,1366.82,1.0,24.24
135,TRANSFER,1083.16,C1765186,4133.50,3050.34,C6126805,32974.96,34058.11,0,0,362.9,315.5,0,0.0,0.00,1.0,16.01
537,PAYMENT,1408.70,C3337695,10607.54,9198.83,M4576004,32239.93,33648.64,0,0,256.4,145.1,0,0.0,0.00,1.0,6.43
457,TRANSFER,82058.71,C9547918,89387.89,0.00,C1054523,0.00,82058.71,1,0,6.2,2.9,1,17.0,260706.61,4.0,78.31
562,PAYMENT,665.32,C7781793,3433.18,2767.86,M3480988,4187.80,4853.12,0,0,278.7,80.5,0,1.0,895.13,1.0,0.35
562,CASH_IN,315.53,C9308143,1300.99,985.47,C9246717,49882.66,50198.19,0,0,259.8,231.7,0,0.0,0.00,1.0,14.12
187,CASH_IN,416.37,C2464587,4046.69,3630.33,C3870086,43414.06,43830.43,0,0,205.4,194.7,0,0.0,0.00,1.0,11.20
519,CASH_IN,1317.68,C5087525,3509.08,2191.40,C5419735,34259.12,35576.80,0,0,122.0,214.0,0,0.0,0.00,1.0,4.22
596,PAYMENT,1030.96,C5519225,3949.58,2918.61,M3842483,47773.57,48804.54,0,0,335.3,114.4,0,0.0,0.00,1.0,18.15
179,PAYMENT,1218.28,C7112626,3769.37,2551.10,M8583842,24012.74,25231.02,0,0,326.3,150.3,0,0.0,0.00,1.0,4.88
422,DEBIT,1869.96,C4891761,9748.56,7878.60,C1414584,10515.47,12385.43,0,0,39.7,210.0,0,0.0,0.00,1.0,17.86
248,TRANSFER,2586.74,C1715823,21794.80,19208.06,C4677406,36511.13,39097.87,0,0,262.4,261.4,0,0.0,0.00,1.0,1.89
539,CASH_IN,771.72,C2609029,4019.21,3247.49,C5657546,28992.90,29764.63,0,0,219.0,256.7,1,0.0,0.00,1.0,22.36
164,CASH_IN,1114.13,C6937229,6479.26,5365.13,C4852253,47036.49,48150.62,0,0,73.5,78.8,0,0.0,0.00,1.0,5.68
32,PAYMENT,596.57,C9999632,2093.48,1496.90,M5865146,25080.28,25676.85,0,0,224.0,183.4,0,1.0,576.44,1.0,5.94
659,CASH_IN,229.26,C5259027,1736.32,1507.06,C6984132,13804.94,14034.20,0,0,337.4,194.3,0,0.0,0.00,1.0,17.15
287,CASH_OUT,286120.15,C3657113,309655.29,0.00,C4619521,0.00,286120.15,1,1,6.3,0.7,1,1.0,286120.15,2.0,10.08
600,TRANSFER,140185.33,C8574529,151792.32,0.00,C8081345,0.00,140185.33,1,0,1.7,4.2,1,4.0,560741.31,1.0,1.70
565,DEBIT,411.66,C1365289,2694.58,2282.93,C7140606,15038.58,15450.24,0,0,321.6,230.7,0,1.0,1064.41,1.0,7.00
447,CASH_OUT,26855.11,C7087069,28639.44,0.00,C8438929,0.00,26855.11,1,0,278.3,0.9,1,1.0,26855.11,1.0,73.87
627,TRANSFER,162107.25,C8366659,162455.90,0.00,C2106736,0.00,162107.25,1,0,297.4,1.4,1,2.0,324214.49,2.0,80.33
589,PAYMENT,127.88,C6820619,1147.20,1019.32,M3474384,21306.59,21434.47,0,0,353.8,249.2,0,0.0,0.00,1.0,23.09
523,TRANSFER,336.61,C6323033,1634.64,1298.02,C2241096,15142.94,15479.55,0,0,155.1,146.6,0,0.0,0.00,1.0,10.50
115,CASH_IN,368.94,C1312860,981.81,612.87,C2815191,38793.68,39162.63,0,0,175.8,298.6,0,1.0,640.12,1.0,23.35
282,CASH_IN,1821.52,C8770343,15205.12,13383.60,C1780711,6353.77,8175.29,0,0,319.2,292.7,0,0.0,0.00,1.0,13.13
106,DEBIT,935.45,C6522032,5085.00,4149.55,C1209343,31548.75,32484.20,0,0,305.5,277.2,1,0.0,0.00,1.0,10.16
421,TRANSFER,13608.62,C2113919,14984.17,0.00,C8975963,0.00,13608.62,1,0,236.1,0.6,1,1.0,13608.62,1.0,86.84
217,TRANSFER,60363.04,C8735668,69721.62,0.00,C6959915,0.00,60363.04,1,0,2.8,0.7,1,16.0,198451.27,5.0,72.84
669,PAYMENT,1683.41,C2845337,6723.01,5039.60,M4982747,11969.42,13652.82,0,0,361.7,191.2,0,0.0,0.00,1.0,23.94
665,CASH_IN,765.50,C5690864,3968.41,3202.91,C7262908,12302.38,13067.88,0,0,214.4,156.4,0,0.0,0.00,1.0,9.28
200,CASH_IN,809.15,C8139123,4785.44,3976.29,C2997105,27765.54,28574.69,0,0,203.6,253.9,1,1.0,386.73,1.0,23.54
421,CASH_IN,927.77,C6384090,4447.51,3519.74,C2347607,18237.04,19164.82,0,0,305.5,77.3,0,1.0,1495.70,1.0,0.25
664,CASH_IN,1101.34,C7310882,7293.79,6192.45,C8738649,17081.00,18182.34,0,0,30.7,142.4,0,0.0,0.00,1.0,13.56
106,DEBIT,579.01,C8585242,1405.24,826.23,C4544512,34782.42,35361.43,0,0,92.9,119.6,0,0.0,0.00,1.0,9.69
471,DEBIT,351.93,C5253333,1201.03,849.10,C4978956,14098.16,14450.09,0,0,193.7,231.1,0,0.0,0.00,1.0,2.75
394,TRANSFER,711.39,C1516244,5251.45,4540.06,C2987909,24097.31,24808.71,0,0,180.0,229.7,0,0.0,0.00,1.0,17.00
705,CASH_IN,2088.48,C7408467,18910.54,16822.06,C5489459,39640.54,41729.02,0,0,306.7,286.1,0,1.0,1059.22,1.0,24.55
467,TRANSFER,926.91,C2280508,2807.64,1880.73,C7391501,43931.31,44858.21,0,0,38.4,356.0,1,0.0,0.00,1.0,16.59
719,CASH_OUT,240759.20,C5613004,283105.60,0.00,C2095212,0.00,240759.20,1,1,3.2,5.5,1,5.0,1203796.02,2.0,23.62
204,CASH_IN,1336.34,C2971601,4466.11,3129.78,C5190476,6116.81,7453.15,0,0,35.9,218.9,0,0.0,0.00,1.0,4.24
51,TRANSFER,82831.74,C8847590,98423.55,0.00,C3915815,0.00,82831.74,1,0,1.9,0.1,1,10.0,383583.36,4.0,75.49
61,DEBIT,75.77,C6277495,595.94,520.17,C9283603,33429.40,33505.17,0,0,77.0,122.7,0,1.0,805.44,1.0,11.96
88,TRANSFER,665.49,C7555645,3202.50,2537.00,C3481858,8131.28,8796.77,0,0,307.3,346.0,0,0.0,0.00,1.0,7.00
423,DEBIT,334.04,C8643482,1847.98,1513.94,C2945008,17133.53,17467.57,0,0,250.7,354.8,0,1.0,913.58,1.0,17.60
498,TRANSFER,384.73,C5763277,2920.75,2536.02,C7819447,14405.93,14790.66,0,0,295.4,228.0,0,0.0,0.00,1.0,22.83
632,CASH_IN,4030.89,C5355861,33030.23,28999.34,C6679252,12620.39,16651.28,0,0,192.9,117.2,0,1.0,1274.59,1.0,14.03
468,PAYMENT,57.50,C9846486,264.06,206.56,M6685014,36245.57,36303.07,0,0,187.6,128.8,0,0.0,0.00,1.0,19.09
405,PAYMENT,540.14,C3206193,4751.02,4210.88,M6356940,2762.21,3302.35,0,0,193.3,195.9,0,0.0,0.00,1.0,2.50
459,CASH_OUT,90835.27,C5990611,100491.14,0.00,C8206045,0.00,90835.27,1,0,1.8,6.8,1,6.0,470590.57,8.0,63.42
63,CASH_IN,2637.46,C6915542,21511.79,18874.33,C7220187,32814.15,35451.61,0,0,71.7,316.9,0,0.0,0.00,1.0,22.55
419,PAYMENT,952.83,C8900722,7437.26,6484.44,M9825761,11971.70,12924.53,0,0,39.1,216.5,0,0.0,0.00,1.0,5.43
464,PAYMENT,1307.26,C5686109,4590.84,3283.58,M3186872,42947.79,44255.04,0,0,244.3,221.1,0,0.0,0.00,1.0,19.03
86,TRANSFER,977.54,C7313071,7404.31,6426.77,C2431645,8021.55,8999.09,0,0,199.1,334.7,0,1.0,642.77,1.0,12.47
50,TRANSFER,53124.78,C2900982,55714.04,0.00,C3120921,0.00,53124.78,1,0,1.0,5.3,1,7.0,235865.37,3.0,45.96
256,PAYMENT,226.20,C6228208,1051.55,825.35,M1280402,15980.70,16206.90,0,0,34.7,291.3,0,1.0,1445.86,1.0,22.58
445,CASH_OUT,24517.61,C8283127,27590.43,0.00,C1637204,0.00,24517.61,1,0,246.5,1.5,1,1.0,24517.61,1.0,80.43
135,TRANSFER,32681.68,C9267980,38386.63,0.00,C6239503,0.00,32681.68,1,0,224.4,0.8,1,1.0,32681.68,1.0,91.63
302,TRANSFER,31267.60,C5615609,34176.12,0.00,C2874519,0.00,31267.60,1,0,180.9,0.1,1,1.0,31267.60,1.0,71.36
560,DEBIT,1469.11,C7912730,13617.25,12148.14,C3015409,45542.14,47011.25,0,0,129.3,137.9,0,1.0,253.23,1.0,4.91
468,TRANSFER,855.10,C2797109,2450.10,1595.01,C3995248,15429.34,16284.43,0,0,207.3,95.4,0,0.0,0.00,1.0,23.59
443,CASH_IN,540.18,C3262032,1681.03,1140.85,C1927895,45977.91,46518.08,0,0,308.4,356.7,0,1.0,731.09,1.0,7.57
346,PAYMENT,2835.04,C5408320,24854.90,22019.86,M4198238,35218.11,38053.15,0,0,86.9,235.8,0,0.0,0.00,1.0,15.54
489,CASH_IN,305.48,C9635490,1038.66,733.18,C5240341,8502.64,8808.12,0,0,65.4,235.8,0,1.0,447.08,1.0,1.54
710,TRANSFER,17079.22,C4048289,19180.75,0.00,C2963342,0.00,17079.22,1,0,230.7,0.1,1,1.0,17079.22,1.0,94.63
402,CASH_IN,475.19,C9447834,3810.19,3335.01,C1394724,8415.14,8890.33,0,0,105.8,64.4,0,0.0,0.00,1.0,11.92
468,TRANSFER,506.65,C8567969,4093.33,3586.68,C7316934,32573.91,33080.56,0,0,314.5,56.5,0,0.0,0.00,1.0,23.31
592,TRANSFER,334.97,C1694371,1171.42,836.44,C2839291,26635.76,26970.74,0,0,82.7,90.3,0,1.0,1231.41,1.0,20.62
704,CASH_IN,702.41,C8711903,2229.59,1527.18,C5558902,14634.04,15336.44,0,0,150.7,83.0,1,0.0,0.00,1.0,15.32
565,TRANSFER,28324.87,C9630357,31728.66,0.00,C4937000,0.00,28324.87,1,0,267.3,1.5,1,1.0,28324.87,1.0,77.28
453,DEBIT,226.22,C5210317,1954.40,1728.18,C6665648,43967.76,44193.98,0,0,132.0,178.0,0,0.0,0.00,1.0,0.20
248,CASH_IN,317.24,C4863106,2118.61,1801.37,C3898953,21800.72,22117.96,0,0,348.5,303.8,0,0.0,0.00,1.0,11.07
547,CASH_IN,611.74,C8652233,1050.37,438.63,C8664775,472.08,1083.82,0,0,342.1,232.2,0,0.0,0.00,1.0,23.51
69,PAYMENT,374.83,C3128207,2234.28,1859.45,M2783540,30787.89,31162.72,0,0,59.6,45.2,0,0.0,0.00,1.0,9.07
274,DEBIT,1249.41,C9564559,3892.92,2643.52,C7866911,44237.30,45486.71,0,0,222.2,310.4,0,0.0,0.00,1.0,11.97
115,PAYMENT,432.31,C5999595,1202.38,770.08,M4581554,15880.01,16312.32,0,0,210.8,45.0,0,0.0,0.00,1.0,10.29
322,PAYMENT,614.81,C8289900,6142.32,5527.51,M8475712,11559.65,12174.46,0,0,50.3,347.5,1,1.0,669.18,1.0,3.75
705,PAYMENT,882.05,C9037298,8672.37,7790.32,M4795196,11353.62,12235.67,0,0,329.2,238.2,0,1.0,287.28,1.0,15.69
379,CASH_IN,729.99,C5936530,1841.34,1111.35,C3472169,40859.32,41589.31,0,0,169.2,298.3,0,0.0,0.00,1.0,2.38
62,CASH_IN,412.57,C5574056,2546.31,2133.75,C1499373,30171.77,30584.34,0,0,201.5,85.5,0,0.0,0.00,1.0,4.88
426,PAYMENT,1117.50,C4905855,3207.37,2089.87,M2304227,15172.36,16289.86,0,0,316.3,110.8,1,1.0,627.86,1.0,8.68
177,DEBIT,290.32,C1374768,1701.32,1411.00,C4217393,31216.40,31506.72,0,0,349.8,125.5,0,0.0,0.00,1.0,17.89
300,TRANSFER,314.07,C4716842,1814.40,1500.33,C4092812,14786.72,15100.79,0,0,209.2,69.1,0,0.0,0.00,1.0,6.59
178,TRANSFER,719.81,C6522500,4174.01,3454.20,C3009903,49217.27,49937.08,0,0,123.9,330.9,0,1.0,1346.38,1.0,7.81
309,TRANSFER,585.74,C9228356,1622.99,1037.25,C7455795,17564.96,18150.70,0,0,218.7,344.0,0,0.0,0.00,1.0,23.51
615,PAYMENT,534.88,C4238123,3445.42,2910.54,M1464215,20893.38,21428.26,0,0,339.4,85.5,0,1.0,1152.76,1.0,12.78
618,DEBIT,238.86,C9880720,1198.03,959.17,C4746820,39217.93,39456.79,0,0,170.5,44.4,0,1.0,652.16,1.0,6.75
550,CASH_OUT,283422.20,C8357414,299887.35,0.00,C4710075,0.00,283422.20,1,1,1.0,0.9,1,4.0,1133688.79,2.0,29.03
33,DEBIT,511.46,C2053237,2261.26,1749.80,C9953407,18281.42,18792.88,0,0,239.1,216.2,0,0.0,0.00,1.0,5.99
35,CASH_IN,1705.12,C6455522,12549.21,10844.09,C8451316,32208.77,33913.88,0,0,202.7,213.1,0,0.0,0.00,1.0,13.38
702,DEBIT,1574.98,C7076775,9902.99,8328.00,C1205202,14798.35,16373.33,0,0,61.6,320.5,0,1.0,1468.67,1.0,21.05
638,CASH_IN,111.58,C8727791,950.27,838.69,C2482355,22581.94,22693.52,0,0,191.8,171.7,0,2.0,1861.05,1.0,1.70
591,TRANSFER,123.55,C4140798,720.93,597.38,C2545778,41850.39,41973.95,0,0,133.2,154.4,0,0.0,0.00,1.0,13.06
329,CASH_IN,1272.36,C1748519,10056.23,8783.87,C2050333,46808.77,48081.13,0,0,260.5,73.7,0,0.0,0.00,1.0,5.41
28,CASH_OUT,181005.71,C8316577,202779.52,0.00,C7900313,0.00,181005.71,1,0,255.4,3.1,1,1.0,181005.71,1.0,90.71
687,PAYMENT,2167.29,C6039546,12575.18,10407.89,M3761504,31169.22,33336.51,0,0,234.5,289.9,1,0.0,0.00,1.0,0.16
113,TRANSFER,719.14,C6247386,4466.97,3747.83,C1376753,27672.14,28391.28,0,0,261.2,196.3,0,0.0,0.00,1.0,6.77
469,TRANSFER,698.31,C5569507,2316.61,1618.30,C9789218,45843.08,46541.39,0,0,30.4,61.5,0,0.0,0.00,1.0,21.44
155,TRANSFER,293.90,C3980597,878.48,584.58,C5299769,11053.26,11347.15,0,0,141.9,253.8,0,0.0,0.00,1.0,4.03
282,DEBIT,689.83,C3107825,3966.76,3276.93,C1358970,2864.06,3553.90,0,0,306.0,39.0,0,0.0,0.00,1.0,22.67
615,PAYMENT,466.66,C1346246,4042.94,3576.28,M6066620,31111.88,31578.54,0,0,66.1,349.4,0,1.0,1360.62,1.0,3.67
423,TRANSFER,2384.52,C3901014,22414.76,20030.24,C8514498,16625.79,19010.31,0,0,221.3,44.4,0,0.0,0.00,1.0,14.44
80,DEBIT,636.05,C7928530,3567.19,2931.14,C3491229,44725.03,45361.09,0,0,297.8,173.8,0,0.0,0.00,1.0,11.00
59,CASH_IN,1224.12,C6857617,2751.45,1527.33,C2955986,23749.32,24973.44,0,0,165.4,285.3,0,0.0,0.00,1.0,5.00
90,PAYMENT,358.78,C5741495,549.53,190.75,M6305774,16305.13,16663.91,0,0,136.5,315.4,0,0.0,0.00,1.0,0.36
226,TRANSFER,293.67,C5372280,1193.76,900.10,C9455724,49560.88,49854.55,0,0,336.2,297.1,0,0.0,0.00,1.0,6.43
374,PAYMENT,32.20,C3772323,161.92,129.72,M7601416,32477.46,32509.66,0,0,248.7,280.9,0,0.0,0.00,1.0,5.90
370,TRANSFER,101.81,C8935709,798.52,696.71,C3986313,6295.09,6396.89,0,0,119.2,304.7,0,0.0,0.00,1.0,13.54
472,CASH_IN,680.92,C9490258,4642.73,3961.81,C1421713,41876.79,42557.71,0,0,59.3,145.5,0,0.0,0.00,1.0,3.27
542,PAYMENT,483.62,C6430754,924.78,441.16,M1038545,9686.50,10170.12,0,0,137.4,321.1,0,0.0,0.00,1.0,12.32
40,CASH_IN,89.70,C5966276,537.37,447.67,C4464211,32928.80,33018.50,0,0,182.2,306.5,0,0.0,0.00,1.0,7.55
446,PAYMENT,266.54,C2119968,1926.54,1660.01,M8795533,2809.13,3075.66,0,0,34.7,322.6,1,2.0,2033.01,1.0,1.66
261,PAYMENT,799.38,C3823519,4803.49,4004.11,M6152405,44756.40,45555.78,0,0,267.8,35.0,0,0.0,0.00,1.0,1.04
537,CASH_IN,187.98,C2489036,1371.09,1183.10,C7074343,6208.20,6396.18,0,0,167.0,245.3,0,1.0,1242.16,1.0,10.33
107,DEBIT,146.15,C3415553,1429.50,1283.35,C4100543,22208.29,22354.45,0,0,69.2,83.0,0,1.0,1191.66,1.0,19.32
549,DEBIT,5662.65,C7240639,34623.90,28961.25,C2549420,12939.50,18602.15,0,0,187.3,93.5,1,0.0,0.00,1.0,16.75
614,TRANSFER,20921.85,C4335907,22843.22,0.00,C2531119,0.00,20921.85,1,0,185.1,1.4,1,1.0,20921.85,1.0,83.45
457,TRANSFER,98306.21,C4004760,99330.34,0.00,C9368959,0.00,98306.21,1,0,4.9,1.8,1,10.0,165372.75,7.0,49.16
135,PAYMENT,226.26,C8823985,480.12,253.87,M3205902,22614.30,22840.56,0,0,131.3,261.0,0,0.0,0.00,1.0,16.16
132,DEBIT,2347.10,C6195001,21695.17,19348.07,C5038583,20296.69,22643.79,0,0,176.7,346.8,0,1.0,902.62,1.0,4.57
193,TRANSFER,99846.44,C4023486,100602.60,0.00,C3635621,0.00,99846.44,1,0,0.9,2.6,1,10.0,270219.22,5.0,48.12
90,PAYMENT,465.06,C8864589,1102.26,637.20,M1888883,28086.99,28552.05,0,0,325.3,137.4,1,1.0,291.67,1.0,5.81
322,PAYMENT,420.70,C9419624,2349.37,1928.67,M2238712,22169.89,22590.60,0,0,290.9,112.8,0,0.0,0.00,1.0,10.83
67,PAYMENT,4543.33,C9774879,14267.34,9724.01,M8202235,11871.02,16414.35,0,0,298.4,334.0,0,1.0,927.85,1.0,19.49
25,CASH_OUT,84998.50,C3948726,91899.43,0.00,C4645240,0.00,84998.50,1,0,4.9,0.4,1,13.0,480304.63,9.0,64.73
566,CASH_IN,445.98,C4561022,3045.54,2599.56,C1969201,9288.60,9734.58,0,0,136.6,146.0,0,0.0,0.00,1.0,8.26
522,TRANSFER,118.55,C9756469,746.99,628.44,C3639461,7021.51,7140.06,0,0,172.5,129.9,0,1.0,1452.93,1.0,15.13
116,TRANSFER,69.38,C8756340,258.16,188.78,C6877571,23091.99,23161.37,0,0,350.3,81.7,0,0.0,0.00,1.0,22.07
59,CASH_IN,3320.58,C7284697,10666.95,7346.38,C8396833,5236.66,8557.23,0,0,293.0,51.0,0,0.0,0.00,1.0,15.26
92,TRANSFER,2021.21,C1353313,4099.39,2078.18,C8236303,12980.26,15001.48,0,0,351.5,319.8,0,0.0,0.00,1.0,4.88
330,DEBIT,162.29,C4169521,1451.60,1289.31,C4806152,30144.18,30306.47,0,0,38.8,117.1,0,0.0,0.00,1.0,7.40
596,TRANSFER,7887.35,C3971879,24837.28,16949.92,C6265618,32574.87,40462.22,0,0,122.7,180.6,0,0.0,0.00,1.0,15.34
306,PAYMENT,12285.84,C3307616,110918.21,98632.37,M1447648,18486.56,30772.40,0,0,300.6,41.0,0,0.0,0.00,1.0,17.21
538,TRANSFER,1803.32,C2262593,16038.33,14235.01,C5413585,45856.13,47659.45,0,0,104.4,95.9,0,0.0,0.00,1.0,9.11
347,DEBIT,1096.73,C8669075,9804.31,8707.58,C8737389,41279.01,42375.75,0,0,314.5,325.6,0,0.0,0.00,1.0,12.48
301,TRANSFER,606.08,C9361219,4806.20,4200.12,C7477155,28909.22,29515.30,0,0,173.4,271.0,0,0.0,0.00,1.0,8.15
548,PAYMENT,511.77,C3942504,3949.24,3437.47,M3723969,47883.86,48395.63,0,0,33.8,34.9,0,0.0,0.00,1.0,8.07
705,DEBIT,1068.90,C8048480,5041.16,3972.25,C2010575,10066.20,11135.11,0,0,225.3,122.0,0,1.0,750.85,1.0,16.29
152,DEBIT,207.73,C5529671,1291.26,1083.53,C6476052,15425.85,15633.58,0,0,219.4,272.4,1,0.0,0.00,1.0,21.99
546,TRANSFER,852.17,C4542883,4525.91,3673.74,C7013497,43146.94,43999.11,0,0,303.6,286.3,0,1.0,309.43,1.0,17.43
680,DEBIT,925.18,C6801187,5976.36,5051.18,C3172690,49570.76,50495.94,0,0,261.2,212.0,0,2.0,1354.96,1.0,2.21
261,TRANSFER,1898.69,C1661253,4341.84,2443.15,C6520232,27745.57,29644.27,0,0,174.5,110.6,0,0.0,0.00,1.0,0.90
543,CASH_IN,351.22,C4235980,1528.27,1177.05,C6690065,711.61,1062.84,0,0,134.0,342.6,0,1.0,992.96,1.0,7.21
69,DEBIT,682.74,C9618384,2733.45,2050.71,C3535902,9278.33,9961.06,0,0,126.1,114.8,0,1.0,1036.28,1.0,18.81
300,TRANSFER,639.25,C3566656,2322.24,1682.99,C6743860,17413.31,18052.55,0,0,284.5,107.3,0,0.0,0.00,1.0,21.24
516,TRANSFER,187014.61,C5863782,201828.37,0.00,C1360281,0.00,187014.61,1,0,0.4,6.4,1,2.0,374029.22,1.0,2.07
92,DEBIT,1002.88,C5452954,4972.82,3969.93,C1778357,16474.36,17477.24,0,0,307.5,353.0,1,0.0,0.00,1.0,2.48
595,CASH_IN,48.25,C4117147,426.61,378.37,C2307452,2153.54,2201.79,0,0,118.3,362.1,0,1.0,215.02,1.0,20.65
395,PAYMENT,73.91,C7927188,489.24,415.33,M4939914,46069.40,46143.31,0,0,89.3,245.6,0,0.0,0.00,1.0,9.15
141,TRANSFER,213.33,C3545529,1708.66,1495.34,C3220805,37154.20,37367.52,0,0,298.6,215.7,0,0.0,0.00,1.0,11.79
325,TRANSFER,16228.15,C3520375,17389.47,0.00,C7980429,0.00,16228.15,1,0,272.9,1.1,1,1.0,16228.15,1.0,93.96
253,CASH_IN,1064.22,C3128963,7619.55,6555.33,C3494172,41488.49,42552.70,0,0,222.7,156.8,0,1.0,773.13,1.0,13.86
633,TRANSFER,674.33,C7378335,1254.17,579.85,C6241867,43450.41,44124.74,0,0,161.0,289.1,1,1.0,897.22,1.0,17.45
622,TRANSFER,861.51,C7762403,1800.58,939.08,C7738636,36198.13,37059.64,0,0,244.1,273.8,0,1.0,1152.99,1.0,4.50
110,CASH_IN,1313.50,C4733289,4245.41,2931.91,C7778421,45669.48,46982.98,0,0,169.0,255.7,0,0.0,0.00,1.0,17.62
405,CASH_IN,1038.40,C3660994,7303.06,6264.66,C9354763,45227.45,46265.84,0,0,230.5,152.9,0,0.0,0.00,1.0,4.93
476,CASH_IN,728.89,C3585559,3674.83,2945.94,C8371708,18250.33,18979.21,0,0,298.0,135.3,0,0.0,0.00,1.0,1.80
322,CASH_IN,168.07,C8162218,362.48,194.41,C9101672,7195.08,7363.15,0,0,185.0,202.1,0,0.0,0.00,1.0,9.85
344,DEBIT,568.62,C4500224,5453.37,4884.75,C8056547,21449.76,22018.38,0,0,85.9,93.4,0,1.0,1202.67,1.0,9.57
64,DEBIT,458.61,C5411051,1918.58,1459.96,C9973236,7352.35,7810.97,0,0,276.7,275.1,0,0.0,0.00,1.0,6.91
596,PAYMENT,349.87,C5689002,2301.24,1951.37,M7136103,32545.59,32895.47,0,0,336.7,75.7,0,0.0,0.00,1.0,13.07
234,TRANSFER,127.14,C6277240,970.49,843.36,C8461343,10898.34,11025.48,0,0,42.7,174.1,1,0.0,0.00,1.0,14.84
164,PAYMENT,486.18,C9579500,3608.42,3122.24,M2700511,39192.33,39678.51,0,0,75.1,147.9,0,0.0,0.00,1.0,0.20
193,TRANSFER,255190.56,C6955787,294954.54,0.00,C1773990,0.00,255190.56,1,1,2.7,1.8,1,2.0,510381.11,1.0,12.95
154,PAYMENT,299.97,C2914909,1611.45,1311.48,M6056899,46516.08,46816.05,0,0,46.7,105.0,0,1.0,619.23,1.0,21.70
320,TRANSFER,384.94,C2072403,3778.62,3393.68,C4903614,23239.19,23624.13,0,0,296.7,180.3,0,1.0,476.39,1.0,21.78
455,TRANSFER,302628.62,C3698804,321523.55,0.00,C3931252,0.00,302628.62,1,1,4.8,6.8,1,5.0,1513143.12,1.0,23.72
267,CASH_OUT,87047.73,C5650698,87758.66,0.00,C7136349,0.00,87047.73,1,0,2.6,4.9,1,9.0,486698.36,6.0,47.00
201,PAYMENT,35.03,C2090012,166.93,131.90,M5974758,7412.29,7447.32,0,0,104.5,90.1,0,0.0,0.00,1.0,1.05
305,CASH_IN,2147.88,C7802627,9696.77,7548.88,C3038550,8254.49,10402.37,0,0,298.6,72.1,0,1.0,592.42,1.0,6.38
381,DEBIT,1031.72,C7185488,3894.75,2863.03,C3980794,38757.66,39789.38,0,0,258.8,186.1,0,0.0,0.00,1.0,4.17
447,PAYMENT,1537.24,C4006612,11809.28,10272.04,M1281495,23480.40,25017.64,0,0,133.8,112.8,0,0.0,0.00,1.0,24.09
116,DEBIT,1587.49,C9845380,4374.97,2787.48,C4463151,17735.01,19322.50,0,0,257.4,277.8,0,0.0,0.00,1.0,9.77
713,TRANSFER,2837.06,C9302264,23196.55,20359.50,C9392247,403.90,3240.96,0,0,91.3,58.3,0,1.0,1277.86,1.0,7.14
111,CASH_OUT,14968.40,C3667376,17814.34,0.00,C8356505,0.00,14968.40,1,0,132.5,1.1,1,1.0,14968.40,1.0,75.40
474,DEBIT,513.54,C1102673,3393.72,2880.18,C4986226,17929.72,18443.26,0,0,115.8,161.9,0,0.0,0.00,1.0,5.42
584,CASH_IN,2102.41,C3395883,10783.10,8680.69,C1826632,36610.47,38712.88,0,0,272.5,59.4,0,2.0,1609.00,1.0,21.65
374,CASH_OUT,28641.82,C1414553,29811.48,0.00,C9495527,0.00,28641.82,1,0,207.8,0.9,1,1.0,28641.82,1.0,82.92
571,PAYMENT,1798.91,C2438861,4673.37,2874.47,M8368315,40612.62,42411.53,0,0,355.1,57.0,0,0.0,0.00,1.0,15.14
40,CASH_OUT,73444.57,C5282608,87553.71,0.00,C3434856,0.00,73444.57,1,0,0.8,5.5,1,4.0,293778.26,1.0,28.02
200,DEBIT,525.91,C6974520,2362.58,1836.67,C5010399,26916.19,27442.10,0,0,351.2,303.9,1,0.0,0.00,1.0,0.80
56,PAYMENT,1162.25,C9051740,7418.59,6256.33,M2570971,37400.54,38562.80,0,0,336.6,168.6,0,0.0,0.00,1.0,1.68
688,DEBIT,1405.78,C1167966,8446.50,7040.71,C6813527,8994.48,10400.26,0,0,324.3,273.0,0,0.0,0.00,1.0,0.36
321,PAYMENT,1052.96,C6684719,2148.07,1095.11,M1996253,34297.23,35350.19,0,0,354.1,241.3,1,0.0,0.00,1.0,7.15
62,PAYMENT,1014.44,C3877605,7902.03,6887.58,M8287921,2854.59,3869.03,0,0,284.9,307.0,1,0.0,0.00,1.0,22.94
133,DEBIT,275.83,C7043960,745.25,469.42,C1869629,25967.19,26243.02,0,0,244.0,283.7,0,0.0,0.00,1.0,13.24
273,CASH_IN,357.30,C8077454,727.08,369.78,C2869576,47229.59,47586.90,0,0,62.5,251.7,0,1.0,1266.03,1.0,12.69
660,CASH_IN,2017.12,C1870838,5225.29,3208.18,C5058546,10558.86,12575.98,0,0,141.3,306.9,1,0.0,0.00,1.0,3.90
388,CASH_IN,194.51,C1797164,1943.24,1748.73,C1002829,1393.72,1588.23,0,0,131.1,115.5,0,0.0,0.00,1.0,15.81
304,TRANSFER,610.19,C3342450,2814.40,2204.21,C9213242,44203.48,44813.67,0,0,183.1,195.1,0,0.0,0.00,1.0,19.64
567,DEBIT,1403.68,C6658994,3813.83,2410.15,C7712965,20664.03,22067.71,0,0,168.1,231.0,0,1.0,947.95,1.0,15.50
376,TRANSFER,634.29,C8544327,4527.24,3892.96,C3910772,11933.43,12567.72,0,0,40.8,134.5,0,1.0,711.75,1.0,24.38
348,DEBIT,575.32,C3799691,2088.03,1512.71,C3756335,48219.77,48795.09,0,0,152.7,43.7,0,0.0,0.00,1.0,10.65
186,PAYMENT,398.67,C6717458,1461.77,1063.11,M5561442,8643.13,9041.79,0,0,222.9,240.9,0,0.0,0.00,1.0,2.78
452,PAYMENT,330.48,C5765808,2254.34,1923.86,M4262669,43757.46,44087.94,0,0,313.3,306.4,1,0.0,0.00,1.0,13.52
42,PAYMENT,740.69,C2430731,3629.53,2888.84,M6323388,39319.74,40060.43,0,0,346.9,64.1,0,1.0,745.66,1.0,3.82
352,PAYMENT,2616.59,C7585007,15872.45,13255.86,M3944009,23457.46,26074.05,0,0,139.5,132.3,0,0.0,0.00,1.0,22.28
274,PAYMENT,257.50,C5344764,2533.64,2276.14,M2734685,8884.56,9142.06,0,0,287.3,193.8,0,0.0,0.00,1.0,1.40
316,TRANSFER,138261.24,C6700911,154028.35,0.00,C4993025,0.00,138261.24,1,0,1.7,0.1,1,1.0,138261.24,1.0,4.83
235,PAYMENT,93.81,C1471911,483.15,389.33,M3535304,33708.74,33802.55,0,0,353.5,224.1,0,0.0,0.00,1.0,6.86
613,DEBIT,3907.17,C2186869,16034.79,12127.62,C9591109,9989.13,13896.30,0,0,106.3,188.3,1,1.0,1150.25,1.0,19.01
642,DEBIT,1480.19,C8329304,6537.51,5057.32,C5669327,42087.45,43567.64,0,0,62.4,319.7,0,2.0,1706.29,1.0,22.19
618,TRANSFER,1535.48,C5079570,13261.52,11726.03,C3680873,37633.04,39168.52,0,0,138.3,273.4,0,0.0,0.00,1.0,21.92
183,CASH_IN,557.17,C1829741,2585.15,2027.98,C9656340,152.49,709.66,0,0,39.5,187.1,1,0.0,0.00,1.0,11.73
501,CASH_IN,470.23,C1369003,3097.28,2627.05,C5955772,30034.58,30504.82,0,0,193.5,126.0,0,0.0,0.00,1.0,23.00
421,TRANSFER,1568.66,C7903802,15307.59,13738.93,C7038291,31121.25,32689.91,0,0,49.5,124.3,0,0.0,0.00,1.0,19.60
98,TRANSFER,81714.92,C9749876,86419.43,0.00,C1579140,0.00,81714.92,1,0,1.8,1.2,1,14.0,274696.85,5.0,46.73
259,TRANSFER,412.73,C3561682,1236.89,824.15,C8911034,33138.20,33550.94,0,0,103.8,81.3,0,0.0,0.00,1.0,15.64
641,TRANSFER,2968.96,C3638125,12854.11,9885.15,C2343442,33551.19,36520.15,0,0,147.8,348.6,0,0.0,0.00,1.0,21.91
203,DEBIT,182.56,C3416127,838.43,655.87,C2572155,5149.85,5332.41,0,0,96.4,205.5,1,0.0,0.00,1.0,0.67
657,DEBIT,296.79,C8824406,1068.61,771.81,C2405486,33147.21,33444.01,0,0,293.6,178.0,1,1.0,1243.56,1.0,5.93
549,PAYMENT,405.14,C8318173,3635.54,3230.40,M1168755,7486.86,7892.00,0,0,230.8,146.0,0,0.0,0.00,1.0,6.53
495,CASH_IN,1614.88,C1039847,14264.52,12649.64,C2153460,16366.95,17981.83,0,0,273.1,363.6,0,0.0,0.00,1.0,21.52
113,DEBIT,212.15,C7504024,1538.59,1326.43,C7769243,42549.46,42761.61,0,0,66.1,358.1,1,2.0,1063.93,1.0,12.31
353,CASH_IN,185.82,C9575617,886.12,700.30,C7452626,16284.57,16470.38,0,0,303.4,341.5,0,0.0,0.00,1.0,11.24
539,CASH_IN,1091.93,C1624727,10460.68,9368.75,C3651589,28476.12,29568.05,0,0,265.8,225.5,0,0.0,0.00,1.0,24.11
419,TRANSFER,745.31,C6504340,5005.92,4260.61,C8120197,21393.82,22139.13,0,0,156.6,294.6,1,0.0,0.00,1.0,24.63
232,CASH_IN,637.87,C3178696,1007.96,370.09,C6702433,28535.01,29172.88,0,0,129.2,110.1,0,1.0,596.17,1.0,12.24
490,DEBIT,2620.36,C5514470,13145.39,10525.03,C5274976,28765.94,31386.30,0,0,206.0,295.3,0,0.0,0.00,1.0,16.33
709,CASH_IN,783.42,C5065034,1623.32,839.89,C9193710,44874.46,45657.88,0,0,238.1,105.7,1,0.0,0.00,1.0,19.22
397,CASH_IN,263.54,C5281968,1642.02,1378.49,C6381554,2972.05,3235.58,0,0,347.6,94.8,0,0.0,0.00,1.0,3.93
403,TRANSFER,714.62,C5071444,5378.83,4664.22,C7397988,2451.53,3166.15,0,0,361.2,354.2,0,0.0,0.00,1.0,24.82
570,TRANSFER,262.87,C8843727,1850.44,1587.58,C3041573,31393.59,31656.45,0,0,343.5,57.3,0,0.0,0.00,1.0,7.03
138,TRANSFER,1030.21,C9818645,8862.77,7832.56,C1618644,30319.02,31349.23,0,0,319.2,30.1,1,0.0,0.00,1.0,8.54
473,TRANSFER,362.97,C2476084,1506.36,1143.39,C6531074,32118.12,32481.09,0,0,37.7,354.7,0,0.0,0.00,1.0,3.84
661,PAYMENT,230.86,C6560082,1538.76,1307.91,M7918569,36769.00,36999.86,0,0,356.9,48.5,1,0.0,0.00,1.0,15.11
79,PAYMENT,1157.67,C7526930,4724.55,3566.88,M2617945,21121.55,22279.22,0,0,200.2,188.1,0,0.0,0.00,1.0,3.23
700,TRANSFER,63494.39,C8715368,64397.65,0.00,C2018955,0.00,63494.39,1,0,6.1,3.5,1,16.0,324699.98,6.0,84.72
327,CASH_IN,380.37,C5412599,1419.48,1039.11,C1432976,35599.15,35979.52,0,0,264.4,135.1,0,0.0,0.00,1.0,7.56
158,CASH_OUT,29212.41,C2120699,31499.44,0.00,C8172741,0.00,29212.41,1,0,258.4,0.2,1,1.0,29212.41,1.0,94.92
469,DEBIT,524.07,C8393459,2459.06,1934.99,C3047939,31173.43,31697.50,0,0,168.7,221.6,0,1.0,1031.87,1.0,17.27
563,CASH_OUT,235387.35,C9918301,239213.08,0.00,C4911438,0.00,235387.35,1,1,318.2,1.7,1,1.0,235387.35,2.0,75.96
225,PAYMENT,210.27,C7601832,1894.29,1684.02,M6316963,22300.55,22510.82,0,0,34.2,175.4,0,1.0,985.60,1.0,21.17
154,TRANSFER,1360.35,C7359490,5379.22,4018.87,C9206843,10225.70,11586.04,0,0,182.0,124.9,1,0.0,0.00,1.0,8.46
595,DEBIT,1439.08,C7677041,3788.70,2349.62,C4766776,37361.57,38800.65,0,0,48.2,86.5,0,0.0,0.00,1.0,15.32
394,PAYMENT,434.63,C1406926,2603.92,2169.29,M2889408,6589.32,7023.95,0,0,196.5,225.5,0,0.0,0.00,1.0,6.47
712,CASH_IN,664.10,C4168274,2447.67,1783.57,C6914527,44605.22,45269.32,0,0,43.4,337.5,0,0.0,0.00,1.0,15.85
517,DEBIT,827.63,C7160708,5569.24,4741.61,C4255161,43455.59,44283.23,0,0,257.0,235.8,0,0.0,0.00,1.0,2.52
477,CASH_IN,282.74,C6224249,1663.92,1381.19,C2484238,45199.16,45481.89,0,0,108.1,62.8,0,0.0,0.00,1.0,11.15
709,CASH_OUT,58236.86,C4462324,67024.00,0.00,C4330447,0.00,58236.86,1,0,2.2,4.6,1,4.0,232947.43,4.0,15.15
608,DEBIT,1105.14,C7724769,5161.72,4056.57,C6256434,8748.11,9853.25,0,0,181.0,160.2,0,0.0,0.00,1.0,2.44
621,TRANSFER,1189.26,C6781623,1937.45,748.18,C2757494,3584.95,4774.21,0,0,95.6,51.9,0,1.0,253.22,1.0,15.29
689,CASH_OUT,109524.68,C3267477,129064.75,0.00,C5910767,0.00,109524.68,1,0,1.5,6.6,1,1.0,109524.68,2.0,14.95
87,PAYMENT,1563.30,C2486259,9446.31,7883.02,M7745297,42794.71,44358.01,0,0,83.7,235.6,0,0.0,0.00,1.0,3.81
38,TRANSFER,16384.14,C6260721,16790.10,0.00,C9106134,0.00,16384.14,1,0,172.6,1.2,1,1.0,16384.14,1.0,77.04
480,DEBIT,822.05,C1397883,1608.40,786.35,C1874913,41201.36,42023.40,0,0,102.1,261.1,0,1.0,635.93,1.0,4.61
611,PAYMENT,173.75,C1804059,1381.02,1207.27,M4730931,26861.90,27035.65,0,0,294.9,215.7,0,0.0,0.00,1.0,15.45
579,CASH_OUT,40852.30,C7989354,47709.79,0.00,C1518611,0.00,40852.30,1,0,4.1,5.8,1,10.0,342530.87,7.0,77.14
453,CASH_IN,643.50,C3883485,5189.37,4545.87,C9847048,27569.48,28212.98,0,0,345.4,78.1,1,0.0,0.00,1.0,3.83
690,CASH_IN,374.93,C5634044,894.28,519.36,C8436209,9995.07,10370.00,0,0,42.0,342.5,0,0.0,0.00,1.0,7.37
183,DEBIT,2960.95,C7616652,6916.44,3955.49,C7870482,5106.43,8067.39,0,0,341.1,117.9,1,0.0,0.00,1.0,6.52
260,PAYMENT,223.84,C9973762,466.21,242.37,M8204047,44451.94,44675.79,0,0,246.9,203.2,0,1.0,769.63,1.0,14.28
571,DEBIT,876.99,C4714853,6164.71,5287.72,C9156817,16194.57,17071.56,0,0,56.9,349.8,0,0.0,0.00,1.0,19.83
253,TRANSFER,2976.87,C2226369,11436.66,8459.79,C7127402,44331.38,47308.25,0,0,186.4,317.4,0,1.0,1458.29,1.0,1.22
569,DEBIT,752.96,C9175708,2127.24,1374.28,C6514678,47619.61,48372.57,0,0,145.2,31.9,0,0.0,0.00,1.0,13.59
689,CASH_IN,605.42,C3142915,5611.92,5006.50,C7476174,19099.57,19704.99,0,0,351.3,208.2,0,1.0,517.40,1.0,18.78
39,CASH_OUT,22781.85,C3762917,26371.14,0.00,C9072484,0.00,22781.85,1,0,163.0,1.1,1,1.0,22781.85,1.0,92.21
276,CASH_IN,180.56,C9411879,374.65,194.09,C9585802,9238.70,9419.26,0,0,330.8,349.4,1,0.0,0.00,1.0,16.04
301,DEBIT,1498.31,C7820805,14568.13,13069.82,C4442033,1936.29,3434.60,0,0,335.5,297.8,1,0.0,0.00,1.0,0.38
235,DEBIT,1232.46,C3924289,9735.86,8503.40,C6485399,4386.85,5619.32,0,0,188.8,53.7,0,0.0,0.00,1.0,22.78
177,PAYMENT,2261.23,C1159257,12871.56,10610.33,M1478450,12060.32,14321.55,0,0,231.8,223.5,1,0.0,0.00,1.0,2.64
495,TRANSFER,25273.13,C4095782,29877.35,0.00,C7701812,0.00,25273.13,1,0,192.7,0.5,1,1.0,25273.13,1.0,71.42
244,DEBIT,1851.30,C9499658,10172.74,8321.44,C4225665,20723.30,22574.60,0,0,221.4,112.7,1,1.0,281.46,1.0,16.08
621,CASH_IN,557.63,C8337625,2502.79,1945.16,C8211855,37339.03,37896.66,0,0,207.3,157.8,1,0.0,0.00,1.0,14.54
140,DEBIT,303.87,C3897213,1082.95,779.08,C3011001,26398.40,26702.27,0,0,38.5,194.6,0,0.0,0.00,1.0,1.89
279,PAYMENT,892.19,C4264695,6706.13,5813.94,M7515344,27494.17,28386.35,0,0,268.1,162.3,0,0.0,0.00,1.0,17.31
626,TRANSFER,67500.92,C8757721,80940.71,0.00,C9949136,0.00,67500.92,1,0,6.4,2.2,1,8.0,548839.64,7.0,72.20
160,TRANSFER,1237.44,C1812916,10965.55,9728.11,C7638094,12254.07,13491.51,0,0,62.5,173.5,0,1.0,1258.48,1.0,21.21
594,DEBIT,238.54,C9988297,2009.62,1771.08,C5167239,40607.53,40846.07,0,0,362.4,187.4,0,0.0,0.00,1.0,8.26
541,DEBIT,564.17,C2533274,4158.46,3594.30,C2027659,6709.32,7273.49,0,0,55.9,291.3,0,1.0,995.89,1.0,0.88
652,DEBIT,304.77,C6454984,2077.42,1772.66,C9165355,26016.87,26321.63,0,0,149.3,170.5,0,0.0,0.00,1.0,16.24
392,CASH_IN,897.76,C8199560,4369.64,3471.88,C6447198,20755.20,21652.96,0,0,331.6,210.5,0,0.0,0.00,1.0,10.27
488,DEBIT,587.95,C4052184,3702.31,3114.36,C7542105,25487.17,26075.12,0,0,89.4,236.3,1,0.0,0.00,1.0,20.14
637,CASH_IN,161.14,C4038144,1379.04,1217.90,C7794568,3221.33,3382.48,0,0,109.7,338.5,0,2.0,1491.61,1.0,13.32
595,CASH_IN,299.12,C5570559,638.60,339.47,C7448861,33982.60,34281.72,0,0,43.6,101.8,0,1.0,1209.33,1.0,3.56
374,CASH_IN,89.27,C4769589,736.20,646.94,C2817164,15082.38,15171.65,0,0,67.9,356.4,0,0.0,0.00,1.0,0.45
258,TRANSFER,201.85,C3726458,1006.30,804.45,C8609678,34827.09,35028.94,0,0,355.4,120.2,0,0.0,0.00,1.0,5.81
352,CASH_IN,1183.21,C5465097,3524.65,2341.44,C2425723,18374.23,19557.44,0,0,206.7,322.5,0,0.0,0.00,1.0,5.54
350,CASH_IN,708.46,C5661798,2557.17,1848.70,C8126467,26316.81,27025.27,0,0,59.2,244.2,0,0.0,0.00,1.0,11.21
291,CASH_OUT,195607.42,C8406749,207280.26,0.00,C3995800,0.00,195607.42,1,0,205.4,3.7,1,2.0,391214.85,2.0,88.78
248,CASH_IN,918.99,C9180505,5670.58,4751.59,C8865923,4910.04,5829.02,0,0,79.0,51.1,0,0.0,0.00,1.0,10.52
635,CASH_IN,984.39,C3453420,5437.37,4452.98,C4392943,10002.12,10986.52,0,0,265.3,212.7,0,1.0,964.27,1.0,24.15
683,TRANSFER,1344.82,C2353862,5111.99,3767.17,C5160477,28413.59,29758.40,0,0,79.5,91.3,0,0.0,0.00,1.0,16.78
104,DEBIT,1987.14,C7365040,18880.68,16893.54,C1900948,11051.72,13038.87,0,0,169.9,187.0,0,0.0,0.00,1.0,2.58
691,DEBIT,2848.42,C1901142,28359.74,25511.32,C1213276,43193.64,46042.06,0,0,92.6,207.8,0,0.0,0.00,1.0,11.63
681,TRANSFER,951.98,C8575711,1778.70,826.71,C6232662,41056.89,42008.88,0,0,264.8,353.6,0,1.0,1143.32,1.0,16.15
491,CASH_IN,3058.49,C5231726,19001.89,15943.39,C6414744,12697.32,15755.81,0,0,33.2,323.0,0,0.0,0.00,1.0,21.92
419,TRANSFER,60596.83,C7246865,68426.09,0.00,C7609903,0.00,60596.83,1,0,225.8,3.3,1,2.0,121193.67,1.0,87.88
707,CASH_IN,618.80,C5218335,2675.06,2056.26,C7439895,41330.52,41949.32,0,0,184.6,66.0,0,0.0,0.00,1.0,21.65
113,PAYMENT,703.65,C6021107,2222.63,1518.98,M3604744,31891.71,32595.36,0,0,249.2,190.6,0,0.0,0.00,1.0,24.67
421,PAYMENT,1244.69,C2000216,3506.58,2261.89,M5300117,8364.30,9608.98,0,0,239.0,80.8,0,0.0,0.00,1.0,10.35
395,CASH_IN,165.87,C9844743,497.53,331.65,C3529113,35653.58,35819.46,0,0,214.9,153.9,0,0.0,0.00,1.0,18.34
157,TRANSFER,1853.78,C7410652,6302.37,4448.59,C9638323,39281.79,41135.57,0,0,99.5,248.2,0,0.0,0.00,1.0,19.64
286,TRANSFER,207218.30,C4496450,208960.20,0.00,C3345123,0.00,207218.30,1,1,6.6,0.8,1,2.0,414436.59,2.0,26.72
355,PAYMENT,238.12,C2058698,2062.94,1824.82,M9698285,4334.21,4572.33,0,0,139.6,354.7,0,0.0,0.00,1.0,16.46
617,CASH_IN,4193.81,C5764580,24746.79,20552.98,C1247928,42382.80,46576.61,0,0,211.2,348.5,0,0.0,0.00,1.0,0.95
511,DEBIT,354.05,C5027885,881.98,527.93,C5762585,42054.83,42408.87,0,0,82.7,130.0,0,2.0,994.99,1.0,22.01
682,PAYMENT,349.50,C7325980,2999.62,2650.12,M2245336,1462.97,1812.48,0,0,168.7,236.6,0,0.0,0.00,1.0,6.19
562,DEBIT,371.92,C6028900,2027.49,1655.57,C6718862,44081.30,44453.22,0,0,46.7,139.8,0,1.0,837.52,1.0,23.91
106,CASH_IN,659.35,C7474420,2626.84,1967.49,C9650550,6770.66,7430.01,0,0,298.3,84.6,0,1.0,1265.70,1.0,10.64
421,TRANSFER,12572.52,C5969677,13902.72,0.00,C3453117,0.00,12572.52,1,0,181.6,1.2,1,1.0,12572.52,1.0,79.36
472,TRANSFER,490.41,C8942818,3214.13,2723.72,C7994614,39916.91,40407.32,0,0,313.2,298.6,1,1.0,1192.61,1.0,12.28
592,CASH_OUT,185008.97,C5797491,195846.90,0.00,C5191761,0.00,185008.97,1,0,4.8,1.3,1,4.0,740035.88,4.0,2.61
518,TRANSFER,107596.80,C8397697,123668.70,0.00,C3721087,0.00,107596.80,1,0,294.2,4.1,1,1.0,107596.80,2.0,92.16
242,CASH_OUT,65121.26,C5504140,67326.27,0.00,C8374594,0.00,65121.26,1,0,0.3,0.1,1,10.0,367616.42,5.0,54.17
540,DEBIT,1257.27,C2026356,11263.06,10005.79,C9932127,2392.26,3649.53,0,0,355.2,297.4,0,0.0,0.00,1.0,13.40
469,PAYMENT,217.05,C1854006,896.46,679.41,M3407794,12541.85,12758.90,0,0,66.0,129.4,0,1.0,1331.70,1.0,0.55
189,CASH_IN,356.34,C6723442,1260.86,904.52,C6900458,19749.19,20105.53,0,0,67.6,293.0,0,0.0,0.00,1.0,8.30
683,DEBIT,943.67,C8190826,6972.09,6028.42,C2329556,29756.71,30700.38,0,0,275.3,289.0,1,0.0,0.00,1.0,21.70
283,DEBIT,9089.81,C2511586,16514.70,7424.89,C1513530,13283.16,22372.97,0,0,276.1,245.1,0,2.0,2893.83,1.0,21.22
404,CASH_IN,265.86,C9175846,1231.22,965.36,C4123278,32637.22,32903.07,0,0,218.4,216.8,0,0.0,0.00,1.0,14.05
187,TRANSFER,403.61,C5749911,2176.51,1772.91,C4872038,2374.47,2778.08,0,0,307.4,272.3,0,1.0,559.25,1.0,24.82
176,CASH_IN,1169.85,C4794674,7184.58,6014.73,C7012503,3856.66,5026.51,0,0,222.5,35.2,1,0.0,0.00,1.0,13.27
256,TRANSFER,653.59,C9852312,1060.58,406.99,C5478036,7864.22,8517.81,0,0,275.4,348.2,0,1.0,1110.93,1.0,5.62
131,TRANSFER,500.00,C1674600,3701.16,3201.15,C7955164,12108.61,12608.61,0,0,85.1,117.1,0,1.0,888.05,1.0,19.57
105,TRANSFER,1385.27,C3675433,9388.43,8003.16,C4470004,39980.90,41366.16,0,0,166.6,147.2,0,0.0,0.00,1.0,11.10
292,TRANSFER,74310.21,C5281121,82268.02,0.00,C9958680,0.00,74310.21,1,0,3.3,5.5,1,10.0,586388.61,6.0,48.22
154,DEBIT,958.49,C4262281,3238.45,2279.96,C4104566,37809.26,38767.75,0,0,189.5,343.4,1,0.0,0.00,1.0,4.89
611,PAYMENT,2809.64,C2214789,20117.81,17308.17,M5853074,25093.35,27902.99,0,0,286.5,295.3,0,0.0,0.00,1.0,20.02
209,DEBIT,933.96,C7108661,4072.66,3138.70,C4295722,33388.03,34321.99,0,0,128.6,312.1,0,0.0,0.00,1.0,21.85
420,TRANSFER,196261.43,C5812066,211099.38,0.00,C9550309,0.00,196261.43,1,0,238.3,0.3,1,3.0,588784.28,2.0,97.61
685,TRANSFER,106.04,C7145160,256.61,150.57,C9670413,34422.56,34528.60,0,0,153.0,206.5,0,0.0,0.00,1.0,11.09
356,DEBIT,519.90,C7882451,3307.45,2787.55,C6226098,18876.41,19396.31,0,0,63.0,237.4,0,0.0,0.00,1.0,1.50
675,CASH_OUT,85435.59,C4216347,100151.65,0.00,C8369594,0.00,85435.59,1,0,3.5,2.6,1,9.0,383897.61,6.0,83.86
379,TRANSFER,309.83,C5994206,777.76,467.93,C2407859,28501.75,28811.58,0,0,182.2,258.0,0,1.0,753.94,1.0,6.28
369,PAYMENT,1612.93,C9837545,9256.11,7643.17,M8687324,32803.14,34416.07,0,0,323.8,171.1,0,0.0,0.00,1.0,4.65
303,CASH_OUT,14330.77,C4479795,16787.76,0.00,C7840618,0.00,14330.77,1,0,229.5,1.8,1,1.0,14330.77,1.0,88.03
706,CASH_IN,340.92,C5865293,540.76,199.84,C2084336,31342.51,31683.43,0,0,170.6,88.6,1,0.0,0.00,1.0,14.35
516,PAYMENT,468.94,C5626362,1326.86,857.92,M7694643,41182.28,41651.22,0,0,235.2,217.9,0,0.0,0.00,1.0,0.33
505,CASH_OUT,326023.57,C5650868,389857.44,0.00,C9039554,0.00,326023.57,1,1,3.7,3.1,1,4.0,1304094.30,4.0,25.03
544,PAYMENT,1009.93,C1948956,9055.25,8045.32,M8839771,41947.99,42957.92,0,0,210.0,297.9,1,1.0,1206.39,1.0,8.73
566,TRANSFER,21782.62,C6112294,22291.43,0.00,C9314278,0.00,21782.62,1,0,269.3,0.2,1,1.0,21782.62,1.0,85.29
148,TRANSFER,63414.99,C1436242,68090.22,0.00,C5103863,0.00,63414.99,1,0,1.2,0.2,1,9.0,319737.34,3.0,69.31
208,PAYMENT,1365.80,C4308608,2288.25,922.45,M8889914,49705.11,51070.92,0,0,339.5,46.0,0,2.0,805.45,1.0,10.77
355,DEBIT,150.87,C8411850,591.24,440.36,C4832798,11083.07,11233.94,0,0,146.8,274.3,1,0.0,0.00,1.0,15.17
300,TRANSFER,792.28,C8390341,1226.13,433.85,C9970002,38984.73,39777.01,0,0,289.0,220.3,0,0.0,0.00,1.0,11.17
567,CASH_IN,1686.64,C6153776,8096.21,6409.57,C1864694,19698.32,21384.96,0,0,269.2,142.6,0,0.0,0.00,1.0,19.68
240,TRANSFER,803.95,C2353003,4637.29,3833.34,C5905312,21649.22,22453.17,0,0,269.9,302.2,0,0.0,0.00,1.0,23.24
58,DEBIT,2462.53,C4279682,8408.44,5945.92,C1344028,1480.44,3942.97,0,0,56.4,349.0,0,0.0,0.00,1.0,22.98
690,PAYMENT,1121.83,C1979870,7122.64,6000.81,M8981252,40428.42,41550.26,0,0,265.1,220.4,0,0.0,0.00,1.0,8.96
546,CASH_IN,494.54,C9319326,2436.44,1941.90,C4612764,7810.28,8304.82,0,0,34.4,108.3,0,0.0,0.00,1.0,14.04
619,TRANSFER,570.05,C8145902,5070.70,4500.66,C3035762,24387.30,24957.35,0,0,219.5,107.7,1,0.0,0.00,1.0,22.49
38,TRANSFER,25065.11,C4000532,25749.24,0.00,C9267268,0.00,25065.11,1,0,253.4,0.1,1,1.0,25065.11,1.0,73.18
88,PAYMENT,185.93,C1920303,299.20,113.27,M8297865,9231.15,9417.08,0,0,80.5,59.6,0,0.0,0.00,1.0,11.88
109,CASH_IN,2252.22,C8999616,15359.40,13107.18,C1618101,17950.81,20203.03,0,0,357.3,316.8,0,1.0,955.46,1.0,22.53
105,DEBIT,2322.66,C2053048,7272.50,4949.83,C6154336,1749.65,4072.32,0,0,30.9,94.6,0,0.0,0.00,1.0,24.13
498,PAYMENT,292.29,C5687037,676.35,384.06,M5424485,40038.81,40331.10,0,0,360.5,270.4,0,0.0,0.00,1.0,15.93
99,TRANSFER,85866.72,C1310046,91853.80,0.00,C7563168,0.00,85866.72,1,0,5.1,1.2,1,7.0,202256.95,9.0,66.11
494,PAYMENT,1877.78,C2193600,4675.83,2798.05,M6462745,30851.48,32729.26,0,0,331.9,107.0,0,0.0,0.00,1.0,9.64
156,CASH_OUT,230362.06,C4858402,247618.45,0.00,C1585698,0.00,230362.06,1,1,203.5,3.9,1,3.0,691086.17,1.0,85.69
61,CASH_IN,475.19,C5821188,3291.12,2815.93,C5975757,7066.18,7541.37,0,0,134.8,133.0,0,0.0,0.00,1.0,13.54
546,PAYMENT,240.26,C7510168,2085.47,1845.22,M4866661,41774.56,42014.81,0,0,311.8,337.1,0,1.0,1121.77,1.0,15.62
644,DEBIT,127.04,C1388578,1248.53,1121.49,C4309423,6549.63,6676.67,0,0,90.9,271.8,0,0.0,0.00,1.0,7.15
684,CASH_IN,662.07,C5314796,1470.53,808.46,C3350548,19194.51,19856.58,0,0,259.6,37.8,0,1.0,993.30,1.0,11.10
156,DEBIT,416.56,C5253205,2082.15,1665.60,C4480347,38157.28,38573.83,0,0,312.8,330.0,0,1.0,1248.32,1.0,7.71
496,PAYMENT,1164.02,C3069284,10286.21,9122.19,M1503467,120.80,1284.83,0,0,315.6,304.5,1,0.0,0.00,1.0,2.87
374,TRANSFER,23213.56,C2589477,26402.63,0.00,C4075338,0.00,23213.56,1,0,259.3,0.2,1,1.0,23213.56,1.0,90.50
704,PAYMENT,59.91,C9730245,251.73,191.82,M1048778,12324.54,12384.46,0,0,66.7,296.2,0,0.0,0.00,1.0,18.26
693,CASH_IN,2024.78,C3997564,5044.72,3019.94,C6770707,14446.06,16470.84,0,0,119.6,300.4,0,2.0,1380.86,1.0,1.47
250,CASH_IN,230.28,C8539657,861.09,630.81,C3222182,16526.76,16757.04,0,0,243.9,244.7,0,0.0,0.00,1.0,10.64
203,DEBIT,2831.67,C2459037,8833.16,6001.49,C5005317,9240.71,12072.38,0,0,249.9,201.9,0,0.0,0.00,1.0,18.33
519,PAYMENT,106.71,C5179899,302.19,195.49,M6761540,4884.39,4991.09,0,0,343.3,64.6,0,1.0,545.07,1.0,18.13
212,CASH_IN,395.64,C7584967,2779.93,2384.29,C3937221,38687.67,39083.31,0,0,126.4,48.6,0,0.0,0.00,1.0,16.63
542,DEBIT,256.33,C3602072,1982.00,1725.67,C7488658,40254.96,40511.29,0,0,121.1,73.8,0,0.0,0.00,1.0,3.38
157,TRANSFER,532.99,C2888773,2081.73,1548.74,C1873273,21183.60,21716.59,0,0,210.1,291.9,0,0.0,0.00,1.0,3.93
404,TRANSFER,680.62,C3722401,1270.51,589.89,C9383489,296.90,977.52,0,0,223.6,341.3,1,0.0,0.00,1.0,8.50
133,CASH_OUT,227666.91,C9288427,253249.70,0.00,C4069918,0.00,227666.91,1,1,0.8,4.9,1,5.0,1138334.56,1.0,0.30
146,CASH_OUT,237729.67,C8640982,280120.47,0.00,C6871420,0.00,237729.67,1,1,2.4,6.0,1,1.0,237729.67,1.0,14.32
463,CASH_IN,1159.10,C1080447,6272.73,5113.63,C7286923,17350.28,18509.38,0,0,151.9,46.7,1,1.0,394.97,1.0,11.18
496,DEBIT,1230.35,C8063717,6287.64,5057.29,C4853020,19671.04,20901.39,0,0,232.7,147.4,0,0.0,0.00,1.0,13.43
571,TRANSFER,917.05,C6321379,9097.38,8180.33,C4232659,35368.24,36285.28,0,0,269.0,224.1,0,2.0,1155.18,1.0,10.33
713,TRANSFER,303.14,C9762916,1564.75,1261.61,C5750347,1931.94,2235.08,0,0,183.4,168.8,0,0.0,0.00,1.0,10.37
305,DEBIT,267.34,C1794420,1902.09,1634.75,C7552307,10001.20,10268.54,0,0,283.4,209.4,0,0.0,0.00,1.0,7.24
43,CASH_IN,905.27,C8033829,3378.09,2472.82,C6498540,31181.45,32086.71,0,0,231.0,349.2,0,0.0,0.00,1.0,12.91
67,DEBIT,2653.19,C5824650,7048.50,4395.31,C5373725,9822.44,12475.63,0,0,355.0,119.9,0,1.0,1450.36,1.0,14.17
562,PAYMENT,168.76,C6451586,849.31,680.55,M2338429,39432.13,39600.89,0,0,321.1,145.3,0,0.0,0.00,1.0,9.15
712,TRANSFER,1227.94,C4798312,12172.65,10944.70,C5484913,25345.41,26573.35,0,0,196.2,239.5,0,0.0,0.00,1.0,23.60
233,CASH_IN,243.46,C8592404,750.12,506.66,C7096190,7443.48,7686.94,0,0,202.7,201.6,0,0.0,0.00,1.0,1.11
307,TRANSFER,494.36,C2315105,1959.74,1465.38,C8614453,1666.44,2160.80,0,0,225.1,201.3,0,0.0,0.00,1.0,19.63
398,PAYMENT,356.50,C6681860,2807.40,2450.90,M6388189,19161.23,19517.73,0,0,326.2,145.4,0,0.0,0.00,1.0,0.58
651,TRANSFER,58154.48,C6984281,59961.91,0.00,C5800491,0.00,58154.48,1,0,5.8,1.6,1,9.0,509956.62,3.0,61.38
284,CASH_IN,1188.98,C4648565,3759.19,2570.21,C5001894,21874.31,23063.29,0,0,362.6,315.6,0,0.0,0.00,1.0,19.85
664,PAYMENT,373.66,C6097034,2355.16,1981.50,M5587742,7382.19,7755.85,0,0,357.8,197.0,0,2.0,1389.90,1.0,9.94
466,PAYMENT,2850.44,C3047110,16039.74,13189.30,M5070216,15648.79,18499.23,0,0,142.9,290.2,1,0.0,0.00,1.0,3.39
349,TRANSFER,14792.65,C9667208,136350.25,121557.60,C8366489,24547.79,39340.44,0,0,316.2,222.6,0,1.0,1289.37,1.0,20.32
591,PAYMENT,6130.47,C6601899,27542.39,21411.92,M4786729,3846.96,9977.43,0,0,323.2,83.6,0,0.0,0.00,1.0,24.95
590,CASH_IN,853.37,C9691173,7359.81,6506.44,C6760653,28339.15,29192.52,0,0,282.5,66.7,0,0.0,0.00,1.0,24.68
41,PAYMENT,1112.47,C2285102,2020.53,908.06,M2503343,39605.24,40717.71,0,0,238.8,268.6,0,0.0,0.00,1.0,14.98
371,PAYMENT,3074.23,C4188250,29110.75,26036.52,M6546315,48179.72,51253.95,0,0,167.3,303.4,0,1.0,1384.63,1.0,12.82
181,TRANSFER,2811.12,C5174271,24126.51,21315.39,C4864530,10315.53,13126.64,0,0,53.3,44.0,0,0.0,0.00,1.0,16.98
253,TRANSFER,817.19,C9881316,7565.52,6748.33,C6857972,45996.89,46814.09,0,0,79.9,205.1,0,0.0,0.00,1.0,20.58
584,PAYMENT,785.38,C1859510,4397.07,3611.68,M8964240,12341.89,13127.27,0,0,108.8,267.3,1,1.0,1435.05,1.0,0.06
350,TRANSFER,162041.77,C5054257,163801.87,0.00,C7339860,0.00,162041.77,1,0,6.6,5.1,1,4.0,648167.07,2.0,5.79
519,TRANSFER,486.47,C2411585,4196.32,3709.86,C8209684,3824.02,4310.49,0,0,347.8,328.4,0,0.0,0.00,1.0,17.59
347,PAYMENT,903.75,C1612558,1571.25,667.50,M2991621,23119.66,24023.40,0,0,349.2,44.1,0,0.0,0.00,1.0,20.73
442,CASH_IN,443.59,C4546588,762.72,319.14,C7544335,1865.94,2309.53,0,0,191.9,104.6,0,1.0,641.25,1.0,23.63
500,PAYMENT,795.12,C4800622,5629.09,4833.97,M1533980,37521.12,38316.24,0,0,365.0,355.3,0,0.0,0.00,1.0,10.45
304,CASH_OUT,81791.86,C7812117,86182.80,0.00,C4505913,0.00,81791.86,1,0,213.4,2.5,1,2.0,163583.72,2.0,87.41
357,PAYMENT,3289.76,C8023220,28385.24,25095.47,M5541986,28080.37,31370.13,0,0,106.9,192.4,0,0.0,0.00,1.0,2.59
188,DEBIT,1138.43,C5500116,4944.53,3806.10,C7477190,44549.89,45688.31,0,0,261.6,76.0,0,1.0,596.38,1.0,12.47
670,DEBIT,438.62,C6787840,4042.46,3603.84,C2185090,49552.39,49991.01,0,0,208.6,321.3,0,1.0,1185.65,1.0,9.98
104,DEBIT,835.75,C7878696,6968.64,6132.89,C3509748,32254.24,33089.99,0,0,260.0,295.7,1,1.0,238.90,1.0,17.21
332,DEBIT,536.16,C8594808,1735.87,1199.71,C5693383,25028.81,25564.97,0,0,195.5,237.2,0,2.0,1441.87,1.0,4.06
444,PAYMENT,112.58,C1691780,860.25,747.68,M7237879,4534.47,4647.05,0,0,85.5,45.1,0,0.0,0.00,1.0,0.71
327,DEBIT,186.92,C8720674,835.51,648.59,C2410965,35500.10,35687.02,0,0,346.5,93.4,0,0.0,0.00,1.0,22.78
250,CASH_OUT,336176.92,C8982906,400187.14,0.00,C2374243,0.00,336176.92,1,1,4.0,5.1,1,2.0,672353.84,4.0,29.21
123,CASH_OUT,98395.66,C1593262,108349.98,0.00,C5783493,0.00,98395.66,1,0,4.0,3.5,1,10.0,371376.00,3.0,48.09
276,CASH_IN,684.32,C9864336,3869.37,3185.05,C3078108,30056.29,30740.61,0,0,191.4,149.9,0,1.0,478.10,1.0,18.95
189,TRANSFER,618.81,C6477851,5479.31,4860.50,C6378176,5584.14,6202.95,0,0,210.9,182.4,0,0.0,0.00,1.0,15.79
286,PAYMENT,3217.13,C3352836,27974.81,24757.68,M4627438,28994.29,32211.42,0,0,166.1,298.0,1,0.0,0.00,1.0,15.24
61,PAYMENT,191.50,C3414149,998.32,806.82,M5582883,47884.86,48076.35,0,0,154.3,295.0,0,0.0,0.00,1.0,4.25
349,TRANSFER,318.13,C3386384,2495.21,2177.08,C4846815,19014.45,19332.58,0,0,194.3,282.1,1,0.0,0.00,1.0,0.71
430,TRANSFER,691.19,C5744410,1923.44,1232.26,C8857277,35719.08,36410.27,0,0,87.2,50.2,0,0.0,0.00,1.0,24.47
704,DEBIT,1980.70,C4707807,17800.20,15819.50,C3556595,22644.01,24624.71,0,0,40.6,337.8,0,0.0,0.00,1.0,14.24
645,CASH_IN,1449.07,C5521278,13932.78,12483.71,C5453636,36379.83,37828.90,0,0,45.3,211.3,0,0.0,0.00,1.0,16.29
544,CASH_IN,1635.81,C1921459,13195.35,11559.55,C7868941,45971.54,47607.34,0,0,286.4,192.5,0,0.0,0.00,1.0,0.89
309,TRANSFER,481.07,C4141008,1840.40,1359.33,C3953601,25044.10,25525.16,0,0,276.8,64.9,1,0.0,0.00,1.0,17.37
321,DEBIT,145.96,C6094159,849.13,703.17,C4133765,23655.61,23801.57,0,0,293.7,62.4,0,0.0,0.00,1.0,11.24
108,CASH_IN,1991.20,C9502561,11788.79,9797.59,C8822869,6539.54,8530.74,0,0,110.6,293.2,1,1.0,475.56,1.0,14.74
662,TRANSFER,18468.02,C3111861,20065.79,0.00,C2851003,0.00,18468.02,1,0,232.6,1.8,1,1.0,18468.02,1.0,88.73
302,CASH_IN,677.79,C3509138,5061.37,4383.58,C1464468,44070.15,44747.94,0,0,246.8,283.3,0,0.0,0.00,1.0,6.60
255,DEBIT,603.57,C6783367,4516.15,3912.58,C2840272,14286.50,14890.07,0,0,197.6,340.2,0,0.0,0.00,1.0,22.57
273,TRANSFER,4679.81,C8388488,41854.66,37174.85,C5165389,14640.37,19320.18,0,0,132.1,173.3,0,0.0,0.00,1.0,10.22
383,CASH_IN,646.79,C4889636,5764.11,5117.33,C7777982,32962.70,33609.49,0,0,349.3,54.1,1,0.0,0.00,1.0,2.42
441,PAYMENT,126.24,C2289322,1130.81,1004.57,M2155403,13858.39,13984.62,0,0,301.8,347.4,0,0.0,0.00,1.0,24.42
659,DEBIT,401.94,C5946909,1291.81,889.87,C6634187,6918.93,7320.87,0,0,89.5,218.6,0,0.0,0.00,1.0,17.77
711,TRANSFER,842.60,C1599677,2218.97,1376.36,C7830866,30095.94,30938.55,0,0,185.2,94.8,0,0.0,0.00,1.0,13.60
357,DEBIT,271.99,C5854952,767.51,495.52,C8323104,27887.67,28159.66,0,0,294.5,186.1,0,0.0,0.00,1.0,24.93
633,PAYMENT,803.32,C1740805,2623.07,1819.75,M5721706,220.33,1023.65,0,0,362.8,78.0,0,0.0,0.00,1.0,2.71
138,PAYMENT,481.44,C2003451,3685.92,3204.48,M2878799,48114.47,48595.91,0,0,301.6,106.6,1,0.0,0.00,1.0,24.90
351,CASH_IN,416.14,C4557470,1373.50,957.36,C7826986,998.54,1414.68,0,0,36.2,271.2,0,0.0,0.00,1.0,17.96
399,TRANSFER,79.31,C9377342,757.24,677.93,C2417345,26760.87,26840.18,0,0,299.0,215.2,0,0.0,0.00,1.0,6.03
92,TRANSFER,77.41,C6528623,249.61,172.20,C7218127,43913.66,43991.07,0,0,307.3,241.1,1,0.0,0.00,1.0,7.70
105,TRANSFER,837.07,C4720030,5011.09,4174.02,C8045718,33507.06,34344.13,0,0,116.3,345.9,0,0.0,0.00,1.0,5.03
213,PAYMENT,4252.27,C3086471,7192.33,2940.06,M4554966,5811.19,10063.46,0,0,140.6,67.4,0,0.0,0.00,1.0,13.37
116,TRANSFER,591.70,C6332114,1573.87,982.18,C4974604,20616.54,21208.24,0,0,364.1,265.5,0,0.0,0.00,1.0,20.11
246,PAYMENT,361.57,C6793692,3359.52,2997.96,M4496819,29997.38,30358.95,0,0,314.3,172.2,0,0.0,0.00,1.0,8.70
115,CASH_IN,1246.43,C3203238,5198.47,3952.04,C6175134,42731.12,43977.55,0,0,239.5,74.0,0,1.0,1050.61,1.0,5.82
538,TRANSFER,99.41,C8208693,918.78,819.38,C8315216,41915.19,42014.60,0,0,147.7,195.5,0,0.0,0.00,1.0,2.22
610,PAYMENT,15000.00,C5589498,42023.20,27023.20,M5217779,34535.82,49535.82,0,0,74.5,218.1,0,0.0,0.00,1.0,23.40
41,CASH_IN,257.13,C1492287,2048.11,1790.98,C3561853,14836.14,15093.27,0,0,248.1,258.1,0,1.0,523.44,1.0,1.40
661,TRANSFER,1589.34,C9866589,6079.50,4490.16,C7720573,33398.03,34987.38,0,0,169.9,111.5,0,0.0,0.00,1.0,16.56
546,TRANSFER,1846.32,C1823585,14128.57,12282.25,C7415844,25570.83,27417.15,0,0,235.6,262.0,0,0.0,0.00,1.0,15.84
668,PAYMENT,1023.23,C7328573,7960.90,6937.67,M3399451,35784.69,36807.92,0,0,63.5,293.1,0,1.0,230.81,1.0,6.28
48,CASH_IN,294.84,C8741609,2585.76,2290.92,C7623817,12551.18,12846.02,0,0,85.5,129.6,0,0.0,0.00,1.0,3.42
447,CASH_OUT,33939.82,C8191020,39819.84,0.00,C4613680,0.00,33939.82,1,0,133.4,0.7,1,1.0,33939.82,1.0,67.27
52,CASH_OUT,153354.64,C7134485,183773.14,0.00,C6115936,0.00,153354.64,1,0,286.5,1.8,1,1.0,153354.64,4.0,98.29
426,PAYMENT,342.82,C3341577,646.62,303.80,M4812654,39536.69,39879.52,0,0,105.5,315.5,0,1.0,680.46,1.0,14.76
361,TRANSFER,47327.08,C7253069,50617.95,0.00,C7816355,0.00,47327.08,1,0,4.2,5.1,1,13.0,514879.67,7.0,71.35
90,TRANSFER,1503.52,C1038924,13354.63,11851.11,C9766126,36772.79,38276.31,0,0,176.2,336.1,0,1.0,1285.76,1.0,18.25
538,DEBIT,285.06,C5130792,1044.37,759.30,C1184887,32987.06,33272.12,0,0,240.3,211.5,0,0.0,0.00,1.0,22.00
202,DEBIT,1703.35,C3988947,6334.01,4630.66,C8642381,33273.28,34976.63,0,0,68.3,120.1,0,0.0,0.00,1.0,1.91
421,PAYMENT,1776.00,C6908508,15463.55,13687.56,M4977793,711.06,2487.05,0,0,153.3,328.0,0,0.0,0.00,1.0,22.39
201,TRANSFER,1003.22,C7062694,4694.84,3691.62,C9233580,29360.60,30363.82,0,0,31.3,342.1,0,0.0,0.00,1.0,14.26
57,TRANSFER,2711.88,C9271163,17420.31,14708.43,C7956957,43885.38,46597.26,0,0,354.8,157.6,0,0.0,0.00,1.0,10.50
157,PAYMENT,1489.33,C7125397,14169.05,12679.72,M6298825,2427.68,3917.01,0,0,313.4,48.6,0,0.0,0.00,1.0,14.06
633,CASH_IN,1256.90,C8020098,10286.83,9029.94,C2614333,7507.31,8764.20,0,0,30.2,338.5,1,0.0,0.00,1.0,20.23
153,DEBIT,408.45,C6731292,1131.74,723.28,C7584832,23525.31,23933.76,0,0,209.6,262.0,1,0.0,0.00,1.0,20.84
656,CASH_IN,1592.36,C1585319,5239.07,3646.72,C9720773,15267.62,16859.97,0,0,80.1,240.3,0,1.0,1023.09,1.0,0.10
187,TRANSFER,271.40,C1903786,509.67,238.26,C4081915,11057.29,11328.69,0,0,259.5,40.2,0,0.0,0.00,1.0,15.86
123,CASH_OUT,64534.69,C3440729,68441.51,0.00,C1237562,0.00,64534.69,1,0,257.2,4.8,1,2.0,129069.38,1.0,88.67
42,CASH_IN,139.72,C4816697,308.87,169.15,C9931447,13775.97,13915.69,0,0,340.3,231.5,0,0.0,0.00,1.0,15.57
226,CASH_IN,185.25,C5569254,357.66,172.41,C2544737,22489.47,22674.72,0,0,290.7,34.7,0,1.0,353.06,1.0,14.40
357,PAYMENT,461.88,C9337009,2997.65,2535.77,M7685798,25332.23,25794.11,0,0,44.2,142.5,0,2.0,2958.79,1.0,20.60
193,CASH_OUT,87854.71,C2394990,92189.14,0.00,C9306926,0.00,87854.71,1,0,1.6,4.7,1,17.0,282424.08,7.0,56.45
520,CASH_IN,3764.09,C9677911,13927.49,10163.40,C1319769,42304.71,46068.80,0,0,352.8,130.4,1,1.0,431.99,1.0,8.78
67,CASH_IN,2779.73,C3649140,21219.83,18440.10,C8771426,14070.89,16850.61,0,0,46.9,74.3,0,0.0,0.00,1.0,20.53
277,PAYMENT,220.39,C8226534,1903.97,1683.58,M2439348,4019.39,4239.79,0,0,123.9,131.1,0,0.0,0.00,1.0,17.07
130,TRANSFER,4930.22,C6256659,43186.08,38255.87,C8878943,7314.81,12245.03,0,0,316.3,294.8,0,0.0,0.00,1.0,10.24
495,PAYMENT,133.89,C1983371,715.81,581.92,M2063135,17701.45,17835.33,0,0,35.6,120.8,0,1.0,769.84,1.0,2.04
398,CASH_OUT,27844.26,C9381555,30284.41,0.00,C7212980,0.00,27844.26,1,0,258.0,1.1,1,1.0,27844.26,1.0,76.40
516,CASH_IN,6825.69,C7773852,39347.26,32521.57,C9085079,30867.22,37692.91,0,0,301.0,253.1,0,0.0,0.00,1.0,18.57
227,CASH_IN,614.15,C3409280,3700.91,3086.76,C6457547,32294.78,32908.93,0,0,334.3,56.7,0,1.0,1322.02,1.0,18.40
279,TRANSFER,859.86,C9453244,5856.05,4996.20,C7818528,22234.13,23093.99,0,0,72.0,273.4,0,0.0,0.00,1.0,1.70
325,DEBIT,312.61,C9527673,3019.50,2706.88,C6415829,41054.72,41367.33,0,0,289.2,171.1,0,0.0,0.00,1.0,10.38
444,CASH_IN,819.59,C7685882,2469.77,1650.18,C3315742,24003.02,24822.61,0,0,261.3,357.8,0,1.0,793.61,1.0,16.58
427,PAYMENT,550.93,C3958455,5353.58,4802.64,M5623287,43206.04,43756.98,0,0,35.3,189.9,0,0.0,0.00,1.0,13.80
482,TRANSFER,215360.90,C4665428,245208.86,0.00,C4913209,0.00,215360.90,1,1,292.2,4.6,1,2.0,430721.81,1.0,70.51
225,DEBIT,433.31,C8029730,4331.33,3898.02,C3199627,17519.22,17952.53,0,0,96.0,59.4,1,1.0,876.10,1.0,18.65
668,TRANSFER,224.72,C5951814,515.39,290.67,C1156825,19762.91,19987.63,0,0,281.9,347.2,0,0.0,0.00,1.0,23.14
610,PAYMENT,427.01,C8419824,1626.66,1199.65,M7589431,8077.15,8504.16,0,0,212.6,75.1,0,0.0,0.00,1.0,5.83
83,PAYMENT,257.92,C5908114,2285.43,2027.51,M1977315,11133.61,11391.54,0,0,215.0,147.8,0,0.0,0.00,1.0,11.91
235,PAYMENT,989.62,C4819242,7500.59,6510.97,M5585486,12905.18,13894.80,0,0,255.8,78.9,0,1.0,1433.74,1.0,19.45
131,PAYMENT,865.60,C3712260,8547.83,7682.23,M4707332,6356.70,7222.30,0,0,323.4,231.7,0,0.0,0.00,1.0,16.27
155,DEBIT,1623.49,C6242771,5814.58,4191.09,C8276494,13421.89,15045.38,0,0,198.4,203.6,0,0.0,0.00,1.0,2.68
248,TRANSFER,264.40,C6557974,403.05,138.65,C1112816,21452.89,21717.29,0,0,226.7,165.7,0,0.0,0.00,1.0,19.26
158,DEBIT,299.73,C4334378,2084.77,1785.04,C2814305,29192.41,29492.15,0,0,203.2,108.2,0,0.0,0.00,1.0,7.52
266,CASH_IN,559.97,C6638190,4063.54,3503.57,C8927617,3117.13,3677.11,0,0,101.1,261.4,0,0.0,0.00,1.0,14.48
459,CASH_OUT,214600.44,C5064140,248613.19,0.00,C3366226,0.00,214600.44,1,1,189.5,0.7,1,2.0,429200.89,4.0,77.82
369,PAYMENT,4957.76,C1487559,37038.52,32080.76,M4474301,39714.75,44672.50,0,0,143.2,206.5,0,0.0,0.00,1.0,12.67
476,PAYMENT,255.48,C7741758,2160.14,1904.66,M4051287,10384.09,10639.57,0,0,159.1,161.8,1,0.0,0.00,1.0,24.22
530,CASH_OUT,292510.19,C1136471,298357.74,0.00,C1647961,0.00,292510.19,1,1,6.7,5.1,1,1.0,292510.19,2.0,17.93
231,PAYMENT,2274.62,C7679729,21134.52,18859.90,M6945928,15638.00,17912.62,0,0,154.3,326.5,0,0.0,0.00,1.0,15.11
416,DEBIT,293.76,C3619303,2112.22,1818.46,C5688278,26302.23,26595.99,0,0,132.2,153.0,0,1.0,1316.31,1.0,18.75
655,TRANSFER,370.71,C5879475,2446.02,2075.31,C8092395,47943.69,48314.40,0,0,284.7,291.9,0,0.0,0.00,1.0,2.96
201,TRANSFER,638.23,C3939213,2760.85,2122.62,C2222072,44188.22,44826.46,0,0,216.6,100.5,0,0.0,0.00,1.0,1.16
586,DEBIT,563.04,C8110195,2065.32,1502.28,C8255984,35809.90,36372.94,0,0,107.9,222.4,0,0.0,0.00,1.0,16.12
681,TRANSFER,132.73,C1099633,416.02,283.29,C4307574,42253.91,42386.64,0,0,67.4,81.6,0,0.0,0.00,1.0,16.80
213,TRANSFER,255.79,C6774532,1492.60,1236.80,C7147469,21810.80,22066.60,0,0,285.5,191.0,0,0.0,0.00,1.0,7.23
63,PAYMENT,840.75,C6838941,4374.74,3533.99,M1324564,44595.92,45436.67,0,0,247.2,170.8,0,0.0,0.00,1.0,5.11
93,TRANSFER,1475.78,C5439019,10499.49,9023.70,C6344075,44396.78,45872.57,0,0,256.2,186.5,0,0.0,0.00,1.0,13.73
67,DEBIT,526.81,C1243513,1787.40,1260.59,C9479189,17705.19,18232.00,0,0,243.2,178.9,0,1.0,1140.26,1.0,4.92
585,DEBIT,672.96,C6300364,4201.04,3528.08,C5059606,23826.87,24499.83,0,0,72.6,242.5,0,0.0,0.00,1.0,12.73
572,PAYMENT,491.61,C4318771,4466.37,3974.76,M5106259,40925.66,41417.27,0,0,254.7,265.7,0,0.0,0.00,1.0,4.64
35,TRANSFER,1446.29,C5467410,6385.13,4938.84,C7496106,6245.71,7692.01,0,0,187.5,278.3,0,0.0,0.00,1.0,15.99
420,CASH_IN,256.98,C5321704,896.83,639.85,C9813070,31187.98,31444.96,0,0,326.8,50.0,0,0.0,0.00,1.0,18.84
56,PAYMENT,2289.60,C4934354,12357.27,10067.67,M2501174,24758.53,27048.13,0,0,67.3,104.2,1,0.0,0.00,1.0,22.19
328,CASH_OUT,94046.68,C4866760,105444.71,0.00,C2416100,0.00,94046.68,1,0,181.0,0.4,1,1.0,94046.68,4.0,71.56
123,TRANSFER,49811.86,C8948025,58343.12,0.00,C3802486,0.00,49811.86,1,0,0.3,6.7,1,11.0,397215.59,8.0,46.49
86,CASH_IN,273.86,C6628362,1869.79,1595.93,C7659050,41974.63,42248.48,0,0,327.2,159.1,0,0.0,0.00,1.0,11.98
292,CASH_OUT,89631.65,C4245641,100839.45,0.00,C5045113,0.00,89631.65,1,0,0.7,1.2,1,14.0,498306.05,7.0,64.65
620,TRANSFER,2827.25,C1635953,13349.56,10522.31,C2163783,20977.82,23805.06,0,0,245.3,355.6,0,0.0,0.00,1.0,21.51
257,TRANSFER,2674.19,C3253673,12863.60,10189.41,C3476176,1825.13,4499.31,0,0,347.2,154.5,0,0.0,0.00,1.0,23.29
124,CASH_OUT,90003.27,C6988022,100406.67,0.00,C8255506,0.00,90003.27,1,0,1.8,4.3,1,4.0,360013.07,2.0,8.59
396,CASH_IN,2020.27,C5161324,17696.97,15676.70,C1884561,39823.75,41844.02,0,0,43.7,70.3,0,0.0,0.00,1.0,14.29
441,DEBIT,1600.83,C2971843,2601.91,1001.08,C8132602,29882.22,31483.05,0,0,265.8,162.1,1,0.0,0.00,1.0,16.52
308,TRANSFER,174.99,C3745702,1152.81,977.82,C1545534,18169.91,18344.90,0,0,215.2,314.0,0,0.0,0.00,1.0,7.13
572,PAYMENT,375.19,C4301885,865.31,490.12,M6498007,5010.64,5385.83,0,0,311.5,209.6,0,0.0,0.00,1.0,1.98
86,CASH_OUT,29269.96,C2012010,31936.24,0.00,C7227292,0.00,29269.96,1,0,208.8,1.0,1,1.0,29269.96,1.0,88.25
158,PAYMENT,1013.35,C6397592,3854.12,2840.77,M9189793,38891.90,39905.24,0,0,42.3,161.6,0,0.0,0.00,1.0,24.20
346,TRANSFER,1590.19,C3632872,3486.67,1896.48,C8966533,39956.56,41546.75,0,0,62.9,113.6,0,0.0,0.00,1.0,11.80
225,TRANSFER,987.90,C3392192,3525.33,2537.43,C6319744,2294.19,3282.08,0,0,303.4,274.3,0,0.0,0.00,1.0,5.67
436,CASH_OUT,97013.25,C6937646,110166.08,0.00,C3855237,0.00,97013.25,1,0,186.6,0.4,1,2.0,194026.51,2.0,72.83
580,CASH_OUT,87514.47,C4236945,102078.08,0.00,C5282470,0.00,87514.47,1,0,6.3,0.9,1,13.0,454401.87,9.0,61.58
378,DEBIT,706.75,C1795323,3414.48,2707.73,C6246897,17490.43,18197.18,0,0,292.3,152.6,0,0.0,0.00,1.0,10.56
643,TRANSFER,704.80,C5754510,6910.87,6206.07,C4466547,25867.83,26572.63,0,0,255.9,148.0,0,1.0,1174.25,1.0,21.55
620,TRANSFER,581.08,C5517004,3577.98,2996.90,C7506158,17810.11,18391.19,0,0,305.4,30.2,0,0.0,0.00,1.0,10.70
226,TRANSFER,3105.22,C3639144,14797.08,11691.86,C1547621,30886.97,33992.18,0,0,93.3,209.9,0,1.0,432.08,1.0,7.61
416,CASH_IN,957.68,C6767589,5547.15,4589.46,C7473276,22706.00,23663.68,0,0,86.2,81.8,1,0.0,0.00,1.0,9.87
517,DEBIT,786.13,C8088261,6834.02,6047.88,C3943338,18802.68,19588.81,0,0,266.9,294.3,0,0.0,0.00,1.0,15.02
93,CASH_IN,153.04,C2785679,986.40,833.36,C5999705,31626.90,31779.94,0,0,323.7,240.0,0,0.0,0.00,1.0,0.73
372,DEBIT,274.01,C9567859,853.64,579.63,C2422915,27830.04,28104.05,0,0,222.4,192.3,0,0.0,0.00,1.0,1.79
363,TRANSFER,345366.57,C3659353,391230.82,0.00,C5437643,0.00,345366.57,1,1,0.3,3.8,1,1.0,345366.57,2.0,17.06
608,TRANSFER,7877.84,C7865002,71075.81,63197.97,C5736616,38664.00,46541.84,0,0,131.6,88.0,0,0.0,0.00,1.0,15.99
84,DEBIT,567.14,C7842731,2896.42,2329.29,C2511425,39424.84,39991.97,0,0,312.5,271.3,0,1.0,1302.13,1.0,1.45
470,TRANSFER,460.05,C7543354,2012.13,1552.08,C5516242,5380.46,5840.50,0,0,172.2,152.2,0,0.0,0.00,1.0,20.73
300,TRANSFER,216753.95,C6270277,244246.41,0.00,C2710831,0.00,216753.95,1,1,248.7,2.9,1,2.0,433507.89,4.0,95.53
117,PAYMENT,1451.79,C9840193,14136.43,12684.64,M9428057,32946.19,34397.98,0,0,91.8,244.2,0,0.0,0.00,1.0,9.75
259,TRANSFER,455.97,C4343078,813.42,357.45,C6024959,28761.12,29217.09,0,0,288.3,190.8,0,0.0,0.00,1.0,12.63
537,PAYMENT,504.33,C1814899,4448.47,3944.14,M7702219,31036.54,31540.87,0,0,358.6,300.9,1,0.0,0.00,1.0,9.05
541,TRANSFER,18619.51,C2090113,20922.38,0.00,C3317228,0.00,18619.51,1,0,298.8,1.7,1,1.0,18619.51,1.0,86.92
571,DEBIT,630.04,C3350639,3091.05,2461.01,C1503238,8200.10,8830.14,0,0,253.5,56.7,0,0.0,0.00,1.0,7.09
183,CASH_IN,490.72,C7537342,4837.92,4347.20,C7318940,44800.15,45290.87,0,0,322.5,114.0,0,0.0,0.00,1.0,3.31
364,CASH_OUT,84541.66,C2262304,96763.48,0.00,C4053259,0.00,84541.66,1,0,231.6,1.9,1,1.0,84541.66,4.0,81.37
201,CASH_IN,517.02,C1692986,1126.09,609.06,C4757861,11161.96,11678.98,0,0,83.2,364.5,1,1.0,838.97,1.0,5.57
420,PAYMENT,986.90,C8507994,9478.96,8492.05,M4338422,49780.32,50767.22,0,0,61.9,332.2,1,0.0,0.00,1.0,19.49
416,CASH_IN,75.79,C1224365,376.37,300.58,C4032341,7061.51,7137.30,0,0,317.9,213.7,0,0.0,0.00,1.0,19.85
594,PAYMENT,1454.85,C2983552,6239.38,4784.53,M2011105,10829.58,12284.44,0,0,102.6,279.3,1,0.0,0.00,1.0,8.48
260,PAYMENT,379.81,C1787093,3493.85,3114.04,M3922809,4352.56,4732.37,0,0,248.9,251.3,0,0.0,0.00,1.0,14.60
350,CASH_IN,831.63,C7272103,3753.44,2921.81,C1390780,25928.59,26760.22,0,0,193.7,275.3,0,0.0,0.00,1.0,10.54
344,CASH_IN,692.17,C4405370,4353.45,3661.28,C6105319,34080.22,34772.39,0,0,34.8,102.4,0,1.0,1367.71,1.0,9.75
242,TRANSFER,216.21,C4775175,967.82,751.60,C5500609,11399.12,11615.33,0,0,117.1,330.2,0,0.0,0.00,1.0,4.52
685,TRANSFER,26651.59,C7517486,28401.22,0.00,C7100849,0.00,26651.59,1,0,111.1,0.5,1,1.0,26651.59,1.0,77.94
710,TRANSFER,28141.24,C8895759,28495.21,0.00,C6869606,0.00,28141.24,1,0,144.2,1.3,1,1.0,28141.24,1.0,94.60
351,TRANSFER,905.22,C7573772,7527.38,6622.16,C9613363,46871.83,47777.06,0,0,299.2,337.7,0,0.0,0.00,1.0,22.19
640,TRANSFER,8263.99,C4962933,30963.36,22699.37,C6653735,30469.83,38733.82,0,0,152.2,213.9,0,0.0,0.00,1.0,5.24
237,CASH_IN,626.69,C7819290,2654.12,2027.43,C2890043,3281.21,3907.91,0,0,79.2,243.0,0,1.0,1396.89,1.0,23.72
185,PAYMENT,443.83,C6263008,1133.18,689.34,M1124628,46321.54,46765.37,0,0,40.5,240.2,0,0.0,0.00,1.0,19.05
636,CASH_IN,210.79,C8018362,2013.78,1802.99,C5743882,18066.65,18277.44,0,0,169.2,230.5,0,0.0,0.00,1.0,3.41
524,CASH_IN,122.45,C6827971,513.81,391.35,C8353924,23934.83,24057.29,0,0,302.1,73.8,0,0.0,0.00,1.0,1.26
212,CASH_IN,1480.24,C6950338,12392.28,10912.05,C4332946,49368.27,50848.51,0,0,352.7,264.8,0,0.0,0.00,1.0,21.70
326,CASH_IN,496.35,C4791431,3287.65,2791.30,C7658864,33363.58,33859.93,0,0,45.8,315.7,0,0.0,0.00,1.0,23.64
88,CASH_IN,367.88,C1417473,3321.50,2953.63,C6881331,17531.15,17899.03,0,0,328.8,216.5,0,0.0,0.00,1.0,19.95
90,TRANSFER,4208.05,C2482514,27578.86,23370.81,C8119008,37583.64,41791.69,0,0,261.3,110.0,0,0.0,0.00,1.0,22.80
433,TRANSFER,191424.21,C5953238,210900.48,0.00,C4004648,0.00,191424.21,1,0,0.9,2.2,1,3.0,574272.62,1.0,6.16
171,TRANSFER,105094.66,C5645238,110570.46,0.00,C9209232,0.00,105094.66,1,0,1.2,5.8,1,4.0,420378.64,2.0,15.90
116,TRANSFER,120.24,C4728181,1176.57,1056.33,C7507639,12149.76,12269.99,0,0,132.8,307.7,0,0.0,0.00,1.0,7.53
692,CASH_IN,543.14,C1413711,4031.92,3488.78,C7360736,32233.50,32776.64,0,0,70.9,304.2,1,0.0,0.00,1.0,10.66
41,DEBIT,5192.61,C8869830,32658.85,27466.24,C3437428,3485.65,8678.26,0,0,95.2,106.9,0,1.0,857.66,1.0,14.27
204,CASH_IN,209.42,C3620253,1193.59,984.17,C6369223,27472.74,27682.16,0,0,136.7,191.7,0,1.0,1024.40,1.0,22.30
689,TRANSFER,342.27,C9293031,2764.87,2422.60,C7428693,36204.39,36546.66,0,0,178.6,169.5,0,0.0,0.00,1.0,18.59
705,CASH_IN,720.18,C7392016,6530.59,5810.41,C9703648,29810.10,30530.28,0,0,181.5,175.3,0,0.0,0.00,1.0,5.64
300,PAYMENT,1373.14,C1293891,9435.73,8062.59,M5294983,35874.63,37247.77,0,0,177.1,245.7,0,1.0,1253.68,1.0,17.79
194,TRANSFER,41089.38,C2263888,45609.52,0.00,C4282728,0.00,41089.38,1,0,0.4,2.1,1,6.0,583296.18,5.0,52.72
205,CASH_OUT,29909.59,C4007399,32043.89,0.00,C2581362,0.00,29909.59,1,0,128.4,0.2,1,1.0,29909.59,1.0,77.31
566,CASH_OUT,30515.32,C7000162,32932.09,0.00,C1863083,0.00,30515.32,1,0,109.8,1.9,1,1.0,30515.32,1.0,85.80
686,CASH_IN,834.96,C5714630,5069.60,4234.65,C6378742,8742.53,9577.49,0,0,141.3,187.9,0,0.0,0.00,1.0,17.64
597,CASH_IN,144.52,C7334819,1167.09,1022.57,C3238835,18142.34,18286.86,0,0,255.5,247.9,1,0.0,0.00,1.0,9.38
618,DEBIT,1450.33,C7345178,9094.05,7643.72,C8386404,1454.28,2904.61,0,0,223.2,88.0,0,0.0,0.00,1.0,13.96
640,PAYMENT,2147.45,C6636000,17568.94,15421.49,M9719322,35287.61,37435.05,0,0,350.5,245.2,0,1.0,1112.42,1.0,19.33
64,DEBIT,530.90,C9964431,2034.66,1503.76,C3851695,38345.83,38876.73,0,0,276.7,169.3,0,0.0,0.00,1.0,11.37
705,CASH_IN,1021.62,C1710227,6723.12,5701.50,C1046635,2821.72,3843.34,0,0,195.5,95.3,0,0.0,0.00,1.0,5.42
424,PAYMENT,1482.54,C7868662,3836.07,2353.54,M9162596,12956.86,14439.40,0,0,72.5,139.2,1,0.0,0.00,1.0,18.90
214,CASH_IN,406.50,C8805502,3363.18,2956.69,C7614487,41931.76,42338.25,0,0,65.2,95.2,0,1.0,301.43,1.0,18.78
404,TRANSFER,4809.65,C4599059,42530.77,37721.13,C7688362,37128.28,41937.93,0,0,73.7,167.7,0,0.0,0.00,1.0,0.89
90,DEBIT,254.67,C1028394,1677.96,1423.29,C9011462,26475.86,26730.54,0,0,243.5,244.1,0,0.0,0.00,1.0,12.91
544,TRANSFER,166.01,C3282040,1394.25,1228.24,C1011609,2786.93,2952.95,0,0,279.3,118.0,0,1.0,284.72,1.0,14.45
422,CASH_OUT,27747.86,C9263765,28156.38,0.00,C9788886,0.00,27747.86,1,0,200.7,0.9,1,1.0,27747.86,1.0,88.69
453,PAYMENT,1357.44,C8404310,10322.31,8964.88,M9707967,12244.90,13602.33,0,0,282.3,265.6,0,0.0,0.00,1.0,12.36
372,TRANSFER,1118.91,C1313098,1937.85,818.94,C5980359,1444.09,2563.00,0,0,258.5,246.1,0,0.0,0.00,1.0,5.03
368,DEBIT,185.05,C9335526,1818.66,1633.61,C5344332,16929.92,17114.97,0,0,279.2,347.8,0,1.0,372.80,1.0,21.96
441,PAYMENT,1182.70,C1719208,7023.49,5840.79,M3259554,30025.11,31207.81,0,0,233.1,42.4,0,0.0,0.00,1.0,14.59
495,CASH_IN,208.07,C6422202,1903.27,1695.21,C3060403,147.67,355.74,0,0,57.9,268.7,0,0.0,0.00,1.0,16.78
211,PAYMENT,117.79,C5504107,300.71,182.93,M6633212,8388.45,8506.24,0,0,37.8,328.0,1,1.0,1094.61,1.0,1.74
160,PAYMENT,632.92,C2990469,4922.52,4289.60,M9339288,44362.43,44995.34,0,0,333.8,85.8,0,0.0,0.00,1.0,23.23
107,CASH_IN,259.09,C5112768,823.37,564.27,C3088224,4356.30,4615.39,0,0,160.1,222.4,0,0.0,0.00,1.0,1.28
89,DEBIT,1164.95,C3946781,11276.63,10111.68,C3932123,19157.75,20322.70,0,0,108.3,100.1,1,0.0,0.00,1.0,19.11
332,CASH_IN,956.24,C3980985,3805.21,2848.97,C2990992,48985.16,49941.40,0,0,53.2,87.1,1,0.0,0.00,1.0,18.09
398,TRANSFER,88.25,C1671159,454.46,366.21,C4445423,6340.69,6428.95,0,0,282.8,100.9,0,0.0,0.00,1.0,21.57
250,DEBIT,1080.52,C3761283,2909.92,1829.40,C4659733,29242.70,30323.22,0,0,222.7,61.2,0,0.0,0.00,1.0,9.01
329,PAYMENT,144.33,C2292292,231.63,87.30,M1556460,13739.83,13884.16,0,0,364.7,35.2,0,0.0,0.00,1.0,18.39
306,TRANSFER,357.62,C5699633,2999.31,2641.69,C9526452,36012.29,36369.92,0,0,274.4,347.9,0,0.0,0.00,1.0,10.90
283,TRANSFER,1412.53,C8041838,10617.02,9204.49,C2953416,33300.55,34713.08,0,0,222.8,72.5,0,0.0,0.00,1.0,0.98
449,TRANSFER,1300.64,C4551648,7808.48,6507.84,C5156314,39853.20,41153.84,0,0,177.6,309.9,0,0.0,0.00,1.0,7.79
577,TRANSFER,72758.00,C4597509,87214.51,0.00,C2040209,0.00,72758.00,1,0,5.6,4.1,1,11.0,223904.91,8.0,57.68
228,DEBIT,126.72,C4540173,1061.49,934.77,C8154257,41960.79,42087.50,0,0,152.1,165.4,0,1.0,1451.04,1.0,21.10
636,PAYMENT,9814.09,C2516033,67491.03,57676.94,M7711171,37861.82,47675.91,0,0,103.3,303.2,0,0.0,0.00,1.0,3.73
184,TRANSFER,4510.23,C4483103,13708.92,9198.68,C5318599,16473.34,20983.57,0,0,119.4,231.4,0,0.0,0.00,1.0,4.51
515,CASH_IN,512.21,C9198058,4412.22,3900.01,C7085354,38474.81,38987.02,0,0,250.7,74.9,0,0.0,0.00,1.0,5.80
68,TRANSFER,652.91,C1705242,3637.02,2984.11,C3114353,16838.25,17491.16,0,0,357.2,323.1,1,2.0,1826.90,1.0,23.00
572,PAYMENT,3122.64,C8458989,13694.11,10571.47,M6147120,12880.20,16002.84,0,0,96.1,58.6,0,2.0,2902.10,1.0,9.55
603,TRANSFER,29432.35,C4229591,31024.75,0.00,C1402925,0.00,29432.35,1,0,5.3,2.2,1,6.0,222879.86,6.0,60.69
689,CASH_IN,121.35,C4958994,768.10,646.75,C2326011,16940.25,17061.60,0,0,185.7,295.5,0,0.0,0.00,1.0,0.97
690,DEBIT,209.92,C1564021,1357.60,1147.68,C5782138,33987.76,34197.67,0,0,185.2,296.7,0,0.0,0.00,1.0,0.19
561,DEBIT,1169.73,C4983951,10667.02,9497.29,C7210227,19197.26,20366.98,0,0,210.5,109.1,0,1.0,1053.98,1.0,1.17
632,PAYMENT,1037.95,C6788603,7307.99,6270.04,M1061034,20017.87,21055.82,0,0,233.5,351.3,0,1.0,641.35,1.0,8.37
236,DEBIT,2212.38,C9774380,19649.77,17437.40,C9979814,14612.74,16825.12,0,0,242.9,338.4,0,0.0,0.00,1.0,17.01
634,TRANSFER,174.69,C4913756,943.34,768.66,C3741366,42577.83,42752.51,0,0,198.5,362.7,0,0.0,0.00,1.0,3.98
710,TRANSFER,531.93,C9860229,3807.25,3275.32,C4801152,6610.33,7142.26,0,0,32.0,290.4,0,0.0,0.00,1.0,24.19
35,TRANSFER,564.06,C5394102,4090.87,3526.81,C3094583,6884.87,7448.93,0,0,289.1,314.9,0,0.0,0.00,1.0,17.03
201,CASH_IN,782.12,C4029962,2211.77,1429.65,C7415925,21158.76,21940.88,0,0,213.5,133.6,0,1.0,1221.96,1.0,24.43
200,DEBIT,489.25,C6067626,1128.45,639.20,C7515749,42614.58,43103.83,0,0,363.5,35.3,0,1.0,1274.81,1.0,13.63
133,TRANSFER,1333.25,C3761600,10655.79,9322.54,C6408020,36442.11,37775.37,0,0,243.8,76.8,0,0.0,0.00,1.0,20.88
188,CASH_IN,1147.15,C8550695,8884.64,7737.49,C6206969,49963.07,51110.22,0,0,235.1,84.8,0,0.0,0.00,1.0,23.73
664,DEBIT,1562.16,C8774268,12225.99,10663.83,C9590722,42804.84,44367.00,0,0,58.8,334.9,0,0.0,0.00,1.0,5.78
349,TRANSFER,20570.69,C9926226,21251.41,0.00,C6277165,0.00,20570.69,1,0,151.4,0.3,1,1.0,20570.69,1.0,92.29
282,TRANSFER,499.54,C1190423,3172.65,2673.11,C9385429,39922.33,40421.87,0,0,281.2,49.9,0,0.0,0.00,1.0,2.17
59,TRANSFER,1073.18,C5416543,8158.76,7085.58,C5810967,9920.28,10993.46,0,0,118.7,335.4,0,0.0,0.00,1.0,24.01
345,PAYMENT,303.20,C2473044,1753.09,1449.89,M7619007,27312.29,27615.49,0,0,72.0,56.5,0,1.0,574.45,1.0,2.91
158,CASH_IN,418.45,C4244994,1902.43,1483.98,C2039372,385.97,804.42,0,0,222.3,259.2,1,0.0,0.00,1.0,16.75
632,DEBIT,538.99,C5018957,5034.09,4495.10,C3329676,16322.15,16861.14,0,0,189.5,345.0,0,1.0,868.30,1.0,10.72
611,TRANSFER,223.29,C3045855,1644.42,1421.13,C1605644,17905.70,18128.99,0,0,216.9,265.0,0,0.0,0.00,1.0,17.43
69,TRANSFER,184.96,C3724357,687.11,502.16,C2466615,16314.01,16498.96,0,0,179.9,58.5,0,0.0,0.00,1.0,21.02
425,CASH_IN,278.24,C7225466,1662.87,1384.63,C5984761,13616.07,13894.31,0,0,67.9,177.7,0,0.0,0.00,1.0,5.23
69,TRANSFER,3187.58,C6535018,26347.86,23160.28,C2176034,47803.62,50991.20,0,0,301.4,218.9,0,0.0,0.00,1.0,22.44
299,DEBIT,966.63,C1813406,7240.80,6274.17,C4368707,34658.42,35625.05,0,0,147.4,323.4,0,0.0,0.00,1.0,22.57
277,TRANSFER,902.01,C8879524,1396.25,494.24,C6458551,49112.02,50014.03,0,0,256.0,256.1,1,0.0,0.00,1.0,16.33
716,TRANSFER,474.65,C9071885,2905.80,2431.16,C2562858,2122.30,2596.95,0,0,143.9,305.3,0,0.0,0.00,1.0,16.80
278,CASH_OUT,22075.78,C9812576,24346.32,0.00,C8083672,0.00,22075.78,1,0,234.1,1.8,1,1.0,22075.78,1.0,84.08
686,CASH_IN,2895.53,C8819284,19145.85,16250.32,C1614367,40781.76,43677.29,0,0,239.4,192.8,0,0.0,0.00,1.0,21.56
656,CASH_IN,83.48,C2688828,633.02,549.54,C2760846,13830.66,13914.15,0,0,53.2,233.2,0,0.0,0.00,1.0,14.42
207,TRANSFER,213449.48,C2423509,221908.09,0.00,C5714039,0.00,213449.48,1,1,281.3,1.7,1,1.0,213449.48,4.0,74.68
592,PAYMENT,2001.50,C7603782,14218.49,12216.99,M1242006,5343.41,7344.90,0,0,62.4,235.7,0,0.0,0.00,1.0,21.01
170,TRANSFER,85754.09,C8041992,89044.64,0.00,C9897957,0.00,85754.09,1,0,2.3,4.3,1,14.0,159797.45,3.0,63.76
692,TRANSFER,374.20,C6810330,1267.61,893.41,C4364675,9918.81,10293.01,0,0,243.2,363.3,1,1.0,1314.11,1.0,22.92
552,CASH_IN,3157.02,C5759643,25718.81,22561.79,C6633738,18292.35,21449.38,0,0,33.4,316.8,0,0.0,0.00,1.0,8.92
577,TRANSFER,86906.37,C9578791,101619.54,0.00,C6121375,0.00,86906.37,1,0,5.3,2.3,1,12.0,390585.13,7.0,74.74
114,TRANSFER,684.14,C1269923,5117.73,4433.58,C5188965,41021.22,41705.36,0,0,175.9,74.9,0,1.0,608.07,1.0,15.83
527,CASH_OUT,219369.01,C1069925,257938.33,0.00,C2772591,0.00,219369.01,1,1,0.6,0.6,1,3.0,658107.02,1.0,25.06
618,DEBIT,423.53,C5605395,2798.70,2375.17,C5625446,26787.08,27210.61,0,0,237.6,340.9,0,0.0,0.00,1.0,18.44
225,DEBIT,1422.41,C6502874,9519.37,8096.96,C1439739,26931.53,28353.94,0,0,276.6,213.5,0,2.0,797.54,1.0,8.68
261,TRANSFER,443.33,C4170528,4086.75,3643.42,C1458585,35615.66,36058.99,0,0,163.5,206.7,1,0.0,0.00,1.0,7.84
540,CASH_OUT,199326.56,C9376009,232281.91,0.00,C5920157,0.00,199326.56,1,0,296.7,1.4,1,1.0,199326.56,4.0,95.38
182,PAYMENT,139.82,C9725344,878.16,738.34,M3883410,2823.99,2963.81,0,0,311.7,334.4,0,0.0,0.00,1.0,6.92
255,CASH_IN,2324.61,C3399730,21525.34,19200.73,C8740213,17954.00,20278.61,0,0,277.7,247.2,0,0.0,0.00,1.0,22.77
442,DEBIT,617.57,C8609259,1036.83,419.25,C7388759,12047.45,12665.02,0,0,145.0,39.4,0,0.0,0.00,1.0,13.98
178,DEBIT,155.30,C5810670,750.96,595.66,C6509426,32872.06,33027.35,0,0,120.7,215.5,0,1.0,1442.78,1.0,3.27
336,CASH_OUT,247799.00,C1450224,283415.57,0.00,C1772837,0.00,247799.00,1,1,2.4,4.3,1,4.0,991196.01,2.0,2.47
519,PAYMENT,2355.22,C2595855,6189.95,3834.73,M9221882,46630.76,48985.98,0,0,129.2,176.7,0,1.0,276.76,1.0,8.20
282,DEBIT,184.64,C8789645,460.15,275.51,C2685075,28756.15,28940.79,0,0,98.9,224.6,0,0.0,0.00,1.0,8.58
157,TRANSFER,1831.25,C8170380,6904.30,5073.05,C2300062,41463.66,43294.90,0,0,203.9,125.9,0,0.0,0.00,1.0,11.88
402,CASH_IN,252.02,C1295808,2485.73,2233.71,C1713101,34384.02,34636.05,0,0,40.5,238.2,0,0.0,0.00,1.0,24.66
455,CASH_OUT,207703.29,C2890651,234417.25,0.00,C5106798,0.00,207703.29,1,1,2.7,4.6,1,3.0,623109.88,1.0,11.99
549,CASH_IN,304.00,C4066757,2727.42,2423.42,C5781892,23908.65,24212.65,0,0,284.4,118.4,0,0.0,0.00,1.0,24.14
577,TRANSFER,47603.06,C8304161,48294.18,0.00,C8083630,0.00,47603.06,1,0,1.9,0.3,1,14.0,464689.77,8.0,71.83
563,TRANSFER,223336.66,C3077689,240961.05,0.00,C4481405,0.00,223336.66,1,1,195.9,4.4,1,1.0,223336.66,2.0,97.30
421,TRANSFER,1340.82,C3893175,6598.62,5257.79,C3802485,30938.65,32279.48,0,0,299.4,67.6,0,0.0,0.00,1.0,0.74
417,PAYMENT,994.12,C1210791,8837.34,7843.22,M5127253,48544.55,49538.67,0,0,263.9,182.8,0,0.0,0.00,1.0,13.27
493,TRANSFER,4722.22,C5357949,8989.20,4266.98,C4535937,1938.89,6661.11,0,0,305.8,317.9,0,0.0,0.00,1.0,23.87
711,DEBIT,519.53,C2499965,4006.14,3486.60,C9712416,17528.54,18048.08,0,0,101.7,225.1,0,0.0,0.00,1.0,4.49
298,TRANSFER,539.33,C6272801,2077.91,1538.58,C2903888,21375.03,21914.36,0,0,321.3,126.4,0,0.0,0.00,1.0,19.78
83,DEBIT,569.56,C6067693,2602.89,2033.33,C4501424,32932.65,33502.21,0,0,267.5,364.8,1,0.0,0.00,1.0,1.50
659,DEBIT,1844.94,C1271665,12841.22,10996.28,C2189286,24463.77,26308.71,0,0,348.1,287.9,0,0.0,0.00,1.0,18.93
489,DEBIT,232.24,C6685068,1427.80,1195.56,C8901341,14324.14,14556.38,0,0,321.7,322.4,0,1.0,1085.48,1.0,10.66
178,PAYMENT,117.16,C1161080,488.52,371.36,M4058328,26887.74,27004.90,0,0,357.8,101.1,0,0.0,0.00,1.0,3.63
540,TRANSFER,6453.75,C1734659,24180.20,17726.44,C1331687,6591.15,13044.90,0,0,115.9,180.8,0,2.0,1272.10,1.0,2.11
471,TRANSFER,23312.20,C7274973,27755.26,0.00,C6178627,0.00,23312.20,1,0,137.8,0.6,1,1.0,23312.20,1.0,75.10
113,TRANSFER,101.16,C3400940,482.19,381.03,C2271335,35450.17,35551.32,0,0,131.8,82.6,0,2.0,870.79,1.0,7.97
27,TRANSFER,70677.60,C6153171,79949.12,0.00,C5311578,0.00,70677.60,1,0,184.7,1.1,1,2.0,141355.20,4.0,72.02
514,DEBIT,4056.00,C4786813,37012.72,32956.73,C2657869,41186.29,45242.29,0,0,115.2,111.1,0,0.0,0.00,1.0,22.23
138,PAYMENT,2697.27,C4953170,7930.64,5233.37,M9224478,39198.18,41895.45,0,0,336.6,76.3,0,0.0,0.00,1.0,5.63
669,DEBIT,3248.69,C8856710,13107.92,9859.23,C5826119,42033.03,45281.72,0,0,349.2,301.2,0,1.0,527.99,1.0,20.69
77,DEBIT,592.58,C1564798,3650.93,3058.35,C1712975,7380.07,7972.65,0,0,260.6,213.8,0,0.0,0.00,1.0,16.51
683,CASH_OUT,191150.45,C4661285,207428.92,0.00,C4154685,0.00,191150.45,1,0,6.7,2.2,1,5.0,955752.23,2.0,1.48
395,TRANSFER,453.45,C2852328,2140.71,1687.26,C1564341,47255.34,47708.79,0,0,268.2,256.8,0,0.0,0.00,1.0,21.81
398,TRANSFER,15777.82,C4761019,18269.62,0.00,C5944684,0.00,15777.82,1,0,228.2,0.3,1,1.0,15777.82,1.0,81.30
567,TRANSFER,21669.44,C5492401,21818.79,0.00,C3018108,0.00,21669.44,1,0,243.6,1.6,1,1.0,21669.44,1.0,73.10
660,TRANSFER,159216.45,C2199520,159669.04,0.00,C2944814,0.00,159216.45,1,0,3.9,6.0,1,4.0,636865.82,1.0,27.63
188,CASH_IN,1050.77,C5099461,9216.47,8165.71,C4509225,44921.97,45972.73,0,0,301.3,326.5,0,0.0,0.00,1.0,21.52
470,TRANSFER,837.99,C9419427,8378.94,7540.95,C5836168,38490.09,39328.08,0,0,145.9,339.2,0,0.0,0.00,1.0,20.72
273,TRANSFER,1614.57,C2993187,6831.42,5216.84,C5878745,25816.68,27431.25,0,0,314.7,358.7,0,1.0,857.49,1.0,22.82
585,PAYMENT,4817.86,C9154025,46515.98,41698.12,M6302423,28822.75,33640.61,0,0,316.8,134.2,0,0.0,0.00,1.0,0.18
406,PAYMENT,1209.55,C7543894,9679.30,8469.74,M1856421,36889.50,38099.05,0,0,122.9,122.9,0,0.0,0.00,1.0,24.22
123,CASH_OUT,36168.42,C4358996,40929.59,0.00,C8520112,0.00,36168.42,1,0,1.0,5.4,1,13.0,237309.52,5.0,68.25
321,PAYMENT,381.30,C2883691,3416.41,3035.11,M1868712,23127.91,23509.21,0,0,70.9,272.8,0,0.0,0.00,1.0,20.13
131,PAYMENT,373.28,C7294695,1187.53,814.25,M5467651,14209.26,14582.54,0,0,233.7,162.1,0,1.0,244.44,1.0,15.69
132,CASH_OUT,44557.41,C7221001,46221.41,0.00,C9933865,0.00,44557.41,1,0,268.8,0.3,1,2.0,89114.82,1.0,73.24
385,TRANSFER,42124.71,C9994510,47174.43,0.00,C9360462,0.00,42124.71,1,0,4.3,6.7,1,6.0,367165.45,9.0,70.59
686,DEBIT,1532.21,C6748514,10736.28,9204.07,C2207850,35803.10,37335.31,0,0,262.2,121.4,0,0.0,0.00,1.0,3.36
627,TRANSFER,112766.76,C9964402,122558.28,0.00,C1805670,0.00,112766.76,1,0,236.8,1.1,1,2.0,225533.53,1.0,92.45
339,TRANSFER,83407.81,C4798731,87140.19,0.00,C9247119,0.00,83407.81,1,0,3.6,3.8,1,10.0,354844.21,6.0,56.11
297,DEBIT,65.84,C7600842,557.10,491.26,C2386647,35725.82,35791.66,0,0,266.0,316.5,1,0.0,0.00,1.0,5.98
524,PAYMENT,863.12,C4318185,6091.96,5228.84,M4324818,32148.68,33011.80,0,0,111.0,333.6,0,1.0,616.88,1.0,19.22
446,TRANSFER,674.70,C6743849,3817.32,3142.62,C3827499,12072.41,12747.12,0,0,128.3,121.6,0,0.0,0.00,1.0,15.48
193,TRANSFER,160883.77,C7600483,180292.12,0.00,C9602371,0.00,160883.77,1,0,209.8,2.3,1,1.0,160883.77,4.0,81.75
237,CASH_IN,812.98,C8655747,6272.06,5459.08,C2021572,40369.36,41182.34,0,0,357.0,214.5,0,0.0,0.00,1.0,2.81
275,CASH_IN,3982.26,C7665215,22292.48,18310.21,C1345752,28664.30,32646.57,0,0,35.7,272.9,0,0.0,0.00,1.0,18.70
449,DEBIT,1327.84,C7138571,12745.47,11417.63,C2915124,273.75,1601.59,0,0,281.3,165.3,1,2.0,793.21,1.0,12.76
44,PAYMENT,387.27,C4054045,3152.82,2765.55,M2596002,29944.19,30331.47,0,0,282.6,313.3,0,0.0,0.00,1.0,8.94
717,DEBIT,1374.75,C4392566,6192.62,4817.87,C4485759,23096.76,24471.51,0,0,108.6,161.7,0,0.0,0.00,1.0,7.85
333,CASH_IN,133.88,C4198546,747.23,613.35,C4821003,13801.74,13935.62,0,0,337.2,242.0,0,0.0,0.00,1.0,2.08
273,DEBIT,443.30,C1208676,2559.90,2116.60,C5951142,45827.68,46270.99,0,0,353.5,228.4,0,1.0,578.93,1.0,23.98
130,DEBIT,735.43,C4568339,2938.44,2203.01,C3378894,39541.63,40277.07,0,0,321.2,89.0,0,0.0,0.00,1.0,11.14
611,PAYMENT,224.07,C2683413,642.22,418.15,M9523562,1180.48,1404.54,0,0,92.0,105.9,0,2.0,976.63,1.0,7.35
324,DEBIT,1518.09,C1147556,12112.81,10594.71,C9090508,5495.60,7013.69,0,0,338.5,54.3,0,0.0,0.00,1.0,20.67
491,CASH_IN,758.56,C5883939,3280.05,2521.50,C6955833,25163.67,25922.22,0,0,31.0,109.0,0,0.0,0.00,1.0,9.70
351,PAYMENT,463.39,C6149684,2670.55,2207.17,M2694028,36646.53,37109.92,0,0,33.2,45.4,0,1.0,794.15,1.0,4.76
278,TRANSFER,463.81,C4260151,2795.14,2331.33,C9680082,36804.71,37268.52,0,0,232.2,281.6,0,0.0,0.00,1.0,11.76
492,DEBIT,1029.97,C2165594,6986.19,5956.22,C6428679,29223.67,30253.64,0,0,125.0,140.1,0,0.0,0.00,1.0,15.26
522,CASH_IN,664.74,C5301400,1332.52,667.79,C7447030,34944.99,35609.73,0,0,256.2,121.9,0,0.0,0.00,1.0,0.02
562,CASH_IN,3330.31,C9198255,29634.06,26303.75,C4263981,33654.60,36984.90,0,0,326.5,95.1,0,0.0,0.00,1.0,13.26
472,PAYMENT,182.80,C1322090,366.13,183.33,M5158947,17654.73,17837.53,0,0,33.3,270.5,0,1.0,467.07,1.0,13.13
691,PAYMENT,107.12,C6146505,333.08,225.96,M8024619,11587.55,11694.67,0,0,154.5,132.8,0,1.0,438.83,1.0,1.44
515,DEBIT,959.42,C7297978,4562.04,3602.62,C1998175,8700.98,9660.41,0,0,204.7,184.8,0,0.0,0.00,1.0,9.13
569,PAYMENT,669.90,C3316195,3232.84,2562.94,M4002714,2372.57,3042.47,0,0,262.6,83.9,0,0.0,0.00,1.0,22.92
547,DEBIT,143.81,C1965203,836.10,692.29,C2163393,41149.97,41293.78,0,0,241.1,239.5,1,0.0,0.00,1.0,5.73
165,TRANSFER,72.30,C2903678,690.12,617.82,C6835654,19239.24,19311.54,0,0,170.8,182.8,0,0.0,0.00,1.0,16.39
206,DEBIT,586.93,C5246238,3628.21,3041.28,C5787535,15336.76,15923.69,0,0,221.7,339.6,0,2.0,973.78,1.0,2.64
207,PAYMENT,939.92,C3848446,2307.63,1367.72,M8957889,457.84,1397.76,0,0,95.9,299.4,0,1.0,978.12,1.0,5.68
426,CASH_IN,659.40,C6719503,2661.21,2001.81,C7147688,11135.95,11795.35,0,0,238.4,138.4,1,0.0,0.00,1.0,15.21
645,DEBIT,554.66,C6567202,2242.30,1687.64,C8688165,16145.80,16700.46,0,0,281.5,222.0,1,1.0,1209.08,1.0,3.63
203,DEBIT,239.78,C2116971,2222.63,1982.84,C2082812,14728.39,14968.18,0,0,30.5,256.4,0,0.0,0.00,1.0,18.10
69,TRANSFER,358.86,C9433798,1440.45,1081.60,C1329714,44204.95,44563.80,0,0,280.6,111.3,1,0.0,0.00,1.0,8.26
496,CASH_IN,1014.49,C2025786,9335.86,8321.37,C6851174,48835.85,49850.34,0,0,60.8,350.9,0,2.0,2653.54,1.0,14.87
104,DEBIT,433.01,C1115739,927.99,494.98,C1078432,18027.99,18461.00,0,0,168.6,151.3,0,0.0,0.00,1.0,1.31
660,DEBIT,354.79,C7430447,3254.52,2899.73,C1163193,1499.82,1854.61,0,0,85.6,272.2,0,0.0,0.00,1.0,18.89
582,TRANSFER,846.68,C6136515,3130.67,2283.99,C2444359,42361.92,43208.60,0,0,343.4,199.1,0,0.0,0.00,1.0,20.25
665,DEBIT,123.01,C1231968,764.22,641.22,C2311477,18931.85,19054.85,0,0,74.6,235.9,1,1.0,1190.00,1.0,10.05
449,DEBIT,3193.73,C1345357,21566.91,18373.18,C4340147,22025.17,25218.91,0,0,94.1,310.2,0,0.0,0.00,1.0,20.45
464,DEBIT,505.63,C2967561,4287.79,3782.16,C6545785,40578.17,41083.80,0,0,129.6,338.0,0,0.0,0.00,1.0,23.81
681,DEBIT,369.70,C5627902,1495.00,1125.30,C4640029,35214.94,35584.63,0,0,179.5,106.3,0,0.0,0.00,1.0,7.91
309,CASH_IN,664.21,C1318382,6631.65,5967.44,C5613570,49227.79,49891.99,0,0,348.0,132.5,0,0.0,0.00,1.0,24.31
312,CASH_OUT,115010.22,C1149986,135650.46,0.00,C9870720,0.00,115010.22,1,0,266.6,5.0,1,1.0,115010.22,1.0,87.95
494,DEBIT,703.00,C8046617,1444.01,741.01,C9069060,16199.72,16902.72,0,0,330.6,189.2,0,1.0,660.96,1.0,11.21
329,DEBIT,369.07,C4439338,2882.02,2512.96,C4737374,33429.37,33798.43,0,0,315.6,150.5,0,0.0,0.00,1.0,3.29
217,TRANSFER,390.28,C5582045,3268.95,2878.67,C7163486,14759.64,15149.92,0,0,171.3,177.1,0,1.0,290.40,1.0,17.57
152,CASH_IN,4304.19,C3911462,37354.92,33050.73,C7677002,16062.29,20366.48,0,0,271.5,115.7,0,0.0,0.00,1.0,10.66
338,TRANSFER,28262.94,C9882115,29043.35,0.00,C4756023,0.00,28262.94,1,0,1.0,4.1,1,9.0,556128.97,4.0,57.72
256,PAYMENT,1623.04,C9603260,15508.83,13885.80,M1440403,45104.60,46727.64,0,0,45.5,135.0,0,1.0,1489.47,1.0,11.91
308,DEBIT,553.81,C9448781,3226.18,2672.37,C8982379,35127.95,35681.76,0,0,70.7,296.5,0,0.0,0.00,1.0,19.45
474,CASH_IN,1050.10,C7283551,2613.46,1563.37,C5472293,228.67,1278.77,0,0,357.1,36.2,0,0.0,0.00,1.0,14.43
569,DEBIT,337.64,C1799886,2149.86,1812.22,C1278298,18709.66,19047.30,0,0,111.6,318.2,0,2.0,1216.16,1.0,23.62
527,CASH_OUT,62064.02,C6473851,66124.95,0.00,C7342995,0.00,62064.02,1,0,4.5,0.0,1,2.0,124128.04,2.0,10.46
548,CASH_IN,1009.66,C4088659,3693.34,2683.68,C4465003,3282.50,4292.16,0,0,242.6,250.4,0,0.0,0.00,1.0,7.28
706,TRANSFER,3438.70,C8580811,25625.79,22187.10,C3002008,41007.15,44445.84,0,0,95.5,176.2,0,0.0,0.00,1.0,3.65
333,CASH_IN,324.60,C2861258,598.95,274.34,C7855853,10791.37,11115.97,0,0,364.1,116.0,0,0.0,0.00,1.0,9.97
158,DEBIT,1636.25,C4934127,13252.72,11616.47,C5959311,7205.16,8841.41,0,0,160.8,94.1,1,1.0,923.21,1.0,16.17
562,TRANSFER,1421.08,C7259135,14107.99,12686.91,C9416817,32738.09,34159.17,0,0,321.0,276.8,1,0.0,0.00,1.0,6.78
344,PAYMENT,164.46,C5242977,876.96,712.50,M4310719,38603.22,38767.68,0,0,208.9,66.8,0,0.0,0.00,1.0,19.24
323,CASH_IN,675.94,C3283621,3953.92,3277.97,C2564852,49597.28,50273.22,0,0,343.7,178.8,0,0.0,0.00,1.0,6.27
589,DEBIT,301.01,C1472100,1478.96,1177.95,C5757416,23452.85,23753.86,0,0,237.4,43.5,1,0.0,0.00,1.0,19.96
204,TRANSFER,851.00,C5674650,8247.08,7396.08,C9756144,45583.21,46434.21,0,0,147.3,116.9,0,0.0,0.00,1.0,0.53
309,DEBIT,1116.77,C5726031,8033.25,6916.48,C8656604,22639.11,23755.87,0,0,286.1,231.6,0,0.0,0.00,1.0,5.08
565,TRANSFER,19080.40,C7697243,22264.55,0.00,C5475573,0.00,19080.40,1,0,282.1,0.3,1,1.0,19080.40,1.0,66.64
250,CASH_IN,334.62,C1404975,1565.82,1231.20,C1285454,18494.30,18828.92,0,0,223.1,272.3,0,0.0,0.00,1.0,12.42
93,TRANSFER,1928.94,C4536673,9588.78,7659.84,C3225909,11317.08,13246.02,0,0,31.0,259.1,0,0.0,0.00,1.0,0.77
220,CASH_OUT,190582.26,C7037442,202694.58,0.00,C8472266,0.00,190582.26,1,0,250.8,3.4,1,2.0,381164.52,4.0,77.55
181,PAYMENT,1526.33,C1384901,9783.77,8257.44,M5754165,8086.23,9612.57,0,0,184.1,361.6,0,0.0,0.00,1.0,4.65
712,CASH_OUT,198304.92,C1284427,223779.07,0.00,C4846824,0.00,198304.92,1,0,270.8,3.9,1,1.0,198304.92,1.0,90.56
572,CASH_IN,853.74,C6167196,2593.73,1740.00,C4357273,23204.47,24058.20,0,0,126.4,356.2,0,0.0,0.00,1.0,5.14
253,CASH_OUT,34947.10,C4336231,37986.25,0.00,C8014074,0.00,34947.10,1,0,254.5,0.5,1,1.0,34947.10,1.0,87.18
530,TRANSFER,340.91,C7845198,1194.58,853.66,C1407566,13757.07,14097.98,0,0,52.7,188.8,0,0.0,0.00,1.0,0.62
32,CASH_IN,338.66,C5113250,2899.81,2561.14,C4940104,38478.67,38817.34,0,0,152.1,281.0,0,0.0,0.00,1.0,23.08
329,PAYMENT,455.48,C6082363,4026.28,3570.80,M4593004,2933.37,3388.85,0,0,283.6,69.8,1,1.0,1399.94,1.0,18.53
590,DEBIT,1043.84,C4354617,5054.27,4010.43,C3393545,5981.99,7025.82,0,0,342.4,286.1,0,1.0,1264.88,1.0,3.10
659,CASH_IN,291.38,C8676665,813.63,522.25,C4943456,32781.27,33072.65,0,0,223.7,251.4,1,1.0,525.14,1.0,23.91
137,TRANSFER,8897.70,C5774789,31567.85,22670.15,C4570065,41184.17,50081.87,0,0,37.9,304.1,0,0.0,0.00,1.0,2.50
415,CASH_IN,2119.21,C1323747,11111.08,8991.87,C4964553,4684.17,6803.39,0,0,104.1,153.7,0,0.0,0.00,1.0,21.42
401,CASH_IN,1708.23,C6915629,9210.17,7501.94,C9197661,40830.46,42538.69,0,0,185.0,191.5,0,0.0,0.00,1.0,11.31
189,DEBIT,1126.00,C8726198,7266.83,6140.83,C6801543,27118.35,28244.36,0,0,194.0,108.8,0,0.0,0.00,1.0,9.56
37,TRANSFER,1833.12,C8162720,15399.51,13566.39,C3404954,42856.72,44689.85,0,0,169.9,194.9,0,0.0,0.00,1.0,22.32
158,CASH_OUT,173722.55,C9299241,203211.35,0.00,C4820380,0.00,173722.55,1,0,218.3,0.8,1,3.0,521167.64,2.0,85.56
61,DEBIT,68.53,C3608194,172.96,104.42,C4130801,1496.53,1565.06,0,0,51.9,199.0,1,0.0,0.00,1.0,20.06
353,CASH_IN,272.73,C7736655,1223.80,951.07,C3292391,47109.18,47381.91,0,0,37.8,81.4,0,0.0,0.00,1.0,19.46
493,TRANSFER,128.35,C8534470,885.08,756.74,C7548012,292.81,421.15,0,0,282.3,73.8,0,0.0,0.00,1.0,12.65
106,TRANSFER,491.15,C4966952,4818.61,4327.46,C1469934,34601.74,35092.89,0,0,46.5,131.3,0,0.0,0.00,1.0,12.72
202,PAYMENT,267.18,C3771418,601.00,333.82,M7156463,47635.85,47903.03,0,0,323.9,45.4,0,0.0,0.00,1.0,6.23
643,TRANSFER,401.30,C6970140,1285.81,884.51,C2814003,43694.62,44095.92,0,0,117.3,316.5,0,0.0,0.00,1.0,1.90
395,CASH_IN,1862.04,C4747100,14874.48,13012.44,C5544232,14803.34,16665.38,0,0,182.8,190.1,1,0.0,0.00,1.0,19.45
663,PAYMENT,559.43,C5090434,2641.03,2081.60,M7238241,48260.21,48819.64,0,0,128.1,322.0,0,0.0,0.00,1.0,6.49
666,DEBIT,733.37,C4264877,4469.96,3736.59,C7415917,12028.08,12761.45,0,0,128.6,275.1,0,0.0,0.00,1.0,14.72
39,CASH_IN,2297.96,C8744602,6901.28,4603.31,C6713561,20680.25,22978.21,0,0,212.2,306.4,0,1.0,1100.81,1.0,23.02
139,CASH_IN,914.42,C1417029,3262.09,2347.67,C4415959,43812.27,44726.69,0,0,183.6,144.1,0,0.0,0.00,1.0,2.99
94,TRANSFER,122542.76,C6773064,127324.87,0.00,C8237541,0.00,122542.76,1,0,4.9,7.0,1,3.0,367628.29,1.0,22.78
641,TRANSFER,615.24,C7733527,3450.84,2835.59,C7174818,11218.71,11833.95,0,0,355.2,273.8,1,0.0,0.00,1.0,14.75
393,DEBIT,255.62,C9746551,1120.91,865.30,C1275495,47259.46,47515.08,0,0,211.9,365.0,0,1.0,1019.34,1.0,18.41
571,PAYMENT,487.88,C6444274,3173.48,2685.61,M3256146,35100.20,35588.08,0,0,307.6,259.6,0,0.0,0.00,1.0,11.28
579,CASH_OUT,127394.29,C1090371,135506.41,0.00,C5986802,0.00,127394.29,1,0,226.7,0.6,1,3.0,382182.88,2.0,77.99
281,CASH_IN,1053.39,C7373788,10290.42,9237.03,C6833943,22839.27,23892.66,0,0,187.1,311.7,0,0.0,0.00,1.0,7.85
447,CASH_IN,637.28,C6125540,2676.09,2038.81,C9890835,12727.90,13365.18,0,0,303.0,67.6,0,1.0,1355.36,1.0,12.46
451,PAYMENT,437.20,C4623931,3592.60,3155.40,M8239160,7414.71,7851.91,0,0,130.3,131.9,0,1.0,819.75,1.0,3.85
428,PAYMENT,719.00,C4245796,6989.25,6270.25,M1811064,34330.78,35049.78,0,0,264.3,192.2,0,1.0,335.38,1.0,3.35
309,CASH_IN,739.87,C3295172,4905.91,4166.04,C3346623,16943.56,17683.43,0,0,158.0,193.5,1,1.0,1081.22,1.0,23.31
210,CASH_IN,1401.01,C9318119,10930.05,9529.04,C8886043,16427.57,17828.58,0,0,51.2,196.3,1,0.0,0.00,1.0,1.03
299,TRANSFER,475.65,C7081996,995.94,520.29,C1963635,30033.41,30509.06,0,0,293.8,332.2,0,0.0,0.00,1.0,16.33
41,TRANSFER,5233.78,C5083376,30413.92,25180.14,C2934966,14389.35,19623.12,0,0,304.6,315.3,0,1.0,918.11,1.0,1.76
57,CASH_IN,233.39,C2670155,1435.23,1201.84,C6231155,42004.09,42237.48,0,0,44.2,180.2,0,0.0,0.00,1.0,21.99
659,TRANSFER,703.74,C3830440,2618.40,1914.66,C2771838,39624.09,40327.83,0,0,204.2,312.3,0,2.0,2092.07,1.0,2.90
230,PAYMENT,648.22,C7772113,5609.35,4961.13,M6515860,37085.51,37733.72,0,0,135.6,327.5,0,0.0,0.00,1.0,23.79
638,PAYMENT,8134.96,C1817771,21001.94,12866.98,M7717049,25047.88,33182.84,0,0,237.4,217.6,0,0.0,0.00,1.0,3.99
547,TRANSFER,323.69,C8584231,533.12,209.43,C6298899,9295.07,9618.76,0,0,145.4,304.8,0,1.0,1432.94,1.0,16.05
501,CASH_IN,645.01,C9991570,1150.79,505.78,C3351790,2262.25,2907.27,0,0,117.8,217.5,0,1.0,1205.06,1.0,7.13
616,PAYMENT,1189.01,C1328328,7260.76,6071.74,M6833973,6272.73,7461.74,0,0,216.8,176.1,0,0.0,0.00,1.0,10.98
58,DEBIT,101.96,C2139821,994.05,892.09,C3460286,47425.51,47527.47,0,0,119.1,164.2,0,0.0,0.00,1.0,6.17
347,PAYMENT,998.81,C1781277,4294.91,3296.09,M1538210,35453.16,36451.97,0,0,352.2,361.9,0,0.0,0.00,1.0,19.46
489,TRANSFER,1909.07,C3398515,7699.86,5790.78,C7355176,11045.35,12954.42,0,0,339.3,241.3,0,0.0,0.00,1.0,21.10
351,CASH_IN,1161.42,C4811328,7028.55,5867.13,C1928249,45547.65,46709.07,0,0,53.5,142.8,0,0.0,0.00,1.0,10.25
515,PAYMENT,1297.53,C5183845,6175.38,4877.84,M6256713,32828.51,34126.05,0,0,231.7,343.1,0,0.0,0.00,1.0,18.21
153,PAYMENT,1312.90,C4222245,12665.03,11352.13,M4230753,15322.73,16635.63,0,0,37.8,175.7,0,0.0,0.00,1.0,5.65
521,CASH_IN,2793.58,C5503777,26633.75,23840.17,C9592959,33168.14,35961.73,0,0,65.9,183.7,0,0.0,0.00,1.0,20.66
276,PAYMENT,740.00,C1165230,5002.32,4262.32,M5581219,41461.06,42201.06,0,0,260.0,30.1,0,0.0,0.00,1.0,19.04
131,TRANSFER,177.00,C7266808,1747.11,1570.11,C4698365,7135.27,7312.27,0,0,38.3,352.0,0,0.0,0.00,1.0,1.90
321,DEBIT,1358.59,C7478750,12436.65,11078.06,C8963627,49021.07,50379.66,0,0,241.4,271.0,0,1.0,347.72,1.0,7.53
395,PAYMENT,470.83,C6149018,4427.23,3956.40,M6864572,21465.54,21936.37,0,0,65.5,232.9,0,1.0,297.02,1.0,5.07
498,TRANSFER,166.71,C1697126,1403.08,1236.36,C8609900,28838.37,29005.08,0,0,148.8,223.9,0,1.0,1430.22,1.0,11.70
93,PAYMENT,572.21,C2973947,1758.03,1185.82,M1042763,22074.80,22647.01,0,0,193.1,157.7,1,0.0,0.00,1.0,20.20
190,CASH_OUT,242905.76,C1659195,257288.39,0.00,C6015693,0.00,242905.76,1,1,1.9,1.7,1,3.0,728717.29,2.0,3.69
558,PAYMENT,1130.67,C1462357,3336.01,2205.34,M3750963,31180.67,32311.34,0,0,340.8,209.0,0,0.0,0.00,1.0,17.51
128,PAYMENT,459.91,C1780790,1584.48,1124.57,M6605657,10819.49,11279.40,0,0,264.4,233.8,0,0.0,0.00,1.0,22.90
707,PAYMENT,848.61,C2889102,3889.17,3040.56,M5623039,34425.55,35274.16,0,0,315.7,281.7,0,1.0,875.66,1.0,15.83
369,CASH_IN,324.97,C1105520,1180.51,855.55,C4724912,46642.47,46967.44,0,0,118.8,148.9,0,0.0,0.00,1.0,10.75
644,TRANSFER,1554.94,C7247233,14284.84,12729.90,C6525512,32798.95,34353.89,0,0,336.2,102.3,0,2.0,954.88,1.0,2.50
217,CASH_OUT,337812.24,C6416172,341767.37,0.00,C8539114,0.00,337812.24,1,1,6.1,2.5,1,3.0,1013436.72,1.0,10.29
586,CASH_IN,468.31,C4772264,2135.48,1667.16,C1943252,12891.93,13360.24,0,0,324.5,208.3,0,0.0,0.00,1.0,1.26
259,DEBIT,935.94,C3535052,2532.90,1596.96,C7219963,13045.98,13981.93,0,0,338.5,85.5,0,0.0,0.00,1.0,0.53
638,CASH_IN,255.27,C7098630,731.75,476.48,C5592584,40725.14,40980.42,0,0,270.0,181.3,0,0.0,0.00,1.0,16.02
421,CASH_OUT,31585.27,C4555965,32136.66,0.00,C1385469,0.00,31585.27,1,0,225.2,1.9,1,1.0,31585.27,1.0,93.17
298,CASH_IN,836.32,C7426914,2320.95,1484.63,C1126978,26294.96,27131.27,0,0,53.4,219.5,1,0.0,0.00,1.0,2.76
210,DEBIT,188.37,C5595811,1722.81,1534.44,C9625174,41960.25,42148.62,0,0,222.5,41.6,0,0.0,0.00,1.0,4.20
316,CASH_OUT,134238.59,C7170882,146159.46,0.00,C4585133,0.00,134238.59,1,0,6.2,1.7,1,2.0,268477.18,2.0,12.41
137,DEBIT,357.98,C6426133,3357.49,2999.51,C7914854,48644.51,49002.49,0,0,245.1,318.6,0,1.0,647.33,1.0,11.85
529,TRANSFER,46783.72,C6950191,55625.42,0.00,C9524272,0.00,46783.72,1,0,6.8,6.0,1,11.0,495941.55,9.0,47.60
613,CASH_IN,285.03,C8341536,2504.55,2219.52,C9497141,28102.70,28387.74,0,0,354.8,221.7,1,0.0,0.00,1.0,1.70
195,TRANSFER,75658.52,C5714466,88731.76,0.00,C1499532,0.00,75658.52,1,0,272.1,0.9,1,3.0,226975.56,1.0,81.52
108,TRANSFER,2291.61,C2793770,6073.39,3781.78,C3090215,24008.84,26300.46,0,0,185.4,310.5,0,2.0,434.21,1.0,20.13
491,DEBIT,355.79,C9554692,2225.20,1869.41,C3502525,44896.76,45252.56,0,0,52.2,81.9,0,0.0,0.00,1.0,17.00
307,PAYMENT,902.87,C4706934,7307.00,6404.13,M5909424,35148.65,36051.52,0,0,323.2,81.4,0,0.0,0.00,1.0,12.95
181,CASH_OUT,28836.00,C2334443,33680.94,0.00,C6291129,0.00,28836.00,1,0,121.9,1.9,1,1.0,28836.00,1.0,79.48
233,DEBIT,627.41,C1909702,4779.30,4151.89,C4252795,33876.08,34503.49,0,0,215.8,145.0,0,1.0,1137.84,1.0,0.57
183,PAYMENT,1278.57,C2603420,4536.40,3257.82,M7388840,38219.63,39498.21,0,0,80.1,158.5,0,0.0,0.00,1.0,23.96
228,TRANSFER,566.34,C6216522,3861.00,3294.66,C3372649,9844.85,10411.18,0,0,235.0,225.9,0,0.0,0.00,1.0,21.30
236,DEBIT,1272.19,C8068272,6376.28,5104.09,C5383973,12324.88,13597.07,0,0,226.3,225.9,0,0.0,0.00,1.0,9.69
523,TRANSFER,5282.02,C8785516,40676.80,35394.78,C6325636,48109.59,53391.61,0,0,159.4,40.3,0,0.0,0.00,1.0,1.38
45,CASH_IN,308.60,C8213612,1419.89,1111.29,C3873959,28275.08,28583.68,0,0,141.4,326.0,1,1.0,531.60,1.0,17.89
355,PAYMENT,2649.52,C1405907,23479.55,20830.04,M5428795,21529.26,24178.78,0,0,212.3,129.3,0,1.0,912.85,1.0,1.39
695,PAYMENT,563.24,C1218343,4852.56,4289.32,M4695590,8599.82,9163.06,0,0,67.6,358.1,0,0.0,0.00,1.0,8.13
447,CASH_OUT,58973.32,C4802343,64372.72,0.00,C9380370,0.00,58973.32,1,0,2.5,1.6,1,2.0,117946.64,2.0,5.28
569,PAYMENT,2636.75,C3671592,19985.20,17348.45,M5946522,48902.13,51538.88,0,0,333.5,180.9,0,0.0,0.00,1.0,24.12
374,CASH_IN,406.19,C9570448,1966.94,1560.75,C9179865,37591.73,37997.92,0,0,81.2,363.6,0,1.0,432.49,1.0,9.73
540,CASH_IN,247.30,C1306301,2338.29,2091.00,C6194236,29473.77,29721.06,0,0,255.1,236.8,0,1.0,815.01,1.0,22.04
288,TRANSFER,112480.76,C6106741,128444.65,0.00,C8937571,0.00,112480.76,1,0,363.8,4.0,1,3.0,337442.28,2.0,75.10
92,CASH_IN,661.32,C6661393,2301.93,1640.62,C7803435,27251.04,27912.36,0,0,359.0,256.7,0,1.0,1107.71,1.0,9.61
326,DEBIT,435.51,C5006068,1232.95,797.44,C4716491,6462.10,6897.61,0,0,269.5,32.7,0,1.0,371.52,1.0,11.94
608,PAYMENT,836.70,C2784125,8227.77,7391.07,M5802494,21272.79,22109.48,0,0,359.0,353.1,1,0.0,0.00,1.0,17.27
713,PAYMENT,4071.05,C1868824,21648.12,17577.07,M5398183,49236.23,53307.28,0,0,182.3,111.3,0,1.0,1488.41,1.0,24.11
549,PAYMENT,188.00,C6716240,669.55,481.56,M9901606,48924.90,49112.89,0,0,137.6,183.4,0,0.0,0.00,1.0,1.42
444,PAYMENT,451.15,C6833871,3036.09,2584.95,M6196974,3937.73,4388.87,0,0,141.3,40.5,1,0.0,0.00,1.0,11.80
566,PAYMENT,100.86,C2907619,853.10,752.25,M2556881,46984.79,47085.65,0,0,31.2,138.8,0,0.0,0.00,1.0,24.78
430,TRANSFER,1576.46,C7655405,3732.06,2155.60,C1585879,17023.09,18599.55,0,0,72.6,259.7,0,0.0,0.00,1.0,23.33
104,TRANSFER,793.00,C1107448,7864.06,7071.07,C8730714,2325.70,3118.70,0,0,242.0,273.3,0,0.0,0.00,1.0,14.56
332,PAYMENT,770.32,C3025618,4619.20,3848.88,M9383991,22660.78,23431.10,0,0,337.7,218.4,0,0.0,0.00,1.0,23.84
570,PAYMENT,215.90,C1327349,653.59,437.69,M7531474,37460.83,37676.73,0,0,59.3,316.7,0,0.0,0.00,1.0,21.24
185,CASH_IN,266.35,C9570874,458.68,192.33,C8559055,13071.99,13338.34,0,0,54.8,327.0,1,0.0,0.00,1.0,21.19
163,CASH_IN,381.13,C6862626,2522.58,2141.45,C3341557,14866.24,15247.37,0,0,145.2,126.5,0,0.0,0.00,1.0,9.38
661,DEBIT,201.16,C7656670,1546.13,1344.97,C9439361,6430.62,6631.78,0,0,86.2,164.4,0,0.0,0.00,1.0,18.57
186,CASH_IN,138.64,C4018499,600.81,462.17,C7528639,19917.26,20055.90,0,0,100.1,171.6,0,1.0,1071.94,1.0,10.42
287,TRANSFER,249040.19,C9364246,277866.33,0.00,C7394494,0.00,249040.19,1,1,2.7,2.4,1,1.0,249040.19,1.0,12.49
625,TRANSFER,77122.54,C1366915,91687.00,0.00,C4205554,0.00,77122.54,1,0,2.3,3.8,1,15.0,200167.18,9.0,59.34
307,TRANSFER,882.92,C9771647,6566.57,5683.66,C4961078,30478.38,31361.29,0,0,85.1,167.2,0,0.0,0.00,1.0,24.62
661,CASH_OUT,26111.29,C1150067,30826.10,0.00,C8202551,0.00,26111.29,1,0,122.3,0.9,1,1.0,26111.29,1.0,68.77
155,DEBIT,1324.53,C3726784,4896.08,3571.55,C5984371,21028.23,22352.75,0,0,108.3,361.6,0,0.0,0.00,1.0,22.37
82,PAYMENT,346.13,C2476184,2783.98,2437.86,M3543364,16240.82,16586.95,0,0,163.7,317.0,0,0.0,0.00,1.0,15.00
234,TRANSFER,1473.98,C7792811,5761.38,4287.40,C6443420,16966.94,18440.92,0,0,296.7,77.4,0,0.0,0.00,1.0,1.57
474,CASH_IN,283.48,C2244064,1041.37,757.89,C8437222,10400.57,10684.05,0,0,258.0,37.2,0,1.0,307.04,1.0,22.66
635,PAYMENT,130.37,C7172064,763.85,633.48,M6167230,26075.99,26206.36,0,0,281.5,72.1,0,1.0,229.89,1.0,13.50
386,CASH_OUT,27244.14,C3849123,30643.74,0.00,C9762702,0.00,27244.14,1,0,5.6,2.1,1,8.0,423303.35,7.0,73.00
210,DEBIT,886.79,C3360852,2948.84,2062.05,C4102966,12135.05,13021.84,0,0,132.7,63.4,0,0.0,0.00,1.0,6.71
498,TRANSFER,2385.30,C3761385,14789.97,12404.66,C3001106,11702.38,14087.68,0,0,248.3,125.3,0,1.0,1318.81,1.0,8.99
650,TRANSFER,57929.14,C8092704,65715.08,0.00,C7193129,0.00,57929.14,1,0,2.9,2.2,1,6.0,362451.56,4.0,60.83
402,DEBIT,800.97,C8518349,2579.56,1778.58,C9682096,19703.67,20504.64,0,0,220.5,269.3,0,0.0,0.00,1.0,18.04
519,CASH_IN,994.39,C2743749,6497.72,5503.33,C1679593,27028.34,28022.73,0,0,80.7,216.0,0,1.0,1284.29,1.0,3.22
715,DEBIT,571.87,C7732773,3898.34,3326.47,C5855502,28626.20,29198.08,0,0,356.1,141.2,0,0.0,0.00,1.0,24.78
228,TRANSFER,477.11,C9012140,1748.42,1271.32,C5586107,37790.57,38267.67,0,0,251.0,162.7,0,0.0,0.00,1.0,14.11
182,PAYMENT,2673.16,C9732390,13077.93,10404.76,M4365050,46437.32,49110.48,0,0,294.2,324.2,1,0.0,0.00,1.0,4.45
499,TRANSFER,696.87,C2704112,4741.25,4044.38,C7016149,40103.57,40800.44,0,0,200.0,164.7,0,1.0,596.34,1.0,10.07
712,DEBIT,5310.81,C8596227,13111.06,7800.25,C9135296,46237.17,51547.98,0,0,247.9,162.8,0,0.0,0.00,1.0,5.17
132,CASH_IN,217.67,C5113485,1482.40,1264.73,C5031526,10719.37,10937.04,0,0,357.6,260.3,0,2.0,962.05,1.0,19.07
680,PAYMENT,148.26,C8629129,250.08,101.82,M3332318,49047.06,49195.32,0,0,312.3,58.4,0,0.0,0.00,1.0,21.18
523,CASH_IN,1147.37,C7451725,4649.29,3501.92,C4579853,18594.02,19741.39,0,0,352.3,73.7,0,0.0,0.00,1.0,12.88
494,TRANSFER,35.84,C7382594,247.92,212.08,C4857711,48050.72,48086.56,0,0,352.3,248.6,1,0.0,0.00,1.0,1.63
111,DEBIT,440.06,C3088046,3158.02,2717.96,C3133934,30396.10,30836.16,0,0,199.7,307.5,0,2.0,1948.93,1.0,24.00
86,PAYMENT,373.43,C2115201,3264.33,2890.90,M4729724,28741.66,29115.09,0,0,280.5,314.5,0,2.0,1069.50,1.0,4.02
572,DEBIT,375.36,C4047626,1553.95,1178.60,C3951674,39202.50,39577.86,0,0,114.0,39.5,0,0.0,0.00,1.0,21.30
99,CASH_OUT,71297.95,C4716298,75119.04,0.00,C2237986,0.00,71297.95,1,0,0.1,3.8,1,16.0,313883.03,8.0,70.85
592,CASH_IN,448.05,C4922056,1292.27,844.22,C6899995,47473.22,47921.27,0,0,113.7,55.8,0,0.0,0.00,1.0,2.73
132,PAYMENT,2269.45,C3745895,7432.35,5162.90,M6470720,46201.36,48470.81,0,0,267.9,221.7,0,0.0,0.00,1.0,5.42
660,DEBIT,604.15,C3897191,1472.26,868.11,C5680443,46277.07,46881.22,0,0,198.9,279.9,0,0.0,0.00,1.0,15.21
425,CASH_IN,816.60,C1291911,3813.07,2996.47,C9621751,3051.10,3867.70,0,0,331.1,242.5,0,0.0,0.00,1.0,12.56
155,DEBIT,1038.25,C4233688,4774.53,3736.28,C2509536,47199.01,48237.26,0,0,297.4,39.8,0,0.0,0.00,1.0,8.07
372,PAYMENT,4889.02,C1334610,10371.81,5482.79,M1470720,19624.34,24513.36,0,0,353.0,132.6,1,0.0,0.00,1.0,12.67
395,TRANSFER,913.31,C6470096,2444.30,1530.99,C8500263,36553.34,37466.64,0,0,244.3,261.3,0,0.0,0.00,1.0,2.32
92,CASH_IN,2589.50,C6431251,8297.28,5707.78,C3245501,38365.72,40955.23,0,0,78.1,262.2,0,0.0,0.00,1.0,0.10
495,DEBIT,145.25,C1398136,918.41,773.16,C1751431,18398.95,18544.21,0,0,111.9,344.8,0,0.0,0.00,1.0,20.37
537,DEBIT,347.11,C6228305,3293.03,2945.92,C9680873,33329.30,33676.40,0,0,340.6,81.1,0,0.0,0.00,1.0,13.44
433,CASH_OUT,166543.46,C6946107,173025.61,0.00,C7580910,0.00,166543.46,1,0,0.9,3.4,1,4.0,666173.83,4.0,23.67
593,TRANSFER,1216.83,C3890822,6867.65,5650.82,C9773013,7932.58,9149.40,0,0,73.1,37.4,0,1.0,1258.19,1.0,13.51
522,CASH_IN,752.32,C8631912,2835.28,2082.96,C4802345,18636.44,19388.76,0,0,108.8,327.8,0,0.0,0.00,1.0,13.94
615,CASH_IN,3499.63,C5693637,32786.01,29286.38,C5252500,16139.86,19639.49,0,0,152.7,136.7,0,0.0,0.00,1.0,3.01
66,CASH_IN,508.54,C6211350,2463.09,1954.54,C1951368,25258.65,25767.19,0,0,112.9,265.8,1,0.0,0.00,1.0,1.17
473,PAYMENT,1865.97,C1609059,9160.74,7294.77,M4144222,45755.46,47621.43,0,0,254.4,309.5,0,0.0,0.00,1.0,11.01
529,PAYMENT,342.63,C1982477,2677.42,2334.79,M5132112,47461.60,47804.23,0,0,168.6,292.6,0,1.0,577.61,1.0,10.31
528,TRANSFER,100161.43,C8135976,113946.64,0.00,C4735546,0.00,100161.43,1,0,6.4,5.6,1,1.0,100161.43,1.0,18.78
642,CASH_IN,132.09,C1972275,509.94,377.85,C4100465,220.17,352.25,0,0,250.6,334.5,0,0.0,0.00,1.0,22.17
713,CASH_IN,807.31,C6179335,3908.57,3101.26,C5176061,11036.79,11844.10,0,0,198.7,160.6,0,0.0,0.00,1.0,11.20
555,CASH_OUT,67055.71,C5084598,68657.44,0.00,C7225767,0.00,67055.71,1,0,4.9,3.7,1,14.0,286858.27,6.0,52.76
320,CASH_IN,287.85,C8433959,1338.87,1051.02,C9052346,48519.78,48807.63,0,0,163.9,318.6,0,0.0,0.00,1.0,3.11
220,TRANSFER,218797.46,C2527340,220157.99,0.00,C3774742,0.00,218797.46,1,1,213.8,4.9,1,2.0,437594.93,2.0,87.20
712,PAYMENT,279.08,C1839038,1716.82,1437.74,M8833036,45945.35,46224.43,0,0,81.2,255.2,0,0.0,0.00,1.0,20.76
537,TRANSFER,1419.37,C1267684,7299.93,5880.56,C5897471,1923.46,3342.82,0,0,72.2,63.7,0,0.0,0.00,1.0,8.80
686,PAYMENT,738.49,C7812465,6999.54,6261.05,M2927688,43360.00,44098.49,0,0,192.9,104.5,0,1.0,980.33,1.0,24.01
620,CASH_IN,391.02,C7941512,2474.46,2083.44,C5280868,40087.75,40478.77,0,0,202.4,231.7,0,1.0,609.81,1.0,22.99
217,PAYMENT,224.03,C7324389,1554.49,1330.46,M6261291,4105.99,4330.02,0,0,243.6,44.5,0,0.0,0.00,1.0,5.64
140,PAYMENT,354.88,C4327796,2598.41,2243.53,M1985722,41419.35,41774.23,0,0,170.8,329.3,1,0.0,0.00,1.0,18.82
86,TRANSFER,290.17,C2919549,2244.43,1954.26,C6098712,8268.78,8558.95,0,0,362.5,145.9,0,0.0,0.00,1.0,5.76
254,CASH_IN,147.36,C2893168,665.44,518.08,C5595923,41615.92,41763.28,0,0,134.6,139.1,0,0.0,0.00,1.0,5.03
231,CASH_IN,790.21,C1108505,2131.52,1341.31,C1456737,1255.69,2045.90,0,0,340.6,81.2,0,0.0,0.00,1.0,7.09
514,DEBIT,401.17,C7659057,3611.52,3210.35,C2796508,40398.81,40799.98,0,0,54.7,268.9,1,0.0,0.00,1.0,20.24
394,CASH_IN,520.96,C8497308,4306.75,3785.79,C2039690,33765.99,34286.95,0,0,170.7,73.1,1,0.0,0.00,1.0,17.97
331,DEBIT,718.57,C7317853,2059.28,1340.71,C9109076,8672.61,9391.17,0,0,203.5,189.8,1,0.0,0.00,1.0,6.89
370,TRANSFER,1117.01,C9059911,5215.97,4098.96,C9832575,27727.47,28844.48,0,0,193.7,33.0,0,2.0,2971.58,1.0,5.26
635,PAYMENT,1231.45,C3800711,9770.43,8538.97,M2053443,16782.86,18014.31,0,0,232.1,350.2,0,0.0,0.00,1.0,2.84
248,TRANSFER,867.11,C8987660,5345.20,4478.10,C4647424,10377.49,11244.59,0,0,40.7,269.4,0,0.0,0.00,1.0,13.09
202,CASH_IN,737.22,C2730642,4718.06,3980.84,C8527639,36185.71,36922.93,0,0,191.8,33.6,0,0.0,0.00,1.0,22.23
322,TRANSFER,122.41,C2141307,623.73,501.32,C6097179,24884.94,25007.35,0,0,70.8,107.0,0,2.0,2398.34,1.0,8.43
197,PAYMENT,429.78,C4053751,1786.78,1357.00,M4472674,8677.40,9107.18,0,0,75.8,324.7,0,0.0,0.00,1.0,6.46
109,DEBIT,56.88,C6270472,367.07,310.19,C6093431,21526.14,21583.02,0,0,166.8,230.3,0,2.0,1484.28,1.0,9.18
82,CASH_IN,3651.38,C1647129,18976.62,15325.23,C7312609,22440.72,26092.10,0,0,289.1,195.9,0,2.0,1575.73,1.0,3.25
312,TRANSFER,238017.05,C6996312,263726.73,0.00,C5925949,0.00,238017.05,1,1,252.1,1.2,1,1.0,238017.05,1.0,98.23
523,DEBIT,3956.13,C4878750,38977.66,35021.54,C5534097,39808.16,43764.29,0,0,184.5,287.6,0,2.0,2604.78,1.0,22.18
445,PAYMENT,444.08,C7184492,2886.59,2442.51,M9391725,41731.51,42175.59,0,0,95.3,64.3,0,0.0,0.00,1.0,7.94
712,DEBIT,1033.41,C8778651,3210.02,2176.61,C8921393,35657.54,36690.95,0,0,260.4,224.7,0,0.0,0.00,1.0,22.27
498,CASH_IN,531.04,C4228087,3891.92,3360.88,C6732785,25058.10,25589.14,0,0,299.7,177.1,0,0.0,0.00,1.0,24.56
458,TRANSFER,57557.24,C3639253,58579.57,0.00,C8449433,0.00,57557.24,1,0,0.1,1.9,1,13.0,471669.99,9.0,51.32
471,DEBIT,536.41,C1517354,4711.32,4174.90,C1841771,16762.29,17298.70,0,0,344.9,320.9,1,0.0,0.00,1.0,1.53
177,TRANSFER,509.85,C6882003,4417.43,3907.58,C9700247,32825.14,33335.00,0,0,229.0,128.1,0,0.0,0.00,1.0,0.54
138,TRANSFER,285.44,C6045751,1766.16,1480.72,C3105927,39522.91,39808.35,0,0,301.9,185.1,0,0.0,0.00,1.0,2.85
422,DEBIT,867.45,C2886284,5669.11,4801.66,C1226379,494.09,1361.54,0,0,52.9,260.0,1,0.0,0.00,1.0,5.09
352,DEBIT,418.84,C6855622,2925.52,2506.69,C8056143,38177.32,38596.15,0,0,104.4,68.2,0,1.0,1189.24,1.0,7.91
228,TRANSFER,1847.22,C2679550,15310.10,13462.88,C2549539,46882.87,48730.09,0,0,303.5,159.5,0,0.0,0.00,1.0,15.25
514,DEBIT,3903.32,C5199673,16066.96,12163.64,C4714793,16142.50,20045.82,0,0,345.6,34.2,0,0.0,0.00,1.0,17.31
664,DEBIT,386.80,C6595171,652.71,265.91,C7120428,21752.92,22139.71,0,0,114.7,187.7,0,0.0,0.00,1.0,17.68
218,TRANSFER,91413.43,C9879124,105897.96,0.00,C9477122,0.00,91413.43,1,0,4.3,4.2,1,17.0,462393.91,6.0,51.03
448,PAYMENT,1593.09,C5534954,4460.76,2867.66,M2780700,48707.45,50300.55,0,0,82.5,214.8,0,0.0,0.00,1.0,18.76
369,PAYMENT,1394.04,C5886440,13373.91,11979.87,M6901528,44641.87,46035.91,0,0,144.6,183.8,1,0.0,0.00,1.0,12.97
518,CASH_IN,1036.54,C5984913,9653.80,8617.26,C6925569,32810.45,33846.99,0,0,308.2,121.6,1,0.0,0.00,1.0,13.67
271,DEBIT,261.59,C1197701,1844.88,1583.29,C4507493,25233.48,25495.07,0,0,308.5,154.6,0,0.0,0.00,1.0,5.91
61,CASH_OUT,18384.47,C7813462,20305.56,0.00,C4247486,0.00,18384.47,1,0,209.4,0.6,1,1.0,18384.47,1.0,88.15
237,TRANSFER,164.66,C8133051,1369.32,1204.66,C1230037,20884.02,21048.68,0,0,322.6,331.7,0,1.0,266.24,1.0,23.24
134,TRANSFER,70397.32,C5609705,73660.12,0.00,C8142237,0.00,70397.32,1,0,337.5,4.9,1,1.0,70397.32,4.0,77.31
357,TRANSFER,932.35,C1938455,3619.98,2687.63,C1172951,40554.17,41486.52,0,0,201.6,31.7,0,0.0,0.00,1.0,18.94
620,PAYMENT,667.11,C4389766,5689.86,5022.75,M7962847,27577.52,28244.63,0,0,162.0,62.5,1,1.0,1077.74,1.0,19.49
525,DEBIT,348.99,C3645031,3317.74,2968.75,C8193111,3264.89,3613.88,0,0,326.5,170.7,0,1.0,1019.42,1.0,8.60
114,CASH_IN,133.78,C9078945,436.10,302.31,C4637816,46591.94,46725.73,0,0,171.4,289.8,0,0.0,0.00,1.0,4.69
33,DEBIT,2177.39,C1112477,14465.39,12288.00,C2435715,26384.72,28562.11,0,0,110.6,190.8,1,0.0,0.00,1.0,17.69
136,DEBIT,525.52,C9273117,3274.83,2749.31,C1164560,404.01,929.53,0,0,265.5,255.0,0,1.0,972.08,1.0,23.66
609,DEBIT,115.11,C4617664,331.12,216.01,C7129736,29977.05,30092.16,0,0,113.9,333.8,1,2.0,2566.71,1.0,2.91
248,TRANSFER,590.78,C3210498,3745.02,3154.25,C9516837,12088.91,12679.69,0,0,46.0,230.5,0,0.0,0.00,1.0,17.66
379,DEBIT,418.81,C8011581,1653.61,1234.80,C5505695,26487.84,26906.65,0,0,215.7,114.6,0,0.0,0.00,1.0,18.36
230,DEBIT,848.65,C6589569,4115.34,3266.68,C9358358,28155.15,29003.81,0,0,117.3,107.7,0,0.0,0.00,1.0,9.72
180,PAYMENT,1229.63,C5278545,7598.05,6368.42,M6557489,5373.08,6602.71,0,0,76.1,263.9,0,1.0,1052.22,1.0,5.77
215,TRANSFER,221887.94,C5419543,264829.30,0.00,C4738682,0.00,221887.94,1,1,6.2,3.0,1,1.0,221887.94,4.0,17.13
279,PAYMENT,688.15,C3225354,5910.51,5222.36,M7253735,41061.25,41749.40,0,0,298.2,327.9,0,0.0,0.00,1.0,14.60
687,CASH_IN,1105.01,C4827682,4143.89,3038.87,C1342178,32138.47,33243.48,0,0,248.3,235.7,1,0.0,0.00,1.0,21.07
662,PAYMENT,633.42,C6706737,5969.56,5336.15,M3076052,36987.84,37621.26,0,0,325.7,89.5,1,0.0,0.00,1.0,4.18
585,PAYMENT,337.99,C2296719,3233.13,2895.14,M3313630,5698.16,6036.15,0,0,356.4,178.4,0,1.0,905.74,1.0,6.43
95,TRANSFER,83538.27,C3587023,83662.97,0.00,C3827212,0.00,83538.27,1,0,0.6,1.3,1,3.0,250614.81,2.0,9.08
706,DEBIT,430.21,C8741563,1895.58,1465.37,C7713421,25264.81,25695.02,0,0,346.3,199.2,0,0.0,0.00,1.0,20.39
659,CASH_IN,2539.53,C4020982,19860.48,17320.95,C6477066,33115.63,35655.16,0,0,262.8,356.0,0,0.0,0.00,1.0,6.54
272,CASH_IN,396.60,C2996119,3288.94,2892.34,C8125973,35538.55,35935.15,0,0,298.7,317.5,0,1.0,582.28,1.0,14.11
585,PAYMENT,10295.93,C5245266,74750.80,64454.87,M3699697,36877.39,47173.33,0,0,93.9,233.8,0,1.0,472.69,1.0,2.28
668,DEBIT,127.46,C9590878,521.32,393.86,C8803870,12267.22,12394.68,0,0,110.8,315.8,0,1.0,1331.30,1.0,17.53
153,PAYMENT,1949.65,C7065417,9810.18,7860.53,M9082555,18459.35,20409.00,0,0,155.2,280.5,0,0.0,0.00,1.0,9.72
663,TRANSFER,412.61,C4153754,3053.96,2641.36,C6651131,39722.54,40135.15,0,0,78.7,275.4,0,0.0,0.00,1.0,19.92
524,DEBIT,1045.48,C4971048,8699.76,7654.28,C9557305,20070.31,21115.79,0,0,292.6,170.9,0,1.0,423.82,1.0,19.10
157,CASH_IN,2127.75,C3525809,3599.95,1472.20,C6595565,13074.66,15202.41,0,0,285.4,327.6,0,0.0,0.00,1.0,23.34
37,PAYMENT,396.98,C3767926,2566.34,2169.35,M5809468,18143.74,18540.73,0,0,286.4,296.8,0,0.0,0.00,1.0,19.35
226,PAYMENT,309.06,C5341366,2692.41,2383.35,M2261425,18160.08,18469.14,0,0,35.4,352.9,0,0.0,0.00,1.0,22.67
184,TRANSFER,684.41,C1206930,3854.96,3170.55,C5721061,31906.40,32590.81,0,0,173.5,345.3,0,1.0,244.99,1.0,10.30
417,PAYMENT,939.90,C2990443,8372.47,7432.57,M1692889,22879.80,23819.69,0,0,238.6,166.2,1,0.0,0.00,1.0,3.87
244,CASH_OUT,247648.93,C8477982,280346.24,0.00,C6844939,0.00,247648.93,1,1,3.4,1.5,1,4.0,990595.74,1.0,29.14
497,TRANSFER,563.86,C7857725,2813.21,2249.35,C1455349,26863.30,27427.16,0,0,145.8,264.0,0,0.0,0.00,1.0,10.70
164,TRANSFER,1050.91,C6800074,10400.92,9350.02,C4770407,33143.41,34194.31,0,0,37.9,47.2,1,0.0,0.00,1.0,3.33
714,PAYMENT,3754.47,C8811664,29413.55,25659.08,M2461330,13088.49,16842.95,0,0,226.2,156.3,0,0.0,0.00,1.0,24.01
195,TRANSFER,69737.57,C7331366,79908.98,0.00,C6785291,0.00,69737.57,1,0,262.3,2.8,1,1.0,69737.57,1.0,93.57
614,PAYMENT,211.15,C7839347,523.20,312.05,M6140044,31728.96,31940.11,0,0,51.6,89.4,1,0.0,0.00,1.0,8.14
303,CASH_IN,808.39,C1772595,2435.96,1627.57,C9424867,36356.74,37165.13,0,0,299.1,103.3,0,0.0,0.00,1.0,23.84
167,CASH_OUT,113368.44,C6786949,117815.43,0.00,C7115894,0.00,113368.44,1,0,5.9,1.1,1,2.0,226736.88,2.0,8.01
495,TRANSFER,203.88,C6585787,391.24,187.36,C9150265,15186.70,15390.58,0,0,330.9,363.3,1,0.0,0.00,1.0,8.80
204,TRANSFER,500.99,C3999980,4433.61,3932.61,C5652801,25482.10,25983.09,0,0,358.5,307.5,0,0.0,0.00,1.0,11.05
277,PAYMENT,221.27,C1641425,1530.14,1308.88,M5308735,5479.91,5701.18,0,0,363.0,33.6,0,0.0,0.00,1.0,16.10
460,TRANSFER,79772.33,C1099632,86032.59,0.00,C5833695,0.00,79772.33,1,0,4.3,6.5,1,17.0,495639.87,4.0,61.34
162,PAYMENT,429.88,C2964636,1684.69,1254.81,M1516592,49481.64,49911.52,0,0,250.0,294.2,0,0.0,0.00,1.0,16.11
163,TRANSFER,1129.91,C6712449,4781.86,3651.95,C7163027,19031.36,20161.26,0,0,242.8,73.1,1,2.0,2054.56,1.0,6.33
116,PAYMENT,1470.91,C3706233,7960.98,6490.08,M3900898,32278.69,33749.60,0,0,81.2,77.2,0,0.0,0.00,1.0,20.10
446,DEBIT,666.53,C2943821,6550.13,5883.60,C4094378,6071.71,6738.24,0,0,124.5,229.0,0,0.0,0.00,1.0,13.77
235,PAYMENT,1549.90,C1338048,4785.65,3235.75,M6074443,24599.89,26149.80,0,0,102.6,80.3,0,0.0,0.00,1.0,9.07
613,TRANSFER,2547.86,C9317925,9724.47,7176.61,C9929152,14003.22,16551.08,0,0,320.7,331.9,1,0.0,0.00,1.0,4.17
258,DEBIT,699.21,C4799179,1499.91,800.70,C5111898,32861.88,33561.09,0,0,74.4,347.8,0,0.0,0.00,1.0,8.48
379,CASH_IN,542.91,C1762058,3569.18,3026.27,C1602894,44473.69,45016.60,0,0,124.1,357.2,1,0.0,0.00,1.0,4.51
66,TRANSFER,3010.88,C4314200,29737.52,26726.64,C2146000,9196.04,12206.92,0,0,352.0,339.9,0,0.0,0.00,1.0,5.40
345,CASH_IN,3218.51,C8339458,26096.28,22877.77,C7985761,33646.45,36864.96,0,0,134.5,156.0,1,0.0,0.00,1.0,4.28
499,CASH_IN,1281.56,C6563491,3401.32,2119.76,C7991889,30450.27,31731.83,0,0,82.5,174.9,0,0.0,0.00,1.0,15.32
228,DEBIT,1157.36,C4647813,4158.38,3001.02,C8029813,6458.79,7616.15,0,0,197.0,140.8,0,0.0,0.00,1.0,19.47
567,TRANSFER,816.11,C8052435,1445.66,629.55,C5553919,41278.16,42094.27,0,0,263.7,254.5,0,1.0,507.06,1.0,3.89
417,TRANSFER,297.52,C1945231,475.18,177.66,C8133608,1862.84,2160.36,0,0,61.2,249.8,1,1.0,1238.99,1.0,15.06
416,TRANSFER,851.97,C5807043,2362.22,1510.24,C2487746,17989.43,18841.41,0,0,116.3,333.8,0,1.0,1289.81,1.0,18.37
191,TRANSFER,328021.63,C3011146,346148.62,0.00,C5945576,0.00,328021.63,1,1,1.9,3.9,1,1.0,328021.63,1.0,26.13
381,PAYMENT,1230.60,C2251424,5440.73,4210.13,M4780267,23948.75,25179.35,0,0,161.4,336.6,0,0.0,0.00,1.0,1.68
421,PAYMENT,219.55,C2575763,401.85,182.30,M4151610,1869.39,2088.94,0,0,331.9,35.8,0,1.0,1440.60,1.0,6.70
444,CASH_IN,225.92,C1812856,590.92,365.01,C7441068,39370.31,39596.22,0,0,63.5,355.3,0,0.0,0.00,1.0,0.22
302,PAYMENT,308.72,C6255892,533.28,224.55,M1505088,9832.16,10140.88,0,0,268.3,284.6,0,0.0,0.00,1.0,9.61
89,CASH_IN,212.68,C3616784,390.66,177.98,C5436658,40152.03,40364.71,0,0,75.3,69.2,1,0.0,0.00,1.0,5.42
615,CASH_OUT,30099.58,C7081897,34618.74,0.00,C5560874,0.00,30099.58,1,0,196.9,1.3,1,1.0,30099.58,1.0,91.96
331,DEBIT,2206.18,C1986541,21878.79,19672.61,C2132777,18024.81,20230.99,0,0,333.3,198.6,0,1.0,325.62,1.0,21.78
683,TRANSFER,270.96,C6318577,920.87,649.91,C4405488,26597.18,26868.15,0,0,164.0,254.0,0,0.0,0.00,1.0,19.39
539,TRANSFER,2249.18,C7788038,17964.41,15715.23,C5837271,13773.65,16022.83,0,0,75.8,153.7,0,0.0,0.00,1.0,12.71
530,TRANSFER,233521.55,C8065264,270182.61,0.00,C6755829,0.00,233521.55,1,1,263.5,1.3,1,2.0,467043.11,2.0,84.71
309,PAYMENT,700.66,C7580970,4981.97,4281.31,M7520263,8591.08,9291.74,0,0,257.9,189.7,0,0.0,0.00,1.0,8.39
619,CASH_IN,798.39,C8016309,3922.18,3123.79,C8709338,34733.91,35532.31,0,0,52.7,296.1,1,0.0,0.00,1.0,19.10
40,DEBIT,186.05,C5097611,1141.58,955.53,C4725230,36162.45,36348.50,0,0,274.5,280.6,1,0.0,0.00,1.0,12.40
596,DEBIT,234.17,C8905736,2001.45,1767.28,C3142281,6950.96,7185.13,0,0,127.9,355.6,0,0.0,0.00,1.0,7.48
156,TRANSFER,901.04,C2961437,2623.57,1722.52,C2737298,19687.50,20588.54,0,0,308.0,352.2,0,2.0,1473.96,1.0,10.38
669,CASH_IN,175.70,C2371575,415.31,239.61,C6989685,13568.97,13744.67,0,0,184.3,75.1,0,1.0,1274.62,1.0,0.99
608,TRANSFER,333.71,C9270536,1696.08,1362.37,C9860602,39916.47,40250.19,0,0,195.6,108.2,1,0.0,0.00,1.0,20.20
87,CASH_IN,187.23,C3418560,406.68,219.45,C9716505,5234.86,5422.09,0,0,130.3,318.9,0,0.0,0.00,1.0,10.28
427,CASH_IN,422.61,C1599741,3336.92,2914.31,C2616558,33820.61,34243.22,0,0,300.8,121.6,1,0.0,0.00,1.0,22.74
383,TRANSFER,168059.86,C3716784,194884.92,0.00,C8797265,0.00,168059.86,1,0,4.1,3.8,1,2.0,336119.72,2.0,24.80
38,TRANSFER,14166.95,C4609270,15855.55,0.00,C2413916,0.00,14166.95,1,0,268.2,0.2,1,1.0,14166.95,1.0,94.66
412,CASH_OUT,25329.07,C5306416,26606.69,0.00,C7539715,0.00,25329.07,1,0,3.2,5.3,1,12.0,544561.89,9.0,53.82
107,PAYMENT,1614.63,C4829207,10876.87,9262.24,M3955852,32997.29,34611.92,0,0,238.4,242.4,0,2.0,2857.11,1.0,13.53
634,DEBIT,425.36,C2583924,3839.12,3413.76,C3977183,42767.99,43193.35,0,0,230.3,178.0,0,1.0,686.10,1.0,11.15
418,CASH_IN,151.10,C5275949,945.25,794.15,C5296825,29672.15,29823.26,0,0,173.6,151.2,0,0.0,0.00,1.0,10.63
416,CASH_IN,428.82,C2448317,1137.70,708.87,C2599045,20501.48,20930.30,0,0,140.8,334.1,0,0.0,0.00,1.0,6.63
689,TRANSFER,151.08,C4544726,390.76,239.68,C8037362,10703.53,10854.61,0,0,168.2,242.7,0,0.0,0.00,1.0,9.49
158,CASH_IN,600.25,C3364677,1021.00,420.75,C9185214,39447.37,40047.62,0,0,168.1,323.3,0,1.0,697.62,1.0,24.50
666,DEBIT,989.23,C4112816,8404.17,7414.94,C6277617,49611.60,50600.83,0,0,303.2,345.6,0,0.0,0.00,1.0,3.01
39,DEBIT,1680.52,C5701663,16074.43,14393.91,C8770902,15730.61,17411.13,0,0,303.3,89.1,1,1.0,655.06,1.0,9.73
392,DEBIT,1426.42,C1518735,11545.90,10119.47,C4457709,44824.41,46250.84,0,0,66.6,256.2,0,1.0,1325.09,1.0,18.49
73,TRANSFER,740.70,C9930240,5140.80,4400.10,C8917633,36916.45,37657.15,0,0,341.3,280.4,0,2.0,2040.06,1.0,24.15
433,CASH_OUT,92392.23,C5698309,105721.46,0.00,C9612034,0.00,92392.23,1,0,0.9,1.8,1,14.0,470654.21,4.0,64.56
373,PAYMENT,717.60,C6951580,6873.06,6155.47,M6000596,3303.15,4020.75,0,0,78.1,290.7,0,1.0,1487.32,1.0,11.91
395,TRANSFER,127058.71,C8643513,141492.60,0.00,C4510987,0.00,127058.71,1,0,325.1,3.3,1,1.0,127058.71,2.0,75.85
282,PAYMENT,151.83,C9442476,1064.17,912.34,M2567668,36586.78,36738.61,0,0,152.6,62.8,0,0.0,0.00,1.0,18.51
430,CASH_OUT,241607.67,C4560710,250259.52,0.00,C2236567,0.00,241607.67,1,1,4.7,3.9,1,1.0,241607.67,2.0,6.47
276,PAYMENT,5006.10,C1165749,33001.05,27994.95,M6372042,38961.66,43967.76,0,0,62.5,235.8,1,0.0,0.00,1.0,21.76
495,CASH_OUT,25387.23,C7909099,28390.43,0.00,C8175890,0.00,25387.23,1,0,232.7,1.4,1,1.0,25387.23,1.0,70.25
159,CASH_OUT,29289.65,C2728528,31579.86,0.00,C2349479,0.00,29289.65,1,0,192.2,2.0,1,1.0,29289.65,1.0,71.78
201,PAYMENT,170.30,C6437823,1120.35,950.04,M2658118,27400.44,27570.75,0,0,37.8,351.3,0,1.0,975.79,1.0,6.73
227,CASH_OUT,123312.41,C9678599,146908.20,0.00,C3278940,0.00,123312.41,1,0,364.9,2.7,1,3.0,369937.23,4.0,73.71
254,TRANSFER,19723.55,C8116138,20567.41,0.00,C4486793,0.00,19723.55,1,0,141.5,1.1,1,1.0,19723.55,1.0,94.40
711,CASH_OUT,29022.01,C1219473,32481.21,0.00,C1607980,0.00,29022.01,1,0,262.4,0.0,1,1.0,29022.01,1.0,87.47
377,TRANSFER,191.22,C5230113,433.66,242.44,C4631680,20370.08,20561.31,0,0,295.8,134.4,0,0.0,0.00,1.0,0.29
364,CASH_IN,1666.15,C3561671,10280.76,8614.61,C1146476,43750.26,45416.42,0,0,319.9,360.3,0,1.0,972.98,1.0,21.68
69,DEBIT,1752.85,C9801587,2966.87,1214.02,C8916967,15284.06,17036.91,0,0,156.4,162.0,1,0.0,0.00,1.0,8.49
63,CASH_IN,1638.35,C2315032,4852.76,3214.40,C7497136,24590.15,26228.50,0,0,192.0,117.5,0,0.0,0.00,1.0,21.04
238,CASH_OUT,141818.81,C2077907,159810.55,0.00,C1222078,0.00,141818.81,1,0,5.5,6.2,1,5.0,709094.05,2.0,19.74
139,TRANSFER,1398.64,C3390473,3916.43,2517.79,C6386595,2484.20,3882.84,0,0,308.8,299.6,0,0.0,0.00,1.0,3.49
621,DEBIT,254.93,C1730878,460.53,205.60,C7357490,39201.10,39456.03,0,0,130.1,136.9,0,0.0,0.00,1.0,11.76
521,DEBIT,914.42,C5715572,3273.80,2359.38,C2077757,19740.41,20654.83,0,0,364.1,147.3,1,0.0,0.00,1.0,8.61
417,PAYMENT,29.65,C8841757,120.79,91.14,M2575358,16039.89,16069.54,0,0,138.5,303.0,0,0.0,0.00,1.0,10.20
91,PAYMENT,2068.10,C7272176,18949.00,16880.89,M4100298,39216.29,41284.39,0,0,221.2,268.6,0,0.0,0.00,1.0,7.71
259,DEBIT,1899.00,C1717262,6705.07,4806.07,C8321726,20400.34,22299.34,0,0,314.0,314.5,0,0.0,0.00,1.0,1.30
637,TRANSFER,699.15,C3405756,2443.06,1743.91,C5506489,18489.92,19189.07,0,0,152.1,239.1,0,0.0,0.00,1.0,17.62
209,CASH_IN,2110.61,C9731873,10442.57,8331.96,C3375492,21622.09,23732.70,0,0,51.1,315.4,0,0.0,0.00,1.0,7.76
516,CASH_IN,143.99,C9109888,484.58,340.59,C7726302,43389.56,43533.55,0,0,90.7,155.1,0,0.0,0.00,1.0,5.68
345,TRANSFER,132868.48,C3483785,152725.08,0.00,C1062963,0.00,132868.48,1,0,0.0,1.6,1,3.0,398605.43,1.0,22.80
88,TRANSFER,503.16,C3264925,2637.86,2134.70,C7738582,23542.95,24046.11,0,0,112.1,298.5,0,0.0,0.00,1.0,24.46
519,CASH_OUT,25251.67,C7342688,27170.78,0.00,C4155398,0.00,25251.67,1,0,160.1,1.1,1,1.0,25251.67,1.0,65.55
634,CASH_IN,46.75,C5782286,181.89,135.14,C9653866,7153.38,7200.13,0,0,182.2,324.3,0,0.0,0.00,1.0,7.99
468,DEBIT,165.11,C8759519,1592.86,1427.75,C1160282,10969.86,11134.97,0,0,339.5,69.8,0,1.0,1125.05,1.0,19.35
442,TRANSFER,1145.60,C2253353,10809.55,9663.95,C2054669,7002.43,8148.04,0,0,228.7,314.4,0,0.0,0.00,1.0,3.83
235,PAYMENT,4190.25,C5464483,33533.12,29342.87,M7258383,39317.73,43507.99,0,0,153.9,114.9,1,0.0,0.00,1.0,10.47
687,PAYMENT,2446.13,C4946889,18707.86,16261.73,M2421049,22486.58,24932.70,0,0,138.2,230.2,0,0.0,0.00,1.0,1.79
181,TRANSFER,763.88,C2587854,4399.75,3635.87,C9727742,16549.61,17313.49,0,0,221.0,134.9,0,0.0,0.00,1.0,2.90
491,TRANSFER,272.89,C7935531,1272.56,999.67,C6854904,33690.95,33963.84,0,0,216.1,264.8,0,0.0,0.00,1.0,7.82
428,PAYMENT,326.32,C9811980,2204.95,1878.63,M4377102,12264.07,12590.39,0,0,324.1,230.8,0,0.0,0.00,1.0,6.92
208,CASH_IN,1295.36,C2370715,8080.18,6784.82,C2506692,18495.89,19791.25,0,0,90.3,279.5,0,0.0,0.00,1.0,13.92
686,CASH_IN,279.83,C7920537,1179.36,899.53,C5809119,45655.10,45934.92,0,0,242.6,215.4,0,0.0,0.00,1.0,10.92
344,DEBIT,566.10,C8616061,2726.66,2160.55,C1508832,41389.11,41955.22,0,0,65.7,291.9,0,0.0,0.00,1.0,21.28
108,TRANSFER,1260.33,C2727320,2727.98,1467.65,C9269759,1679.34,2939.67,0,0,204.4,218.3,0,0.0,0.00,1.0,17.44
513,CASH_IN,479.41,C8705225,3266.44,2787.03,C6125985,26671.39,27150.80,0,0,268.2,30.7,0,1.0,363.99,1.0,8.16
250,CASH_IN,633.96,C9783667,5405.11,4771.15,C7737226,29884.74,30518.70,0,0,64.4,169.4,0,0.0,0.00,1.0,13.54
376,TRANSFER,731.36,C2035884,7169.13,6437.77,C4479188,1691.67,2423.03,0,0,206.8,238.6,0,1.0,253.34,1.0,5.12
141,DEBIT,177.16,C8085952,537.59,360.43,C4288876,7152.77,7329.93,0,0,290.3,330.3,0,0.0,0.00,1.0,24.62
68,TRANSFER,5675.66,C3639228,53543.31,47867.65,C5176806,41822.36,47498.02,0,0,208.0,87.6,0,2.0,2731.89,1.0,23.12
107,DEBIT,534.05,C2290829,3716.64,3182.59,C3214512,43695.57,44229.62,0,0,112.1,233.8,0,0.0,0.00,1.0,13.81
63,TRANSFER,4771.85,C8135763,8363.13,3591.28,C7349078,543.12,5314.97,0,0,199.3,137.0,0,0.0,0.00,1.0,9.75
592,PAYMENT,1916.99,C6907534,11801.69,9884.70,M1290111,34830.77,36747.76,0,0,233.2,168.0,0,0.0,0.00,1.0,10.27
515,TRANSFER,61.22,C1566142,447.87,386.65,C3693070,44497.58,44558.80,0,0,84.3,200.6,1,0.0,0.00,1.0,18.47
184,DEBIT,772.66,C1813103,6705.63,5932.96,C4527329,32566.69,33339.35,0,0,361.1,183.1,1,1.0,1392.55,1.0,13.71
457,CASH_OUT,60231.73,C5667901,70063.88,0.00,C3729698,0.00,60231.73,1,0,305.5,1.4,1,3.0,180695.19,2.0,88.23
206,DEBIT,1968.42,C8431813,18155.22,16186.81,C7505468,24326.52,26294.94,0,0,127.1,285.9,0,0.0,0.00,1.0,16.85
160,CASH_IN,625.36,C9361483,4982.85,4357.48,C1209002,41366.41,41991.78,0,0,129.2,145.9,0,1.0,618.64,1.0,14.29
458,TRANSFER,40203.41,C5677297,42908.84,0.00,C9258521,0.00,40203.41,1,0,4.7,3.0,1,17.0,467497.47,9.0,51.29
350,TRANSFER,5757.51,C1830717,52070.12,46312.61,C3599675,23175.45,28932.97,0,0,90.6,350.7,0,0.0,0.00,1.0,14.39
424,DEBIT,932.15,C3653441,5840.57,4908.42,C1399662,18088.17,19020.32,0,0,53.4,95.4,0,1.0,909.33,1.0,2.64
661,PAYMENT,573.63,C7344756,1539.69,966.07,M6465995,18305.33,18878.96,0,0,183.7,295.2,0,0.0,0.00,1.0,9.39
40,TRANSFER,748.71,C1802032,1540.08,791.37,C4678134,13313.96,14062.66,0,0,303.4,318.3,0,0.0,0.00,1.0,19.94
354,DEBIT,538.42,C4479866,2606.18,2067.76,C6230032,4550.85,5089.28,0,0,226.3,36.3,0,0.0,0.00,1.0,14.69
42,DEBIT,624.42,C4301644,5112.06,4487.64,C9354085,41827.29,42451.71,0,0,291.8,113.5,0,0.0,0.00,1.0,10.03
396,CASH_IN,192.99,C4958481,1921.59,1728.60,C8513556,1760.75,1953.74,0,0,37.7,75.0,0,1.0,1171.21,1.0,15.44
659,DEBIT,157.98,C2626758,1467.93,1309.95,C8089802,23960.66,24118.63,0,0,208.5,236.3,1,0.0,0.00,1.0,19.02
248,PAYMENT,1831.44,C3971021,12136.21,10304.78,M6365562,17996.39,19827.83,0,0,69.6,213.5,0,0.0,0.00,1.0,17.10
524,CASH_IN,598.97,C1625243,2665.47,2066.50,C3895190,10890.29,11489.26,0,0,251.8,68.6,0,0.0,0.00,1.0,15.88
502,CASH_IN,3216.26,C6098729,23328.89,20112.63,C2138829,37091.72,40307.97,0,0,186.6,273.1,0,0.0,0.00,1.0,17.23
275,DEBIT,776.97,C9383277,5710.14,4933.17,C4020380,1622.20,2399.17,0,0,172.6,83.3,0,0.0,0.00,1.0,4.76
595,TRANSFER,635.93,C9065049,2903.16,2267.24,C2866116,5959.10,6595.03,0,0,138.1,263.1,0,0.0,0.00,1.0,1.12
637,PAYMENT,2169.47,C6381062,4970.60,2801.13,M8379731,13388.38,15557.85,0,0,250.1,239.7,0,1.0,813.00,1.0,6.68
45,CASH_IN,1691.58,C1310794,8640.99,6949.41,C5873594,33141.93,34833.51,0,0,362.8,89.0,1,0.0,0.00,1.0,4.51
291,TRANSFER,83048.63,C1750296,86746.34,0.00,C3002701,0.00,83048.63,1,0,0.0,6.2,1,7.0,477154.00,8.0,80.13
584,CASH_IN,1582.52,C2797928,8583.28,7000.76,C6009751,19440.49,21023.01,0,0,103.4,135.4,0,0.0,0.00,1.0,15.99
203,DEBIT,353.61,C2534366,1474.77,1121.16,C5323329,26057.75,26411.36,0,0,248.6,233.7,0,0.0,0.00,1.0,17.64
204,CASH_IN,372.05,C4065100,2867.60,2495.54,C2813676,36480.63,36852.68,0,0,355.7,332.5,0,0.0,0.00,1.0,5.29
400,TRANSFER,1499.67,C7127998,12589.73,11090.05,C9858295,19138.36,20638.03,0,0,104.6,156.3,0,0.0,0.00,1.0,5.66
41,TRANSFER,1032.74,C1579607,5917.78,4885.04,C4902973,23778.83,24811.57,0,0,215.4,225.1,0,1.0,739.49,1.0,21.30
305,DEBIT,342.83,C9960031,966.73,623.90,C6567413,28426.47,28769.30,0,0,133.1,91.1,0,0.0,0.00,1.0,12.42
589,DEBIT,802.90,C8090452,5361.92,4559.02,C8849508,48005.02,48807.91,0,0,169.8,193.8,0,1.0,795.08,1.0,23.25
713,TRANSFER,2709.58,C7250439,23869.21,21159.63,C3314774,47928.04,50637.62,0,0,115.4,229.7,0,0.0,0.00,1.0,4.36
282,CASH_IN,736.91,C1316615,2870.53,2133.61,C1842785,32513.41,33250.32,0,0,233.9,351.3,0,0.0,0.00,1.0,22.09
64,CASH_IN,898.86,C1309714,4555.83,3656.97,C1232761,29406.63,30305.49,0,0,318.0,313.2,1,0.0,0.00,1.0,24.99
303,CASH_IN,588.75,C7752693,3365.28,2776.52,C3841011,31300.03,31888.78,0,0,138.8,277.8,0,0.0,0.00,1.0,6.39
693,PAYMENT,852.51,C7320216,4434.03,3581.52,M3050146,47204.56,48057.07,0,0,37.6,64.9,0,0.0,0.00,1.0,11.93
60,CASH_IN,1980.80,C5163900,3810.40,1829.60,C3145934,35933.18,37913.98,0,0,43.4,175.0,0,2.0,1362.79,1.0,0.50
201,TRANSFER,1034.39,C2133115,4784.96,3750.58,C4110237,5730.73,6765.12,0,0,64.4,73.1,0,0.0,0.00,1.0,6.90
291,TRANSFER,186119.83,C2734412,205554.67,0.00,C9751162,0.00,186119.83,1,0,6.5,1.0,1,3.0,558359.48,4.0,6.40
540,TRANSFER,351.14,C2455782,3255.97,2904.84,C1967889,23131.73,23482.87,0,0,281.2,325.3,0,0.0,0.00,1.0,2.75
237,PAYMENT,337.39,C8839292,1674.77,1337.38,M8792462,16335.90,16673.29,0,0,39.7,45.8,1,0.0,0.00,1.0,4.61
38,CASH_IN,724.42,C2919174,4647.60,3923.18,C4575435,24612.35,25336.77,0,0,345.7,136.9,0,2.0,2268.59,1.0,1.18
680,CASH_IN,1037.32,C7494445,2654.67,1617.35,C3728046,8210.41,9247.73,0,0,130.1,338.2,0,0.0,0.00,1.0,21.79
238,TRANSFER,229993.27,C4749764,261138.90,0.00,C1222914,0.00,229993.27,1,1,1.0,6.8,1,4.0,919973.08,4.0,17.89
212,PAYMENT,1648.84,C2014055,15123.48,13474.64,M5388313,49877.40,51526.25,0,0,192.3,133.2,0,0.0,0.00,1.0,22.80
56,TRANSFER,502.39,C5087414,4056.27,3553.88,C4843192,1905.86,2408.25,0,0,256.1,35.8,0,0.0,0.00,1.0,2.87
465,PAYMENT,380.66,C3048589,1868.24,1487.58,M7782698,49192.71,49573.37,0,0,271.7,212.4,0,0.0,0.00,1.0,16.44
117,DEBIT,613.61,C4459516,4811.60,4197.99,C7787986,30444.69,31058.31,0,0,224.1,316.7,0,1.0,344.90,1.0,11.97
352,CASH_IN,1068.81,C9440216,5819.20,4750.39,C5681602,14698.06,15766.87,0,0,117.2,343.2,0,0.0,0.00,1.0,13.33
473,TRANSFER,1839.94,C4555078,10371.27,8531.33,C6088555,7392.16,9232.09,0,0,69.1,196.1,0,0.0,0.00,1.0,16.59
229,PAYMENT,853.16,C5221996,3408.93,2555.77,M2462736,25001.50,25854.66,0,0,113.7,268.4,0,0.0,0.00,1.0,13.04
395,DEBIT,741.42,C1241760,3928.78,3187.37,C1262769,17678.73,18420.15,0,0,40.7,204.7,1,1.0,871.04,1.0,6.13
564,DEBIT,767.99,C3286754,5237.37,4469.38,C3209794,20878.62,21646.61,0,0,68.5,100.3,0,1.0,649.89,1.0,8.94
172,CASH_OUT,72331.01,C7973320,86008.44,0.00,C4427286,0.00,72331.01,1,0,2.5,2.0,1,16.0,246171.22,7.0,62.19
506,TRANSFER,184866.61,C2008872,188903.90,0.00,C1057257,0.00,184866.61,1,0,1.7,0.7,1,2.0,369733.21,4.0,0.01
597,CASH_IN,169.33,C1142733,1666.57,1497.23,C8057774,49641.61,49810.94,0,0,57.0,138.4,0,0.0,0.00,1.0,11.33
517,PAYMENT,130.24,C1672897,1277.68,1147.44,M4002576,16457.89,16588.13,0,0,215.4,265.2,0,0.0,0.00,1.0,17.60
39,CASH_IN,813.50,C9142574,1559.41,745.91,C9975674,41305.91,42119.41,0,0,110.8,57.6,0,1.0,1019.20,1.0,13.02
44,DEBIT,341.72,C9362261,2783.03,2441.31,C1593292,19576.65,19918.37,0,0,334.6,279.9,0,0.0,0.00,1.0,15.96
476,DEBIT,2179.59,C7892729,14332.63,12153.04,C2043665,45476.00,47655.59,0,0,103.7,172.7,0,0.0,0.00,1.0,24.92
204,TRANSFER,315.90,C1992132,1442.24,1126.35,C8089705,34195.66,34511.55,0,0,148.1,195.1,0,0.0,0.00,1.0,5.43
492,DEBIT,1315.18,C6048275,5275.12,3959.95,C1260648,24732.46,26047.63,0,0,307.4,340.0,0,0.0,0.00,1.0,3.55
574,TRANSFER,292.22,C5296869,1367.32,1075.10,C5237608,29730.93,30023.15,0,0,342.0,177.4,0,0.0,0.00,1.0,17.61
690,TRANSFER,831.52,C3069068,5658.22,4826.70,C3175129,41447.92,42279.44,0,0,135.0,140.1,0,0.0,0.00,1.0,13.42
36,TRANSFER,1890.16,C3889154,14160.80,12270.64,C8428571,38919.24,40809.40,0,0,89.1,198.5,0,1.0,1255.83,1.0,1.23
160,PAYMENT,1844.70,C3432465,11222.75,9378.04,M4527553,45010.55,46855.26,0,0,177.6,48.1,0,1.0,1246.43,1.0,23.19
440,TRANSFER,1043.21,C7572369,10297.55,9254.34,C7350417,5741.33,6784.54,0,0,331.2,98.5,0,0.0,0.00,1.0,5.68
188,DEBIT,2449.35,C2944332,6813.47,4364.12,C5227643,35751.22,38200.57,0,0,186.0,93.9,1,0.0,0.00,1.0,19.86
548,DEBIT,461.41,C3252885,4251.11,3789.70,C1579466,43637.00,44098.40,0,0,205.9,248.7,0,0.0,0.00,1.0,1.81
549,DEBIT,257.71,C7339901,2405.17,2147.46,C6407883,31105.29,31362.99,0,0,352.8,175.4,0,1.0,604.11,1.0,4.47
27,PAYMENT,433.93,C4636067,3808.28,3374.35,M3821586,2415.54,2849.47,0,0,230.4,299.4,0,0.0,0.00,1.0,13.47
714,DEBIT,1044.28,C5022982,9996.76,8952.48,C5287620,49595.84,50640.12,0,0,36.5,121.5,0,0.0,0.00,1.0,9.39
61,PAYMENT,233.65,C6446015,1319.57,1085.92,M8852824,5205.41,5439.07,0,0,211.2,298.9,0,0.0,0.00,1.0,18.70
82,CASH_IN,90.25,C9427001,445.68,355.43,C4647165,4068.58,4158.83,0,0,329.7,327.2,0,1.0,1310.71,1.0,23.71
109,DEBIT,114.81,C2969790,858.66,743.85,C2439164,4214.53,4329.34,0,0,152.7,139.7,0,0.0,0.00,1.0,23.72
395,TRANSFER,541.71,C2175260,1279.35,737.64,C6870627,46708.66,47250.36,0,0,311.8,60.4,0,0.0,0.00,1.0,8.56
369,PAYMENT,419.53,C1958717,3439.52,3019.99,M3203835,18483.46,18902.99,0,0,199.3,225.2,0,1.0,1387.10,1.0,6.17
609,CASH_IN,380.30,C5907331,613.68,233.38,C8594244,23323.34,23703.65,0,0,171.3,238.9,0,0.0,0.00,1.0,1.15
424,DEBIT,158.04,C7843707,697.22,539.18,C3041410,32157.59,32315.62,0,0,194.1,153.3,0,0.0,0.00,1.0,24.96
496,CASH_IN,350.07,C7968726,1280.99,930.92,C2545498,28610.69,28960.76,0,0,32.7,155.4,0,0.0,0.00,1.0,15.54
187,DEBIT,3085.70,C9545582,27891.03,24805.33,C7989965,16912.22,19997.92,0,0,58.8,152.7,0,0.0,0.00,1.0,13.47
112,PAYMENT,336.43,C4909833,2621.81,2285.38,M2220775,14194.71,14531.14,0,0,242.9,157.2,0,1.0,781.60,1.0,18.74
250,CASH_IN,1055.97,C5196786,5800.81,4744.84,C5684767,26553.97,27609.93,0,0,202.8,343.6,0,0.0,0.00,1.0,3.84
683,PAYMENT,1106.87,C1425259,2143.72,1036.84,M6614781,30098.26,31205.13,0,0,175.0,312.4,0,0.0,0.00,1.0,17.40
326,TRANSFER,17346.14,C1214103,18659.03,0.00,C6515660,0.00,17346.14,1,0,153.9,1.8,1,1.0,17346.14,1.0,73.74
278,CASH_OUT,22304.84,C4780006,25999.75,0.00,C4786590,0.00,22304.84,1,0,128.4,0.1,1,1.0,22304.84,1.0,65.64
587,CASH_IN,257.26,C2626847,1651.03,1393.77,C1484428,15671.06,15928.32,0,0,364.3,201.3,0,0.0,0.00,1.0,0.74
619,PAYMENT,614.78,C7434554,5291.45,4676.67,M6672291,10091.57,10706.35,0,0,220.5,108.5,0,1.0,1195.84,1.0,21.93
41,CASH_IN,235.98,C9795497,1155.56,919.58,C7285613,41691.32,41927.29,0,0,110.7,285.9,0,0.0,0.00,1.0,4.88
531,TRANSFER,86370.96,C4854026,99787.73,0.00,C5562988,0.00,86370.96,1,0,1.8,2.8,1,11.0,259010.81,8.0,48.67
517,TRANSFER,2650.09,C2524647,20348.79,17698.70,C3795293,34334.67,36984.77,0,0,225.8,76.1,0,0.0,0.00,1.0,18.09
556,CASH_OUT,227184.09,C6127814,256659.34,0.00,C6452016,0.00,227184.09,1,1,6.0,6.0,1,2.0,454368.18,2.0,3.26
564,PAYMENT,155.49,C1243239,602.41,446.92,M6675630,22404.00,22559.50,0,0,230.1,64.4,0,0.0,0.00,1.0,19.62
418,CASH_IN,570.89,C4563071,4559.01,3988.12,C7319412,13202.13,13773.02,0,0,228.3,340.9,0,0.0,0.00,1.0,15.98
308,DEBIT,246.45,C2855799,1972.31,1725.86,C8996562,38565.24,38811.69,0,0,186.5,235.8,0,0.0,0.00,1.0,14.55
716,PAYMENT,6935.82,C5862591,51506.25,44570.44,M6162855,48437.04,55372.86,0,0,297.3,167.4,0,0.0,0.00,1.0,3.54
620,PAYMENT,108.54,C2314773,1084.26,975.72,M4020018,8816.40,8924.94,0,0,146.0,99.4,0,0.0,0.00,1.0,15.15
117,PAYMENT,254.04,C9735677,1384.10,1130.06,M5421167,21001.91,21255.95,0,0,174.0,56.9,0,1.0,296.76,1.0,6.01
354,DEBIT,380.24,C8814057,2116.31,1736.07,C8980138,25779.85,26160.09,0,0,201.0,268.8,0,0.0,0.00,1.0,6.67
254,DEBIT,300.65,C4178316,1063.57,762.93,C6665495,745.01,1045.65,0,0,146.1,66.0,0,0.0,0.00,1.0,23.00
306,DEBIT,262.86,C2562018,1629.52,1366.66,C7672195,10637.73,10900.59,0,0,248.6,282.5,0,1.0,1151.79,1.0,6.34
159,CASH_IN,1058.03,C1101118,6668.54,5610.51,C8058180,43180.48,44238.51,0,0,175.2,176.1,0,1.0,514.97,1.0,22.76
681,CASH_IN,388.79,C4859420,2780.04,2391.25,C5726482,33143.91,33532.70,0,0,47.1,204.0,0,0.0,0.00,1.0,2.06
467,TRANSFER,514.99,C7808711,3878.68,3363.70,C5409824,30563.67,31078.66,0,0,104.8,100.2,0,0.0,0.00,1.0,21.57
523,PAYMENT,264.93,C6973076,1978.05,1713.12,M4080235,32335.33,32600.26,0,0,197.7,298.7,0,0.0,0.00,1.0,18.02
519,TRANSFER,29825.96,C6500906,31297.71,0.00,C9657236,0.00,29825.96,1,0,143.8,1.4,1,1.0,29825.96,1.0,87.48
382,CASH_OUT,347198.64,C8238823,386157.73,0.00,C4614877,0.00,347198.64,1,1,0.5,6.2,1,4.0,1388794.55,1.0,7.85
334,CASH_OUT,93612.27,C4898812,103492.63,0.00,C9782658,0.00,93612.27,1,0,6.2,1.8,1,5.0,468061.34,4.0,9.89
65,PAYMENT,7288.50,C4646404,13056.83,5768.33,M2829512,28473.69,35762.19,0,0,228.8,62.1,0,0.0,0.00,1.0,14.92
229,CASH_IN,1178.62,C3183929,9596.40,8417.78,C4965473,6991.68,8170.29,0,0,176.7,188.8,0,0.0,0.00,1.0,1.78
205,CASH_IN,2518.36,C7430110,21627.23,19108.88,C2855382,24867.57,27385.93,0,0,177.2,298.3,0,1.0,811.86,1.0,11.98
564,CASH_IN,717.57,C2728524,3848.59,3131.02,C6000184,38619.08,39336.64,0,0,294.2,114.2,0,1.0,697.82,1.0,4.60
661,TRANSFER,683.52,C5976741,5408.25,4724.73,C2597918,25935.58,26619.10,0,0,289.1,182.4,0,0.0,0.00,1.0,4.47
155,CASH_OUT,120208.43,C5714013,143007.64,0.00,C7349645,0.00,120208.43,1,0,242.8,1.2,1,2.0,240416.86,4.0,70.61
299,TRANSFER,79.11,C2295793,596.67,517.56,C5884198,14202.05,14281.16,0,0,130.7,158.5,0,0.0,0.00,1.0,5.75
499,CASH_IN,637.18,C2833919,2295.66,1658.48,C9479632,17459.27,18096.46,0,0,123.4,353.3,0,0.0,0.00,1.0,4.05
249,TRANSFER,189.16,C1855076,1571.70,1382.54,C5793661,33401.79,33590.95,0,0,164.1,95.8,0,0.0,0.00,1.0,6.82
51,PAYMENT,527.28,C7955388,1707.78,1180.50,M6281147,9030.98,9558.26,0,0,191.5,349.3,0,0.0,0.00,1.0,6.33
290,CASH_OUT,70231.38,C4104595,82553.32,0.00,C1227266,0.00,70231.38,1,0,6.7,5.6,1,8.0,383430.63,9.0,57.09
105,TRANSFER,580.61,C2804531,1647.00,1066.40,C3120491,48786.32,49366.93,0,0,31.1,256.2,0,0.0,0.00,1.0,10.41
710,PAYMENT,518.57,C6341306,3514.58,2996.01,M3032663,27853.71,28372.28,0,0,242.1,343.6,0,0.0,0.00,1.0,11.80
429,CASH_IN,517.44,C8113999,1202.83,685.38,C1741733,1066.52,1583.96,0,0,153.9,169.9,1,1.0,1289.03,1.0,7.11
657,TRANSFER,585.34,C9000626,5729.13,5143.79,C7792534,27407.63,27992.97,0,0,32.3,47.2,0,0.0,0.00,1.0,18.99
476,TRANSFER,2154.92,C5943369,16408.35,14253.43,C4219847,48312.44,50467.36,0,0,106.3,46.9,0,0.0,0.00,1.0,19.00
688,DEBIT,1631.67,C9778826,11301.76,9670.09,C3269504,37454.71,39086.38,0,0,86.4,164.0,0,0.0,0.00,1.0,13.43
705,CASH_IN,262.65,C7868855,1534.82,1272.17,C9142074,47824.49,48087.14,0,0,249.0,126.4,1,0.0,0.00,1.0,19.31
447,TRANSFER,480.66,C4798097,4589.52,4108.86,C6313454,44252.15,44732.80,0,0,172.3,83.4,0,0.0,0.00,1.0,4.47
481,TRANSFER,89217.90,C8008068,92086.98,0.00,C1691868,0.00,89217.90,1,0,5.3,6.0,1,8.0,238474.06,5.0,79.63
452,PAYMENT,567.09,C5003981,5559.77,4992.69,M7217690,10687.15,11254.24,0,0,362.3,84.8,0,1.0,715.61,1.0,12.71
542,CASH_OUT,32317.77,C2956107,36397.21,0.00,C2860335,0.00,32317.77,1,0,258.2,0.7,1,1.0,32317.77,1.0,75.78
661,CASH_IN,1481.37,C7225392,10098.58,8617.22,C2675462,28563.23,30044.59,0,0,128.7,347.7,1,1.0,280.70,1.0,10.34
358,CASH_OUT,308636.23,C2440807,313157.33,0.00,C6320799,0.00,308636.23,1,1,6.0,5.9,1,5.0,1543181.14,4.0,23.54
178,TRANSFER,3102.15,C5198768,11252.86,8150.71,C2583032,40388.71,43490.86,0,0,184.4,159.7,0,0.0,0.00,1.0,10.61
394,DEBIT,1541.19,C3845868,13899.66,12358.47,C3746376,18093.32,19634.51,0,0,89.2,317.0,0,0.0,0.00,1.0,15.68
656,PAYMENT,464.35,C8700814,4313.27,3848.92,M1286052,31413.84,31878.19,0,0,141.2,143.5,0,0.0,0.00,1.0,11.73
587,CASH_IN,12377.60,C1934683,27593.26,15215.67,C5580654,28730.16,41107.76,0,0,349.7,79.4,0,1.0,1112.47,1.0,7.83
64,PAYMENT,1295.22,C4521941,10924.97,9629.75,M5873358,13189.63,14484.85,0,0,351.2,328.8,0,1.0,582.60,1.0,14.54
32,CASH_IN,715.42,C1734533,6924.96,6209.54,C9255841,24741.20,25456.62,0,0,320.2,37.6,0,1.0,944.24,1.0,15.21
615,TRANSFER,520.57,C3177720,4574.92,4054.34,C7367317,11867.73,12388.30,0,0,287.6,128.4,0,0.0,0.00,1.0,4.02
184,PAYMENT,660.89,C3495731,6530.54,5869.65,M4979922,47701.43,48362.32,0,0,57.8,278.0,1,0.0,0.00,1.0,5.19
374,CASH_OUT,26588.81,C1349027,29767.63,0.00,C3475337,0.00,26588.81,1,0,288.9,1.6,1,1.0,26588.81,1.0,66.05
227,CASH_IN,1615.23,C5611627,12013.69,10398.47,C2329666,26301.32,27916.54,0,0,150.1,124.9,0,0.0,0.00,1.0,19.08
689,DEBIT,1217.79,C1264912,3017.53,1799.75,C1927797,31495.69,32713.48,0,0,180.3,344.8,0,0.0,0.00,1.0,8.39
476,PAYMENT,799.20,C3560193,1338.32,539.12,M6756242,18231.87,19031.07,0,0,209.2,239.3,0,1.0,541.67,1.0,24.76
128,CASH_IN,2184.14,C2918185,15799.19,13615.04,C2261563,33783.44,35967.59,0,0,246.8,104.3,0,0.0,0.00,1.0,12.76
398,TRANSFER,16115.00,C8388977,18130.53,0.00,C6879018,0.00,16115.00,1,0,126.4,0.4,1,1.0,16115.00,1.0,91.67
711,CASH_IN,377.81,C3888764,1355.95,978.14,C1681174,40557.18,40934.99,0,0,160.9,66.4,0,1.0,1214.02,1.0,6.30
25,CASH_OUT,71651.03,C1203429,73376.55,0.00,C6890028,0.00,71651.03,1,0,2.6,2.2,1,15.0,443620.86,7.0,75.74
309,TRANSFER,927.80,C1802128,7054.86,6127.07,C5995746,2704.39,3632.19,0,0,273.5,135.5,1,0.0,0.00,1.0,8.73
453,PAYMENT,398.33,C6485749,2907.92,2509.59,M1662249,6085.79,6484.12,0,0,180.1,293.8,0,1.0,740.49,1.0,9.44
179,CASH_IN,395.21,C5633877,806.23,411.02,C8422615,11304.09,11699.30,0,0,167.9,295.9,1,0.0,0.00,1.0,23.12
714,DEBIT,1720.46,C2794750,15071.36,13350.90,C5752431,16372.38,18092.85,0,0,339.1,320.4,0,0.0,0.00,1.0,3.25
634,DEBIT,134.56,C5108240,358.52,223.96,C1877377,36247.10,36381.66,0,0,231.9,246.9,0,1.0,815.68,1.0,17.66
108,DEBIT,380.38,C2889333,2631.11,2250.73,C5362562,24715.94,25096.31,0,0,216.0,195.8,0,0.0,0.00,1.0,21.64
186,PAYMENT,2092.48,C5944803,9291.25,7198.76,M5868492,36383.47,38475.95,0,0,104.7,156.9,0,0.0,0.00,1.0,13.51
165,CASH_IN,332.07,C9836192,1049.20,717.13,C4528304,34549.08,34881.15,0,0,353.9,320.8,0,0.0,0.00,1.0,17.11
614,PAYMENT,1477.70,C2395806,14070.94,12593.23,M5752329,25389.26,26866.96,0,0,278.1,341.3,0,0.0,0.00,1.0,1.82
416,DEBIT,1242.69,C3140886,5734.32,4491.63,C7254327,47156.73,48399.42,0,0,174.6,137.8,0,0.0,0.00,1.0,3.80
640,CASH_IN,1544.42,C2368215,5393.96,3849.54,C4940054,2682.61,4227.02,0,0,179.4,324.3,0,0.0,0.00,1.0,24.68
140,PAYMENT,631.32,C9296416,1328.00,696.68,M7520245,29806.81,30438.13,0,0,286.6,242.5,0,1.0,871.55,1.0,0.32
39,PAYMENT,108.44,C8996236,837.84,729.40,M7688583,47491.32,47599.76,0,0,266.8,252.0,0,0.0,0.00,1.0,14.28
542,DEBIT,1370.66,C1131828,10219.73,8849.07,C4248009,11314.40,12685.06,0,0,328.0,362.1,0,0.0,0.00,1.0,4.28
207,DEBIT,155.45,C7741672,1106.84,951.39,C9718250,39472.33,39627.78,0,0,338.9,133.2,0,1.0,1146.17,1.0,24.23
483,PAYMENT,527.56,C3839401,2233.86,1706.30,M1219217,32275.60,32803.16,0,0,98.8,323.5,0,1.0,1445.78,1.0,10.55
715,CASH_IN,314.86,C8126555,2636.63,2321.76,C3658539,30561.12,30875.99,0,0,92.9,75.0,0,0.0,0.00,1.0,24.60
619,CASH_IN,157.49,C9942227,431.72,274.23,C1908235,44749.20,44906.68,0,0,69.7,85.4,0,0.0,0.00,1.0,21.23
643,DEBIT,999.64,C1263337,5729.30,4729.66,C5505955,21489.49,22489.12,0,0,296.1,183.4,0,1.0,746.38,1.0,16.77
177,PAYMENT,1429.93,C9005504,7707.81,6277.87,M8208596,42501.02,43930.95,0,0,204.2,87.6,0,0.0,0.00,1.0,11.63
230,PAYMENT,462.80,C4947110,3343.32,2880.52,M8377907,42856.18,43318.98,0,0,339.8,201.4,0,0.0,0.00,1.0,5.27
90,TRANSFER,191.41,C5865378,365.36,173.95,C4562965,46565.35,46756.76,0,0,364.8,345.5,0,0.0,0.00,1.0,13.41
470,TRANSFER,209.56,C4666961,1667.24,1457.68,C8512730,13272.21,13481.77,0,0,321.0,117.6,0,0.0,0.00,1.0,21.28
399,PAYMENT,608.36,C9566580,4742.79,4134.43,M9961918,48292.90,48901.25,0,0,53.3,299.3,0,0.0,0.00,1.0,17.55
281,DEBIT,476.58,C3041069,4242.29,3765.71,C9699834,14016.12,14492.71,0,0,210.1,335.3,0,0.0,0.00,1.0,5.11
383,DEBIT,220.80,C6005425,1334.09,1113.29,C1983405,20163.67,20384.47,0,0,134.9,319.3,0,1.0,1365.17,1.0,9.60
136,CASH_IN,528.41,C2056453,3939.07,3410.67,C4654265,20259.43,20787.83,0,0,195.8,260.8,0,1.0,1192.18,1.0,10.83
401,CASH_IN,237.82,C9137096,412.89,175.07,C3609151,47897.51,48135.32,0,0,329.1,42.2,0,0.0,0.00,1.0,10.61
443,PAYMENT,979.33,C7530049,1514.68,535.35,M8768865,42858.89,43838.21,0,0,58.7,54.7,0,1.0,536.55,1.0,23.34
381,PAYMENT,537.49,C1454949,1501.76,964.28,M2671337,22450.32,22987.81,0,0,82.5,303.5,0,1.0,1070.45,1.0,0.43
313,CASH_OUT,58927.96,C9129597,59611.99,0.00,C5947383,0.00,58927.96,1,0,0.4,0.4,1,10.0,420655.80,8.0,50.46
267,TRANSFER,53765.70,C3212495,58765.34,0.00,C4822813,0.00,53765.70,1,0,6.3,0.7,1,15.0,523732.27,8.0,61.89
56,PAYMENT,3110.32,C6490507,10489.23,7378.91,M2037570,3333.90,6444.23,0,0,200.1,102.9,0,0.0,0.00,1.0,4.89
181,DEBIT,1740.91,C3884767,6751.58,5010.67,C2143956,15420.57,17161.49,0,0,348.3,191.9,1,0.0,0.00,1.0,22.70
327,DEBIT,859.19,C4885141,8037.88,7178.70,C6513541,39508.55,40367.74,0,0,227.9,63.7,0,0.0,0.00,1.0,15.39
419,DEBIT,405.12,C4919798,1999.64,1594.52,C8186668,42988.92,43394.03,0,0,91.4,179.1,0,0.0,0.00,1.0,16.00
496,TRANSFER,124103.65,C3157952,136211.06,0.00,C3381548,0.00,124103.65,1,0,6.5,4.7,1,1.0,124103.65,2.0,15.32
470,PAYMENT,1296.25,C1545414,11267.88,9971.63,M7571470,496.69,1792.94,0,0,272.0,355.6,0,1.0,1163.56,1.0,24.72
610,DEBIT,1883.22,C3771562,10540.68,8657.46,C6452495,18624.90,20508.12,0,0,293.7,293.2,0,1.0,1459.14,1.0,15.67
648,CASH_OUT,160090.73,C3474092,167783.15,0.00,C3256312,0.00,160090.73,1,0,6.7,4.0,1,2.0,320181.45,4.0,12.65
281,CASH_IN,443.93,C2656947,4212.44,3768.51,C4390791,14992.15,15436.08,0,0,218.1,246.9,0,0.0,0.00,1.0,23.88
591,DEBIT,605.24,C6731837,1814.43,1209.20,C6307796,3940.71,4545.95,0,0,130.1,105.0,0,2.0,475.38,1.0,4.90
470,PAYMENT,269.11,C3481507,816.40,547.29,M6935610,31148.24,31417.35,0,0,252.0,349.8,0,0.0,0.00,1.0,12.73
232,CASH_IN,1511.16,C9910839,7195.91,5684.75,C6790471,28852.26,30363.41,0,0,64.0,210.9,0,1.0,1309.19,1.0,11.61
536,DEBIT,58.02,C9854723,477.97,419.96,C9048092,33273.56,33331.58,0,0,283.7,307.4,0,0.0,0.00,1.0,17.43
330,DEBIT,245.00,C9236919,645.00,399.99,C9025679,47838.30,48083.31,0,0,332.3,188.4,0,0.0,0.00,1.0,4.55
301,TRANSFER,78220.71,C9077337,78536.48,0.00,C6435782,0.00,78220.71,1,0,265.8,2.7,1,1.0,78220.71,4.0,74.76
474,TRANSFER,202.28,C8736598,1592.22,1389.94,C1688413,26277.53,26479.81,0,0,352.7,363.1,0,2.0,2027.14,1.0,12.43
543,PAYMENT,299.90,C1186974,2699.52,2399.62,M7630026,1980.72,2280.61,0,0,279.2,287.8,0,0.0,0.00,1.0,2.28
664,TRANSFER,1009.54,C9763472,5398.48,4388.93,C3250731,26597.17,27606.72,0,0,295.5,328.2,0,1.0,1359.29,1.0,15.17
689,CASH_IN,2656.18,C8836866,19640.50,16984.32,C4365343,4344.47,7000.65,0,0,259.1,251.4,0,0.0,0.00,1.0,10.08
417,CASH_IN,612.23,C5114080,4673.73,4061.49,C7999072,27275.71,27887.94,0,0,289.9,219.4,0,0.0,0.00,1.0,17.05
155,PAYMENT,252.19,C8368865,631.70,379.50,M7240004,32908.72,33160.91,0,0,216.0,229.8,0,1.0,1360.30,1.0,20.14
261,DEBIT,291.83,C4335266,886.82,594.99,C6947481,25886.91,26178.74,0,0,72.8,147.1,1,0.0,0.00,1.0,10.76
539,PAYMENT,980.25,C4958323,5777.48,4797.23,M2930045,31958.41,32938.66,0,0,171.0,50.3,0,0.0,0.00,1.0,6.86
452,TRANSFER,1624.43,C6568120,5423.78,3799.35,C3131189,45156.85,46781.28,0,0,341.2,215.3,0,0.0,0.00,1.0,16.78
604,PAYMENT,370.94,C5916252,667.25,296.31,M2724275,2343.18,2714.12,0,0,104.7,311.6,0,0.0,0.00,1.0,0.65
187,CASH_IN,1599.48,C9492012,2639.17,1039.70,C1523501,14408.52,16008.00,0,0,43.5,356.7,1,0.0,0.00,1.0,23.45
153,TRANSFER,678.99,C2592922,1298.84,619.85,C7195817,30416.33,31095.33,0,0,78.5,301.8,0,0.0,0.00,1.0,19.52
64,CASH_IN,1497.81,C5518943,5102.92,3605.11,C7212592,43438.16,44935.97,0,0,265.2,361.9,0,0.0,0.00,1.0,1.99
164,PAYMENT,141.74,C8095668,743.62,601.88,M3798045,38411.05,38552.78,0,0,313.8,48.4,0,0.0,0.00,1.0,15.92
321,TRANSFER,298.44,C4041462,2044.79,1746.35,C9702414,2868.50,3166.93,0,0,147.0,267.7,0,1.0,1437.64,1.0,3.82
250,PAYMENT,103.54,C6365122,178.79,75.25,M4595988,365.62,469.16,0,0,57.8,79.3,1,0.0,0.00,1.0,2.41
91,DEBIT,2101.27,C7305849,17793.49,15692.22,C5804040,45611.09,47712.35,0,0,217.7,323.5,0,0.0,0.00,1.0,1.00
507,TRANSFER,31329.67,C5202172,33747.45,0.00,C1417762,0.00,31329.67,1,0,4.3,1.8,1,17.0,575910.37,6.0,64.72
612,CASH_OUT,214762.20,C8568739,236074.18,0.00,C5095606,0.00,214762.20,1,1,217.5,4.8,1,3.0,644286.61,4.0,79.09
491,CASH_IN,570.30,C7222506,4705.18,4134.88,C7389105,11301.11,11871.41,0,0,301.9,120.1,0,0.0,0.00,1.0,14.79
694,CASH_OUT,175938.58,C4725260,205832.40,0.00,C1078152,0.00,175938.58,1,0,1.2,5.0,1,3.0,527815.74,2.0,4.20
419,PAYMENT,659.10,C5593142,3627.63,2968.53,M9686050,42541.97,43201.07,0,0,363.7,107.3,0,1.0,747.30,1.0,7.60
344,CASH_IN,424.37,C9963525,1401.74,977.38,C6754994,9310.78,9735.14,0,0,225.5,85.6,0,0.0,0.00,1.0,24.25
401,PAYMENT,329.34,C5346043,2042.34,1713.00,M4508376,41757.12,42086.46,0,0,223.6,284.7,1,0.0,0.00,1.0,10.02
301,TRANSFER,335.01,C4701596,605.43,270.42,C7283722,12778.82,13113.83,0,0,330.2,150.6,0,1.0,1142.47,1.0,12.63
442,TRANSFER,1537.86,C5784541,4376.04,2838.18,C1855480,5377.81,6915.67,0,0,305.8,39.3,0,0.0,0.00,1.0,6.31
686,CASH_IN,296.85,C2506091,1991.02,1694.18,C5502937,25974.20,26271.04,0,0,40.1,112.9,0,1.0,262.78,1.0,24.49
114,PAYMENT,8189.71,C4811631,47132.91,38943.20,M9332725,3090.90,11280.61,0,0,187.4,82.1,0,0.0,0.00,1.0,3.22
516,PAYMENT,441.32,C3790769,2250.73,1809.41,M8075353,128.50,569.82,0,0,88.4,157.3,1,0.0,0.00,1.0,14.91
241,PAYMENT,1011.59,C9327014,9470.25,8458.67,M8387085,2294.49,3306.08,0,0,139.6,277.5,0,2.0,494.83,1.0,8.83
265,CASH_OUT,75753.66,C7430543,79537.34,0.00,C2821776,0.00,75753.66,1,0,0.0,1.6,1,8.0,241061.95,9.0,75.24
285,TRANSFER,1837.65,C5715347,15696.15,13858.50,C2577568,43111.63,44949.28,0,0,240.6,294.1,0,0.0,0.00,1.0,14.03
226,TRANSFER,1464.64,C9603786,5153.60,3688.96,C6818043,6219.88,7684.52,0,0,337.9,40.9,1,0.0,0.00,1.0,6.57
326,TRANSFER,113.12,C3170851,386.38,273.26,C7734860,43313.29,43426.41,0,0,333.2,236.3,0,0.0,0.00,1.0,20.84
427,DEBIT,1895.21,C2398843,3474.24,1579.03,C6172644,45765.01,47660.22,0,0,227.5,106.0,1,0.0,0.00,1.0,22.18
543,CASH_IN,120.27,C4090833,191.22,70.96,C5895013,44893.34,45013.61,0,0,58.6,340.3,0,0.0,0.00,1.0,8.79
686,CASH_OUT,12817.59,C9651659,14498.00,0.00,C8170241,0.00,12817.59,1,0,218.7,1.7,1,1.0,12817.59,1.0,80.85
331,CASH_IN,557.27,C4114101,5198.35,4641.08,C2818900,11351.66,11908.93,0,0,296.7,256.0,1,1.0,408.89,1.0,4.29
433,CASH_OUT,57279.77,C6592172,63023.73,0.00,C6392449,0.00,57279.77,1,0,6.9,3.8,1,9.0,333720.87,7.0,65.03
34,CASH_IN,7069.91,C5558301,43502.16,36432.25,C3869805,39405.90,46475.82,0,0,311.3,82.2,0,0.0,0.00,1.0,24.35
603,DEBIT,1901.52,C9406629,4592.65,2691.13,C9011191,31736.80,33638.32,0,0,333.6,137.3,1,1.0,590.70,1.0,0.55
189,TRANSFER,286.75,C4540064,1226.75,940.00,C6078372,15341.54,15628.30,0,0,191.4,223.7,0,0.0,0.00,1.0,11.19
218,TRANSFER,59227.51,C8080259,60506.35,0.00,C9021584,0.00,59227.51,1,0,4.7,0.5,1,9.0,481136.78,9.0,83.84
369,PAYMENT,1703.24,C7461073,10287.04,8583.80,M1366766,29780.76,31484.01,0,0,233.7,185.8,0,0.0,0.00,1.0,24.72
89,PAYMENT,1729.95,C7289683,16883.25,15153.30,M1302086,33259.17,34989.12,0,0,213.2,59.6,0,0.0,0.00,1.0,13.87
186,DEBIT,3160.63,C8187841,18403.15,15242.51,C7126768,3852.46,7013.09,0,0,112.1,194.8,0,0.0,0.00,1.0,4.64
302,TRANSFER,639.78,C2014352,2074.05,1434.27,C3622418,43897.34,44537.12,0,0,309.6,122.0,0,0.0,0.00,1.0,15.22
109,TRANSFER,1078.74,C4414503,4119.25,3040.51,C7355067,38396.04,39474.78,0,0,138.9,201.6,0,0.0,0.00,1.0,12.02
450,DEBIT,1239.49,C3750736,4275.47,3035.98,C6157409,39339.59,40579.08,0,0,156.1,174.2,0,1.0,446.27,1.0,22.56
307,TRANSFER,1692.68,C6865584,3049.13,1356.45,C3169642,40965.48,42658.16,0,0,197.8,218.2,0,0.0,0.00,1.0,18.88
33,CASH_IN,811.44,C6194857,5002.85,4191.41,C9949091,322.03,1133.48,0,0,278.8,247.9,0,1.0,651.10,1.0,17.73
254,DEBIT,329.84,C6575095,1858.64,1528.80,C5289347,34049.03,34378.87,0,0,241.4,363.7,0,0.0,0.00,1.0,19.01
165,CASH_IN,2295.32,C2080854,6063.76,3768.44,C4019834,22372.91,24668.24,0,0,209.5,274.5,0,0.0,0.00,1.0,11.42
195,TRANSFER,289204.65,C6013954,315260.41,0.00,C2287845,0.00,289204.65,1,1,4.0,4.9,1,1.0,289204.65,1.0,29.33
108,CASH_OUT,339679.25,C6086266,340731.72,0.00,C1090656,0.00,339679.25,1,1,3.9,5.2,1,1.0,339679.25,2.0,9.44
74,TRANSFER,97639.62,C8118883,109754.28,0.00,C2616878,0.00,97639.62,1,0,5.5,5.4,1,17.0,423975.35,7.0,50.37
155,CASH_IN,289.09,C8902018,2209.68,1920.59,C9859800,4793.62,5082.72,0,0,111.3,326.8,0,0.0,0.00,1.0,12.67
427,TRANSFER,220.60,C5637162,1535.51,1314.90,C7385376,5624.92,5845.52,0,0,221.5,280.8,0,0.0,0.00,1.0,14.31
276,DEBIT,1202.18,C4766527,2879.14,1676.96,C3529426,6380.57,7582.76,0,0,108.5,145.1,0,0.0,0.00,1.0,3.10
493,PAYMENT,399.17,C9892505,3944.34,3545.17,M6468304,29959.37,30358.53,0,0,59.9,314.4,1,0.0,0.00,1.0,4.76
544,DEBIT,899.84,C6777792,7713.67,6813.83,C4055520,40730.72,41630.56,0,0,114.6,218.1,0,1.0,862.44,1.0,5.85
428,TRANSFER,1420.45,C6634242,5653.06,4232.61,C4325578,17400.12,18820.57,0,0,357.0,97.5,1,0.0,0.00,1.0,3.33
380,PAYMENT,893.23,C1193790,4042.36,3149.13,M3784125,22392.68,23285.91,0,0,345.8,181.9,0,0.0,0.00,1.0,12.28
546,PAYMENT,653.91,C1307432,3056.34,2402.44,M7486554,24097.30,24751.20,0,0,177.8,323.7,0,0.0,0.00,1.0,18.73
178,CASH_IN,912.78,C7316211,2941.80,2029.02,C3734195,1929.10,2841.88,0,0,221.4,169.4,1,0.0,0.00,1.0,2.54
308,PAYMENT,49.94,C3518292,242.91,192.97,M2629642,48969.37,49019.31,0,0,331.2,361.5,0,0.0,0.00,1.0,7.25
403,TRANSFER,1236.78,C1195131,9478.06,8241.28,C1395353,25508.22,26745.01,0,0,318.5,253.2,1,0.0,0.00,1.0,9.14
93,PAYMENT,833.59,C9920560,7877.09,7043.50,M6715834,5247.93,6081.52,0,0,242.6,166.0,1,0.0,0.00,1.0,16.95
409,CASH_OUT,42764.69,C5766934,45034.98,0.00,C7525701,0.00,42764.69,1,0,3.4,3.5,1,7.0,421586.19,3.0,59.53
498,PAYMENT,2051.82,C1570681,8043.92,5992.10,M9967913,15659.92,17711.74,0,0,94.1,364.3,1,0.0,0.00,1.0,23.44
449,PAYMENT,1654.49,C2593041,4298.81,2644.32,M2457376,46292.00,47946.50,0,0,316.5,233.4,0,0.0,0.00,1.0,15.86
611,DEBIT,448.01,C3801928,3149.03,2701.02,C7762047,28885.39,29333.40,0,0,49.3,287.5,0,0.0,0.00,1.0,18.57
637,CASH_IN,599.50,C5821081,1462.46,862.96,C9477006,49973.36,50572.86,0,0,301.6,98.6,0,0.0,0.00,1.0,0.41
268,CASH_OUT,36112.88,C7341305,40607.41,0.00,C5705121,0.00,36112.88,1,0,3.2,6.5,1,6.0,235481.86,3.0,71.85
255,CASH_IN,951.54,C4054736,1548.12,596.58,C6613925,25023.53,25975.07,0,0,300.1,363.8,0,0.0,0.00,1.0,2.38
264,CASH_OUT,106958.66,C7235300,114063.70,0.00,C5241540,0.00,106958.66,1,0,239.2,2.9,1,3.0,320875.97,2.0,70.78
514,CASH_IN,1213.37,C1320227,6237.44,5024.07,C7348978,48110.55,49323.91,0,0,118.9,138.6,1,0.0,0.00,1.0,15.20
374,PAYMENT,1594.54,C8313978,2707.34,1112.79,M4713805,34545.98,36140.52,0,0,285.3,77.1,0,0.0,0.00,1.0,9.68
591,CASH_OUT,18948.28,C6932767,19603.95,0.00,C1124442,0.00,18948.28,1,0,246.0,1.9,1,1.0,18948.28,1.0,85.15
627,TRANSFER,99240.40,C5255783,113849.86,0.00,C9745548,0.00,99240.40,1,0,6.3,0.3,1,14.0,547256.96,5.0,65.93
587,DEBIT,103.93,C5086975,583.51,479.58,C1632974,40659.58,40763.51,0,0,145.7,208.9,0,0.0,0.00,1.0,24.16
235,CASH_IN,157.38,C3448803,1472.51,1315.13,C9640904,19879.62,20037.00,0,0,143.4,179.5,0,0.0,0.00,1.0,9.21
129,PAYMENT,1170.39,C6018915,2806.47,1636.08,M9165220,26285.64,27456.03,0,0,309.8,187.0,0,0.0,0.00,1.0,15.49
313,TRANSFER,61068.83,C5755813,70841.81,0.00,C2522775,0.00,61068.83,1,0,4.1,0.2,1,13.0,299972.79,6.0,69.96
516,CASH_IN,2652.25,C1082112,16536.04,13883.79,C7462784,8833.35,11485.59,0,0,299.8,181.7,0,0.0,0.00,1.0,18.15
444,CASH_OUT,41701.60,C9834996,46000.50,0.00,C3029208,0.00,41701.60,1,0,334.2,1.9,1,1.0,41701.60,4.0,84.54
472,PAYMENT,3135.28,C5627849,30213.64,27078.36,M8283172,32825.05,35960.32,0,0,200.4,185.7,0,0.0,0.00,1.0,0.75
400,CASH_IN,261.70,C2524710,2237.71,1976.01,C5472551,8208.29,8470.00,0,0,151.6,291.7,0,2.0,1168.26,1.0,15.67
498,CASH_IN,349.05,C5869476,830.32,481.27,C6705842,7582.85,7931.90,0,0,92.3,172.0,0,0.0,0.00,1.0,12.75
100,CASH_OUT,73148.17,C7764631,82809.82,0.00,C1325843,0.00,73148.17,1,0,5.2,0.2,1,16.0,350196.72,4.0,48.72
645,DEBIT,993.84,C5057232,2669.27,1675.42,C9774704,11704.86,12698.70,0,0,78.4,351.4,0,0.0,0.00,1.0,12.59
570,DEBIT,247.74,C8330265,2343.83,2096.09,C6865609,40350.32,40598.06,0,0,338.9,148.6,0,0.0,0.00,1.0,7.92
90,TRANSFER,449.65,C5395086,1923.83,1474.18,C8745629,47368.83,47818.48,0,0,349.2,177.2,1,0.0,0.00,1.0,19.68
236,TRANSFER,908.98,C8327867,4247.48,3338.50,C3935170,14954.95,15863.94,0,0,301.1,225.2,0,0.0,0.00,1.0,17.60
326,DEBIT,459.53,C6836660,730.33,270.80,C9485556,21859.03,22318.55,0,0,102.1,146.8,0,0.0,0.00,1.0,6.08
110,CASH_IN,612.46,C1164073,3263.67,2651.21,C1665213,15687.25,16299.71,0,0,233.9,355.6,1,0.0,0.00,1.0,20.20
385,TRANSFER,99200.07,C1446537,100994.77,0.00,C2140294,0.00,99200.07,1,0,5.5,1.6,1,14.0,238711.47,6.0,55.84
274,PAYMENT,414.61,C2056281,1686.31,1271.70,M9551294,649.73,1064.34,0,0,265.2,286.7,0,0.0,0.00,1.0,7.07
490,PAYMENT,517.64,C7933842,2462.29,1944.65,M1959111,43988.43,44506.07,0,0,166.4,252.4,0,0.0,0.00,1.0,19.32
383,TRANSFER,261125.17,C3888778,305244.02,0.00,C6012663,0.00,261125.17,1,1,4.7,1.6,1,1.0,261125.17,4.0,10.30
211,PAYMENT,1050.34,C7220370,8142.08,7091.74,M4259672,34098.92,35149.26,0,0,173.5,107.3,1,0.0,0.00,1.0,9.97
684,PAYMENT,1240.80,C7158225,1944.15,703.35,M3894015,41287.10,42527.90,0,0,194.3,36.1,0,0.0,0.00,1.0,16.17
636,PAYMENT,468.39,C7889546,2767.11,2298.71,M1076327,46049.58,46517.97,0,0,115.3,132.0,0,0.0,0.00,1.0,8.74
81,PAYMENT,388.32,C1135694,1959.03,1570.71,M5284903,33830.70,34219.02,0,0,123.8,164.8,0,0.0,0.00,1.0,21.73
562,DEBIT,3103.21,C4988630,5817.65,2714.44,C4162130,17073.03,20176.24,0,0,145.1,41.6,0,0.0,0.00,1.0,14.31
86,TRANSFER,1640.65,C4753122,9261.99,7621.35,C3860943,39549.79,41190.44,0,0,303.7,357.8,0,0.0,0.00,1.0,2.19
650,CASH_OUT,74653.11,C1019242,76839.93,0.00,C6046523,0.00,74653.11,1,0,3.6,3.7,1,10.0,187333.96,5.0,51.31
272,TRANSFER,726.94,C8102455,4422.19,3695.25,C9581164,5476.71,6203.65,0,0,101.6,194.1,0,0.0,0.00,1.0,5.02
608,DEBIT,1987.40,C2344388,16941.36,14953.96,C2320190,44649.86,46637.27,0,0,103.2,296.5,0,0.0,0.00,1.0,23.62
308,CASH_IN,799.92,C9687162,3361.44,2561.52,C2704938,44380.56,45180.48,0,0,288.9,251.2,0,0.0,0.00,1.0,13.41
204,PAYMENT,151.17,C5687328,1109.17,958.00,M7591303,4536.09,4687.27,0,0,333.1,72.8,0,1.0,950.13,1.0,19.59
357,TRANSFER,172.28,C3825412,1226.27,1053.99,C6486501,43664.59,43836.86,0,0,297.2,166.5,0,0.0,0.00,1.0,20.64
614,PAYMENT,246.64,C7717372,473.03,226.39,M1799306,2326.24,2572.88,0,0,108.1,186.2,0,0.0,0.00,1.0,5.61
515,CASH_IN,380.43,C5835433,1696.67,1316.23,C2973758,12231.04,12611.47,0,0,114.8,277.0,1,0.0,0.00,1.0,6.93
98,CASH_OUT,85197.38,C6562558,87221.95,0.00,C3743329,0.00,85197.38,1,0,2.6,1.2,1,15.0,184012.98,3.0,82.50
146,TRANSFER,844.61,C4549004,1270.14,425.53,C1891887,46055.56,46900.17,0,0,338.8,166.2,0,1.0,889.68,1.0,2.93
325,CASH_OUT,40262.11,C1454763,45326.00,0.00,C8281573,0.00,40262.11,1,0,336.1,4.1,1,2.0,80524.22,2.0,89.98
572,CASH_IN,117.05,C5566887,941.05,824.01,C5398339,21120.31,21237.36,0,0,239.5,160.3,0,1.0,1481.22,1.0,14.42
460,CASH_OUT,46044.30,C1349330,51278.86,0.00,C5603846,0.00,46044.30,1,0,4.0,0.5,1,6.0,593495.69,7.0,78.59
325,PAYMENT,338.63,C7816649,1250.86,912.24,M1083559,17989.01,18327.64,0,0,335.8,86.2,0,0.0,0.00,1.0,18.27
377,TRANSFER,39.27,C2614403,59.83,20.56,C7336258,28294.27,28333.54,0,0,223.0,245.5,0,1.0,1064.24,1.0,22.36
227,CASH_IN,214.28,C3392340,1584.59,1370.31,C1534977,100.66,314.94,0,0,201.9,276.9,0,1.0,572.54,1.0,7.87
61,CASH_IN,1501.47,C6536115,12499.23,10997.76,C6967109,35913.31,37414.78,0,0,302.0,209.7,0,0.0,0.00,1.0,17.23
611,CASH_IN,30.23,C8579486,235.38,205.15,C7642075,36246.44,36276.67,0,0,277.5,166.5,0,0.0,0.00,1.0,15.43
451,PAYMENT,5456.39,C5177125,11119.07,5662.68,M5748369,18119.89,23576.27,0,0,314.5,319.4,0,0.0,0.00,1.0,18.50
662,CASH_OUT,121678.86,C7413286,129824.24,0.00,C3476053,0.00,121678.86,1,0,273.9,3.4,1,3.0,365036.59,2.0,78.08
637,CASH_OUT,19947.75,C6595595,20942.49,0.00,C8387571,0.00,19947.75,1,0,283.8,1.0,1,1.0,19947.75,1.0,88.30
89,PAYMENT,1547.62,C9969915,7050.23,5502.61,M3695593,20113.67,21661.29,0,0,69.9,239.3,0,0.0,0.00,1.0,19.76
274,PAYMENT,1702.10,C2831197,5960.47,4258.37,M3822623,16948.91,18651.01,0,0,148.7,200.9,0,0.0,0.00,1.0,23.48
420,DEBIT,865.21,C8274168,1646.16,780.96,C1337639,19508.54,20373.75,0,0,220.8,112.0,0,1.0,1352.89,1.0,1.73
477,DEBIT,298.68,C7699340,2454.19,2155.51,C9191443,49109.86,49408.54,0,0,276.6,125.8,0,2.0,496.43,1.0,10.66
663,TRANSFER,32692.38,C2573987,37214.29,0.00,C3758986,0.00,32692.38,1,0,104.5,0.3,1,1.0,32692.38,1.0,75.90
82,DEBIT,206.51,C8001599,1030.76,824.25,C9226617,18856.79,19063.30,0,0,202.1,230.1,0,1.0,738.04,1.0,7.17
417,DEBIT,350.06,C1200123,3400.62,3050.57,C3190049,3417.76,3767.81,0,0,204.9,41.5,0,0.0,0.00,1.0,24.11
613,TRANSFER,1112.22,C3091170,5680.10,4567.88,C3623251,23709.19,24821.41,0,0,104.2,323.7,0,0.0,0.00,1.0,12.08
396,DEBIT,963.25,C3133591,3272.71,2309.46,C8665913,34856.21,35819.46,0,0,111.8,295.1,0,0.0,0.00,1.0,17.11
614,CASH_IN,146.74,C3753395,661.87,515.12,C2209115,9475.77,9622.52,0,0,79.3,259.8,0,0.0,0.00,1.0,19.95
133,CASH_IN,1169.28,C8481869,6416.59,5247.31,C9854554,2411.35,3580.63,0,0,218.3,40.3,0,0.0,0.00,1.0,22.71
458,CASH_OUT,60780.60,C8058318,71042.58,0.00,C4943697,0.00,60780.60,1,0,0.6,5.5,1,14.0,182114.72,5.0,61.43
527,DEBIT,1687.85,C3983729,5394.32,3706.47,C9013011,9338.29,11026.15,0,0,204.4,60.8,1,0.0,0.00,1.0,10.90
154,DEBIT,2141.04,C2656037,12293.11,10152.08,C3746947,6376.74,8517.77,0,0,230.9,171.6,0,1.0,292.16,1.0,16.07
52,CASH_OUT,310674.92,C8768074,363240.62,0.00,C4128892,0.00,310674.92,1,1,1.6,4.3,1,4.0,1242699.69,4.0,14.23
592,PAYMENT,275.54,C8727400,1972.48,1696.94,M4816131,37000.90,37276.44,0,0,209.7,262.6,0,0.0,0.00,1.0,7.33
200,CASH_IN,519.24,C2847564,5136.63,4617.40,C6156798,12325.43,12844.67,0,0,357.6,69.7,0,0.0,0.00,1.0,5.83
304,CASH_IN,609.93,C4952498,3761.68,3151.75,C6445067,43469.56,44079.49,0,0,176.1,128.4,0,0.0,0.00,1.0,17.55
113,CASH_IN,1055.31,C2625291,2686.43,1631.12,C2188966,35190.14,36245.45,0,0,353.8,361.0,0,0.0,0.00,1.0,13.53
56,PAYMENT,687.85,C5831125,3888.07,3200.22,M9991485,28665.02,29352.87,0,0,298.1,353.2,1,0.0,0.00,1.0,10.76
209,CASH_IN,828.25,C2216633,7216.52,6388.28,C5580231,17384.76,18213.01,0,0,147.1,340.5,0,0.0,0.00,1.0,8.26
297,DEBIT,326.65,C7880534,1648.85,1322.21,C5733901,40383.79,40710.44,0,0,114.2,187.7,0,0.0,0.00,1.0,6.33
637,PAYMENT,935.60,C5694681,6019.23,5083.63,M1027242,10981.30,11916.89,0,0,179.8,360.4,0,0.0,0.00,1.0,16.43
507,TRANSFER,86175.57,C5188499,89504.43,0.00,C4338290,0.00,86175.57,1,0,5.5,6.6,1,16.0,422434.94,8.0,77.05
157,DEBIT,1026.81,C7272384,4925.36,3898.55,C6000516,42274.86,43301.67,0,0,210.5,203.1,0,0.0,0.00,1.0,1.27
435,TRANSFER,251200.06,C6861933,260682.20,0.00,C9381501,0.00,251200.06,1,1,3.9,6.3,1,5.0,1256000.31,1.0,3.75
399,CASH_OUT,30961.08,C1343676,36717.03,0.00,C3791079,0.00,30961.08,1,0,289.0,0.0,1,1.0,30961.08,1.0,69.40
212,CASH_IN,579.38,C7902826,4671.06,4091.68,C1163588,48787.41,49366.79,0,0,200.9,42.1,0,0.0,0.00,1.0,16.23
708,DEBIT,424.91,C5214503,2051.69,1626.78,C5902415,41915.82,42340.73,0,0,166.3,302.5,0,0.0,0.00,1.0,12.52
45,CASH_IN,350.70,C5038064,1597.35,1246.64,C3376121,41440.78,41791.48,0,0,256.0,291.4,1,0.0,0.00,1.0,17.64
279,TRANSFER,906.74,C3082050,5677.55,4770.81,C5244717,37151.80,38058.54,0,0,135.2,125.1,0,0.0,0.00,1.0,7.04
399,CASH_IN,1970.88,C2131755,11086.22,9115.33,C7067290,33000.10,34970.98,0,0,142.4,291.1,1,1.0,1197.54,1.0,21.53
642,CASH_IN,2556.94,C8669086,21729.04,19172.10,C2739503,27082.06,29639.00,0,0,233.4,230.3,0,0.0,0.00,1.0,17.11
571,CASH_IN,3964.47,C9059457,8545.43,4580.96,C8129416,11025.86,14990.33,0,0,280.3,231.9,0,0.0,0.00,1.0,22.14
272,TRANSFER,603.42,C6761129,3459.66,2856.23,C3116552,49371.11,49974.53,0,0,270.5,151.8,0,1.0,643.48,1.0,20.01
589,PAYMENT,1273.69,C3649219,3116.30,1842.61,M7533279,12300.64,13574.33,0,0,273.2,217.3,1,0.0,0.00,1.0,4.66
639,DEBIT,119.21,C9512102,751.82,632.61,C5695676,12826.82,12946.03,0,0,181.8,100.0,0,0.0,0.00,1.0,20.41
418,PAYMENT,720.24,C8287354,5254.38,4534.14,M1196168,30753.45,31473.69,0,0,342.0,342.9,0,0.0,0.00,1.0,14.06
656,DEBIT,1687.12,C1969948,13478.62,11791.50,C6718389,15480.36,17167.49,0,0,64.9,269.5,0,0.0,0.00,1.0,23.86
608,CASH_IN,314.22,C5737035,853.76,539.53,C7148854,9743.64,10057.86,0,0,58.0,211.6,1,0.0,0.00,1.0,24.26
619,DEBIT,372.71,C7073586,2384.76,2012.05,C6820134,28433.88,28806.59,0,0,71.5,331.7,0,0.0,0.00,1.0,2.43
447,TRANSFER,86.86,C6472509,170.28,83.42,C9102268,19885.54,19972.40,0,0,293.4,221.5,0,0.0,0.00,1.0,14.75
515,DEBIT,1143.96,C6753578,10733.90,9589.94,C5553619,7726.30,8870.26,0,0,35.7,239.6,0,0.0,0.00,1.0,19.44
704,CASH_IN,1006.06,C1862260,3304.27,2298.21,C8038295,10128.41,11134.48,0,0,83.9,31.8,0,2.0,1807.78,1.0,1.68
370,CASH_IN,583.58,C7790524,4085.71,3502.12,C5560924,13422.67,14006.26,0,0,31.3,272.9,1,1.0,906.84,1.0,0.04
543,PAYMENT,110.83,C3852670,288.65,177.83,M3787050,25960.72,26071.54,0,0,151.2,77.0,0,0.0,0.00,1.0,13.11
447,DEBIT,1319.49,C9508981,7267.23,5947.74,C1160581,4269.85,5589.34,0,0,335.1,293.6,0,0.0,0.00,1.0,7.20
250,CASH_IN,472.62,C1452457,1397.91,925.29,C4814264,9471.84,9944.45,0,0,235.1,159.7,0,0.0,0.00,1.0,2.00
428,TRANSFER,606.70,C5178094,4089.68,3482.98,C2003055,24336.06,24942.75,0,0,185.2,107.0,0,0.0,0.00,1.0,15.25
440,DEBIT,642.20,C3680425,3287.95,2645.75,C1035480,30580.63,31222.84,0,0,53.0,190.4,0,0.0,0.00,1.0,7.61
594,CASH_IN,222.80,C7820308,869.85,647.05,C3679485,24769.10,24991.90,0,0,200.8,134.6,0,0.0,0.00,1.0,4.37
392,DEBIT,4985.26,C5758894,17259.78,12274.52,C9261698,45651.69,50636.96,0,0,117.0,363.2,0,0.0,0.00,1.0,6.07
680,TRANSFER,1210.86,C1020327,4945.20,3734.33,C9904050,19113.67,20324.54,0,0,93.1,35.3,0,0.0,0.00,1.0,13.62
231,CASH_IN,876.64,C7270833,5374.33,4497.69,C8630586,1892.30,2768.94,0,0,322.2,135.2,0,0.0,0.00,1.0,15.35
668,PAYMENT,125.12,C5783510,237.64,112.52,M5282096,13815.42,13940.54,0,0,147.7,97.5,0,0.0,0.00,1.0,21.11
497,DEBIT,1988.99,C1956296,16340.89,14351.90,C4348715,9961.84,11950.83,0,0,296.0,276.8,0,1.0,832.21,1.0,23.26
419,DEBIT,210.33,C9226841,1257.85,1047.52,C4564496,8807.15,9017.48,0,0,31.8,195.1,0,0.0,0.00,1.0,21.84
571,CASH_IN,443.90,C2235379,4337.99,3894.08,C1145756,33124.42,33568.32,0,0,88.9,217.0,0,0.0,0.00,1.0,5.73
401,CASH_IN,810.61,C1861361,2944.43,2133.82,C4455008,43121.73,43932.34,0,0,97.6,71.8,0,0.0,0.00,1.0,21.28
691,PAYMENT,1020.85,C8130774,5591.73,4570.89,M3122393,12834.38,13855.22,0,0,214.6,338.7,0,0.0,0.00,1.0,24.97
272,CASH_IN,2103.77,C3473972,16877.37,14773.60,C4579028,41764.22,43867.99,0,0,151.3,133.7,0,1.0,977.33,1.0,10.91
663,TRANSFER,19798.47,C5027436,21714.87,0.00,C4904032,0.00,19798.47,1,0,204.6,0.8,1,1.0,19798.47,1.0,79.24
545,PAYMENT,417.88,C3358426,3809.93,3392.04,M1465724,48710.00,49127.88,0,0,160.3,311.3,1,0.0,0.00,1.0,21.72
296,DEBIT,663.78,C8910902,4638.89,3975.11,C6716404,13145.67,13809.45,0,0,260.4,41.5,0,0.0,0.00,1.0,2.42
116,PAYMENT,921.26,C3160849,1925.40,1004.14,M6727328,49675.10,50596.37,0,0,93.2,69.7,0,0.0,0.00,1.0,7.07
709,TRANSFER,1754.26,C6910400,9341.96,7587.70,C4948525,47509.40,49263.66,0,0,42.1,238.2,0,0.0,0.00,1.0,2.96
590,CASH_OUT,33751.61,C3898095,39616.36,0.00,C4097406,0.00,33751.61,1,0,164.0,1.6,1,1.0,33751.61,1.0,66.87
177,CASH_IN,414.83,C2633158,2951.19,2536.36,C4293362,38583.47,38998.30,0,0,126.3,235.0,0,0.0,0.00,1.0,19.00
520,PAYMENT,242.55,C8628591,716.46,473.91,M7975900,30866.03,31108.58,0,0,362.7,291.0,0,1.0,435.57,1.0,19.11
369,CASH_OUT,151020.14,C9235594,168649.67,0.00,C1762823,0.00,151020.14,1,0,1.6,5.9,1,1.0,151020.14,4.0,0.25
281,PAYMENT,234.43,C4736965,1910.18,1675.75,M8044408,27513.88,27748.31,0,0,295.7,295.9,0,0.0,0.00,1.0,9.20
184,PAYMENT,1671.09,C5192839,8293.79,6622.70,M2544381,45966.55,47637.64,0,0,73.9,264.9,0,0.0,0.00,1.0,13.87
521,PAYMENT,1597.84,C5079711,11271.89,9674.05,M9568273,29767.36,31365.20,0,0,72.4,265.1,0,0.0,0.00,1.0,6.17
217,CASH_OUT,29701.12,C2519071,34152.91,0.00,C1172415,0.00,29701.12,1,0,2.1,6.4,1,13.0,178350.39,4.0,69.81
533,TRANSFER,5303.81,C7517781,48354.15,43050.34,C9659310,21739.19,27043.00,0,0,219.7,165.8,0,0.0,0.00,1.0,2.72
662,CASH_IN,783.93,C2197943,1905.25,1121.32,C7260553,25512.68,26296.61,0,0,260.3,45.9,0,0.0,0.00,1.0,10.36
688,TRANSFER,73213.19,C4580066,78259.77,0.00,C7453728,0.00,73213.19,1,0,262.8,0.1,1,3.0,219639.57,1.0,78.77
204,PAYMENT,854.44,C2950432,3811.56,2957.12,M7979867,34526.53,35380.97,0,0,219.3,120.6,0,1.0,845.57,1.0,13.41
80,CASH_IN,1217.08,C3236735,11724.49,10507.41,C5260933,46274.01,47491.09,0,0,155.8,213.1,0,2.0,1683.42,1.0,6.42
584,PAYMENT,141.14,C8362305,1138.98,997.84,M8585390,12232.66,12373.80,0,0,266.1,262.6,0,0.0,0.00,1.0,7.93
228,CASH_IN,1348.10,C5939506,6538.01,5189.91,C5795278,27863.53,29211.63,0,0,359.4,61.7,0,0.0,0.00,1.0,1.17
489,DEBIT,397.91,C1833935,1321.90,923.98,C1282069,46415.11,46813.02,0,0,241.3,89.5,0,0.0,0.00,1.0,23.19
135,DEBIT,466.93,C5998505,4350.43,3883.50,C1657604,19763.20,20230.13,0,0,267.3,195.5,0,0.0,0.00,1.0,19.35
667,DEBIT,1053.32,C9515364,9126.37,8073.04,C5667339,16879.24,17932.57,0,0,184.0,102.2,0,0.0,0.00,1.0,15.67
183,CASH_OUT,126237.51,C7096311,131086.11,0.00,C6660781,0.00,126237.51,1,0,245.6,2.4,1,3.0,378712.52,2.0,77.85
201,TRANSFER,480.58,C9430741,1433.36,952.77,C3922127,41588.87,42069.45,0,0,331.9,221.9,0,0.0,0.00,1.0,10.32
213,DEBIT,456.39,C6620927,2891.68,2435.29,C4809753,25774.05,26230.44,0,0,196.1,106.8,0,0.0,0.00,1.0,23.20
299,TRANSFER,1529.47,C4717462,12928.19,11398.71,C7963210,33907.29,35436.76,0,0,221.9,170.7,0,2.0,1470.08,1.0,1.11
299,TRANSFER,651.29,C3015781,2424.25,1772.96,C7989903,4434.57,5085.87,0,0,302.2,247.8,1,0.0,0.00,1.0,6.25
639,TRANSFER,700.80,C2560888,4084.56,3383.76,C4880240,23520.23,24221.03,0,0,253.0,94.2,0,0.0,0.00,1.0,1.13
205,CASH_IN,393.95,C6760488,2629.33,2235.37,C2250135,48605.48,48999.44,0,0,354.9,292.9,0,1.0,384.74,1.0,13.16
688,CASH_IN,657.71,C5208423,1340.12,682.40,C6546801,40415.13,41072.84,0,0,261.2,45.0,0,2.0,1115.37,1.0,13.24
697,TRANSFER,190632.88,C1594188,221219.37,0.00,C5095023,0.00,190632.88,1,0,188.7,0.2,1,2.0,381265.75,4.0,82.74
617,PAYMENT,831.91,C3262956,4589.03,3757.12,M9080749,3634.51,4466.42,0,0,49.6,310.6,0,0.0,0.00,1.0,2.62
180,CASH_OUT,145523.01,C3971757,167651.69,0.00,C8870438,0.00,145523.01,1,0,188.1,1.7,1,3.0,436569.02,1.0,73.14
266,DEBIT,291.82,C5467850,1508.95,1217.12,C4360282,6019.96,6311.78,0,0,39.9,158.3,0,0.0,0.00,1.0,4.15
687,DEBIT,1047.85,C6344387,10025.07,8977.22,C2839875,38416.76,39464.61,0,0,101.2,158.9,0,0.0,0.00,1.0,24.47
594,PAYMENT,571.29,C5598844,5129.10,4557.80,M6257236,7181.60,7752.90,0,0,212.5,101.6,0,0.0,0.00,1.0,15.26
69,TRANSFER,2489.68,C5256912,10125.76,7636.08,C9636120,33901.36,36391.04,0,0,322.5,270.8,0,1.0,754.48,1.0,2.40
42,DEBIT,1059.68,C6355328,5968.52,4908.84,C9168976,22091.50,23151.18,0,0,312.1,213.5,1,2.0,2968.37,1.0,12.82
402,CASH_IN,1814.68,C7235927,10382.55,8567.87,C3134384,34173.51,35988.19,0,0,50.5,253.0,0,0.0,0.00,1.0,24.68
536,PAYMENT,1041.21,C6588572,9129.83,8088.61,M2483893,30402.36,31443.57,0,0,172.6,193.2,0,0.0,0.00,1.0,23.81
687,TRANSFER,208274.06,C3168313,249509.56,0.00,C6709812,0.00,208274.06,1,1,206.6,0.6,1,2.0,416548.13,2.0,71.83
66,CASH_IN,522.23,C1747768,1103.68,581.45,C9035045,48452.69,48974.92,0,0,95.4,190.3,0,0.0,0.00,1.0,24.77
618,CASH_IN,5425.09,C6224330,22404.56,16979.47,C8500368,34932.96,40358.04,0,0,363.3,331.2,0,0.0,0.00,1.0,18.01
644,DEBIT,221.05,C2699314,2167.39,1946.33,C3891028,31879.08,32100.14,0,0,345.2,158.1,0,1.0,811.60,1.0,9.62
659,TRANSFER,817.14,C1079863,6895.63,6078.49,C3082674,13340.60,14157.74,0,0,270.6,89.2,0,0.0,0.00,1.0,23.53
369,CASH_IN,2489.00,C5723703,13136.03,10647.03,C2293152,40846.86,43335.86,0,0,148.3,276.3,0,0.0,0.00,1.0,4.97
448,TRANSFER,351.40,C2218305,1327.87,976.48,C7833962,34923.62,35275.02,0,0,95.1,198.9,0,0.0,0.00,1.0,16.90
514,TRANSFER,163.21,C4069722,907.98,744.77,C7316452,6688.39,6851.60,0,0,55.4,293.8,1,0.0,0.00,1.0,19.70
420,DEBIT,417.28,C9560495,3385.10,2967.83,C6608104,11233.30,11650.58,0,0,185.7,253.5,0,0.0,0.00,1.0,6.82
403,TRANSFER,2223.38,C6877104,3905.37,1681.99,C1923342,9073.16,11296.54,0,0,209.4,86.6,0,1.0,220.08,1.0,18.67
591,PAYMENT,203.34,C1672302,1680.16,1476.81,M7813358,14712.32,14915.67,0,0,112.2,124.3,0,1.0,484.18,1.0,3.95
338,CASH_OUT,88068.96,C2072305,98184.08,0.00,C5368679,0.00,88068.96,1,0,2.3,1.2,1,17.0,588361.54,3.0,64.46
34,CASH_OUT,311051.99,C5495257,317092.01,0.00,C4853908,0.00,311051.99,1,1,1.1,5.4,1,1.0,311051.99,1.0,10.14
501,TRANSFER,906.32,C8968067,7761.68,6855.35,C8634387,40729.46,41635.78,0,0,100.9,208.1,0,0.0,0.00,1.0,8.94
684,CASH_IN,1389.51,C7239470,8350.59,6961.08,C8859540,41411.18,42800.69,0,0,239.7,169.5,0,0.0,0.00,1.0,9.52
516,TRANSFER,234.43,C6265082,2315.69,2081.26,C5594226,43753.42,43987.85,0,0,350.2,244.0,0,0.0,0.00,1.0,10.37
36,PAYMENT,765.82,C6584771,2610.04,1844.23,M2000388,38842.29,39608.11,0,0,93.1,159.5,0,0.0,0.00,1.0,18.17
380,TRANSFER,3470.28,C2041520,23047.00,19576.72,C8624023,43929.51,47399.79,0,0,127.9,74.8,0,0.0,0.00,1.0,6.81
32,DEBIT,286.88,C4059432,1424.50,1137.61,C7026843,7198.24,7485.12,0,0,161.9,203.8,0,0.0,0.00,1.0,22.14
549,PAYMENT,2173.69,C7852026,13631.56,11457.87,M5952787,49035.84,51209.53,0,0,308.2,295.8,0,0.0,0.00,1.0,6.99
451,CASH_IN,1741.01,C8755100,12638.67,10897.66,C4914825,41536.38,43277.39,0,0,126.7,220.3,0,0.0,0.00,1.0,23.71
339,TRANSFER,89694.98,C4073703,92851.74,0.00,C6532118,0.00,89694.98,1,0,2.8,7.0,1,9.0,229867.45,8.0,59.73
519,TRANSFER,345.86,C1026728,2011.11,1665.25,C1158129,38351.20,38697.06,0,0,99.8,339.3,0,0.0,0.00,1.0,10.96
291,CASH_OUT,69627.93,C4770167,72043.26,0.00,C3514449,0.00,69627.93,1,0,1.9,1.4,1,7.0,453056.86,4.0,64.53
512,PAYMENT,189.80,C6963964,558.09,368.29,M9986703,49332.81,49522.60,0,0,351.9,53.7,0,0.0,0.00,1.0,4.62
39,CASH_IN,1145.35,C2119171,7674.73,6529.38,C9068987,38872.65,40017.99,0,0,96.1,195.9,0,1.0,970.63,1.0,17.31
346,CASH_OUT,115481.18,C3793691,116296.11,0.00,C7384561,0.00,115481.18,1,0,1.0,5.1,1,3.0,346443.55,2.0,18.65
691,DEBIT,549.31,C4575166,2028.87,1479.55,C4251469,23226.93,23776.25,0,0,96.2,116.1,0,0.0,0.00,1.0,14.05
626,TRANSFER,33553.60,C6985654,38394.71,0.00,C4405639,0.00,33553.60,1,0,3.3,3.3,1,17.0,388141.33,4.0,56.09
466,DEBIT,1707.79,C5609892,14024.54,12316.75,C8366939,1479.59,3187.38,0,0,131.4,141.5,0,0.0,0.00,1.0,9.10
610,DEBIT,275.26,C3868425,1621.34,1346.08,C8519741,24891.19,25166.45,0,0,234.7,222.9,1,0.0,0.00,1.0,12.51
569,TRANSFER,427.92,C3169156,1221.91,793.98,C3386821,15713.65,16141.58,0,0,359.9,223.3,0,1.0,287.35,1.0,2.56
704,CASH_IN,188.27,C5633326,568.66,380.39,C5193702,32274.14,32462.42,0,0,31.0,258.3,1,0.0,0.00,1.0,19.27
421,CASH_OUT,19317.36,C7008611,21191.14,0.00,C9368234,0.00,19317.36,1,0,163.4,0.9,1,1.0,19317.36,1.0,73.61
254,DEBIT,254.71,C4473412,783.23,528.52,C2931622,34339.70,34594.42,0,0,84.5,213.5,0,0.0,0.00,1.0,15.01
665,DEBIT,945.31,C6112160,6526.10,5580.79,C3242112,14776.47,15721.78,0,0,80.5,100.1,0,0.0,0.00,1.0,22.65
371,TRANSFER,889.03,C3001306,7384.43,6495.40,C1300385,39828.46,40717.50,0,0,188.7,43.1,0,2.0,2787.83,1.0,5.38
320,TRANSFER,1194.26,C7550528,6083.83,4889.58,C2345742,29320.54,30514.80,0,0,274.7,278.8,0,0.0,0.00,1.0,20.87
83,TRANSFER,363.68,C4568569,3283.18,2919.49,C7697288,23879.72,24243.40,0,0,81.5,31.5,0,0.0,0.00,1.0,13.24
157,TRANSFER,329.98,C6376608,1799.15,1469.18,C3334280,31134.08,31464.06,0,0,209.1,337.0,0,0.0,0.00,1.0,24.19
713,PAYMENT,152.89,C7435810,1515.10,1362.21,M7639793,43462.70,43615.59,0,0,107.5,290.2,0,0.0,0.00,1.0,2.98
63,TRANSFER,17964.21,C8523793,18072.80,0.00,C2578712,0.00,17964.21,1,0,278.3,1.9,1,1.0,17964.21,1.0,69.32
39,DEBIT,789.15,C9340481,6659.21,5870.06,C9719024,26201.49,26990.64,0,0,288.2,197.6,0,0.0,0.00,1.0,21.63
133,PAYMENT,1452.70,C2740620,9083.43,7630.73,M3757857,9242.78,10695.49,0,0,343.9,116.2,0,0.0,0.00,1.0,2.01
201,DEBIT,558.51,C8232522,4959.81,4401.30,C3245893,5179.76,5738.27,0,0,214.2,37.9,0,1.0,1344.56,1.0,20.58
93,CASH_IN,1090.68,C5746236,2204.81,1114.13,C6260422,27549.22,28639.90,0,0,172.3,47.2,0,0.0,0.00,1.0,20.80
36,TRANSFER,373.35,C6687938,1490.25,1116.90,C9421086,11531.06,11904.41,0,0,166.5,132.6,1,0.0,0.00,1.0,1.93
494,TRANSFER,365.45,C1345723,2366.24,2000.78,C7323975,15148.57,15514.03,0,0,148.0,189.7,0,0.0,0.00,1.0,3.43
488,PAYMENT,347.78,C1139676,733.46,385.68,M7540010,37239.76,37587.54,0,0,186.3,75.7,0,0.0,0.00,1.0,22.92
117,TRANSFER,845.89,C9882167,3821.64,2975.75,C1938972,47867.30,48713.19,0,0,298.9,30.3,0,0.0,0.00,1.0,9.22
152,PAYMENT,328.10,C2797799,1691.47,1363.37,M6841076,14176.74,14504.84,0,0,310.3,195.7,1,0.0,0.00,1.0,20.87
444,CASH_IN,120.98,C9392416,722.76,601.78,C4900787,30598.75,30719.72,0,0,326.5,271.2,0,0.0,0.00,1.0,8.92
65,DEBIT,1902.59,C2718967,3534.70,1632.11,C7159869,15713.28,17615.87,0,0,60.2,329.2,0,0.0,0.00,1.0,18.75
448,TRANSFER,187.26,C1965629,405.91,218.64,C7403452,17316.17,17503.43,0,0,52.4,304.6,0,0.0,0.00,1.0,14.60
632,PAYMENT,290.87,C4779517,2227.85,1936.98,M6717706,38795.24,39086.11,0,0,343.2,172.6,0,0.0,0.00,1.0,23.23
110,PAYMENT,116.96,C6467778,976.07,859.10,M9152387,10800.68,10917.65,0,0,234.8,115.2,0,0.0,0.00,1.0,22.54
492,CASH_IN,893.01,C4989686,1754.86,861.86,C5557901,39984.43,40877.43,0,0,186.3,151.0,0,0.0,0.00,1.0,22.50
184,TRANSFER,11943.14,C3227761,60603.62,48660.48,C7521205,30370.84,42313.98,0,0,321.5,150.1,1,0.0,0.00,1.0,20.83
396,DEBIT,744.84,C1961676,2845.31,2100.47,C7177082,31575.74,32320.58,0,0,52.1,310.9,1,1.0,598.47,1.0,7.73
587,CASH_IN,508.72,C5196927,2894.87,2386.15,C7861408,19612.03,20120.74,0,0,357.6,123.7,0,0.0,0.00,1.0,23.10
615,TRANSFER,581.10,C7422050,1899.30,1318.20,C3408497,27336.88,27917.98,0,0,56.5,155.1,0,0.0,0.00,1.0,12.51
178,PAYMENT,203.06,C7967859,393.61,190.55,M9758311,34781.03,34984.09,0,0,298.3,318.7,0,0.0,0.00,1.0,14.53
394,TRANSFER,1492.22,C5522970,4103.63,2611.41,C3352922,40922.35,42414.57,0,0,285.8,137.1,0,2.0,1632.45,1.0,16.31
462,DEBIT,211.28,C7903672,1328.45,1117.18,C5464042,11708.36,11919.64,0,0,118.6,174.0,0,0.0,0.00,1.0,19.30
163,TRANSFER,939.02,C3141434,7629.98,6690.96,C8713023,5380.21,6319.23,0,0,170.5,215.5,1,1.0,620.50,1.0,7.06
633,DEBIT,398.38,C8979514,3514.34,3115.96,C3068000,44760.19,45158.57,0,0,31.4,261.9,0,0.0,0.00,1.0,18.83
74,CASH_OUT,29367.76,C2282132,34359.83,0.00,C4396491,0.00,29367.76,1,0,1.5,0.1,1,11.0,457730.14,9.0,49.05
572,PAYMENT,438.13,C7676402,1743.28,1305.15,M8830562,12171.82,12609.96,0,0,49.0,241.9,0,0.0,0.00,1.0,17.90
88,TRANSFER,251.97,C4194334,1841.95,1589.98,C3692690,48109.75,48361.72,0,0,121.5,34.8,0,0.0,0.00,1.0,4.45
227,DEBIT,1162.71,C9353585,1969.05,806.34,C2456785,5295.40,6458.11,0,0,171.9,79.3,1,1.0,904.92,1.0,19.51
397,TRANSFER,2044.20,C9737590,10068.49,8024.29,C3207981,23903.09,25947.29,0,0,100.0,130.2,0,0.0,0.00,1.0,14.45
181,PAYMENT,248.45,C8115226,1803.48,1555.03,M8285234,1280.70,1529.15,0,0,172.4,249.5,0,1.0,900.44,1.0,13.63
691,DEBIT,1267.07,C3992454,9551.31,8284.24,C6913166,29838.43,31105.49,0,0,105.2,168.4,0,0.0,0.00,1.0,12.69
686,CASH_OUT,85296.89,C2069907,101191.20,0.00,C9678751,0.00,85296.89,1,0,205.6,0.8,1,3.0,255890.67,4.0,74.81
588,TRANSFER,656.09,C1921947,4425.43,3769.34,C1009343,40160.07,40816.16,0,0,46.2,159.3,1,0.0,0.00,1.0,1.19
207,CASH_IN,282.13,C5213644,1988.86,1706.73,C4319104,35888.55,36170.68,0,0,48.6,321.6,0,1.0,709.71,1.0,14.71
567,TRANSFER,141.10,C6610722,430.09,289.00,C9273729,27935.00,28076.09,0,0,95.0,306.8,0,0.0,0.00,1.0,19.79
216,CASH_OUT,242722.67,C2260756,260197.05,0.00,C3320696,0.00,242722.67,1,1,364.6,2.0,1,2.0,485445.35,1.0,86.20
483,CASH_OUT,47610.76,C1915226,54514.13,0.00,C5548057,0.00,47610.76,1,0,5.3,6.3,1,14.0,285083.21,6.0,48.07
644,TRANSFER,638.48,C6636046,1629.57,991.09,C6557179,39278.42,39916.89,0,0,104.1,258.8,0,0.0,0.00,1.0,21.36
681,TRANSFER,227.47,C3393901,2117.64,1890.17,C9363148,33017.67,33245.13,0,0,310.8,219.6,0,0.0,0.00,1.0,19.79
710,TRANSFER,51036.91,C4826996,55677.37,0.00,C9435152,0.00,51036.91,1,0,2.8,2.9,1,5.0,255184.55,2.0,14.75
230,DEBIT,1281.28,C5409769,12385.56,11104.28,C5161654,40962.98,42244.26,0,0,329.2,33.7,0,1.0,914.34,1.0,3.75
207,PAYMENT,781.71,C7211995,3720.33,2938.63,M4271988,46921.04,47702.75,0,0,135.7,31.3,0,0.0,0.00,1.0,4.76
398,CASH_OUT,29244.94,C8834007,34643.58,0.00,C9733528,0.00,29244.94,1,0,255.8,1.6,1,1.0,29244.94,1.0,66.27
82,DEBIT,1685.08,C4269719,10477.84,8792.75,C9888763,24644.82,26329.90,0,0,92.8,31.5,1,0.0,0.00,1.0,10.08
258,PAYMENT,628.70,C3766200,1945.21,1316.51,M7202752,48162.80,48791.50,0,0,345.9,124.8,0,0.0,0.00,1.0,10.78
589,CASH_IN,382.45,C6098268,1002.95,620.50,C9497989,25710.69,26093.14,0,0,119.2,198.2,0,0.0,0.00,1.0,5.63
597,CASH_IN,142.95,C3272130,706.06,563.11,C8975304,27600.04,27742.99,0,0,335.4,158.0,0,0.0,0.00,1.0,20.67
563,DEBIT,176.28,C4874617,863.90,687.62,C3512823,30442.24,30618.52,0,0,124.9,303.7,0,0.0,0.00,1.0,20.39
514,TRANSFER,279.24,C9170643,940.75,661.52,C6204160,26620.47,26899.70,0,0,48.8,67.7,0,0.0,0.00,1.0,2.95
86,TRANSFER,26778.40,C4065822,28235.78,0.00,C2359230,0.00,26778.40,1,0,251.9,0.5,1,1.0,26778.40,1.0,65.39
515,PAYMENT,94.37,C3989612,712.22,617.86,M2061793,11159.74,11254.10,0,0,118.1,225.1,0,2.0,1769.61,1.0,15.98
320,DEBIT,808.31,C5923484,2998.26,2189.95,C6482672,44812.81,45621.12,0,0,48.1,67.6,0,1.0,730.37,1.0,19.44
567,CASH_OUT,127370.55,C5799190,141659.46,0.00,C2627300,0.00,127370.55,1,0,0.7,4.7,1,5.0,636852.74,4.0,6.17
313,CASH_OUT,95893.63,C6093459,111773.10,0.00,C4147168,0.00,95893.63,1,0,358.4,0.2,1,3.0,287680.90,1.0,70.82
108,DEBIT,233.01,C2640727,1425.08,1192.07,C8225418,45461.55,45694.57,0,0,257.4,237.9,0,0.0,0.00,1.0,21.62
411,TRANSFER,78041.59,C2993327,91765.60,0.00,C9717096,0.00,78041.59,1,0,4.1,2.0,1,12.0,428689.41,6.0,77.70
595,CASH_IN,522.41,C6279862,1316.09,793.68,C6827400,40388.06,40910.47,0,0,187.1,118.9,0,0.0,0.00,1.0,6.80
572,TRANSFER,1931.36,C6159490,17409.79,15478.43,C8676350,28321.78,30253.14,0,0,66.4,255.2,0,0.0,0.00,1.0,19.22
553,CASH_OUT,208910.88,C7405503,220965.71,0.00,C9775167,0.00,208910.88,1,1,251.3,2.2,1,1.0,208910.88,1.0,74.82
188,CASH_IN,431.28,C2960647,2541.31,2110.02,C2227097,20235.13,20666.41,0,0,241.5,237.7,0,0.0,0.00,1.0,23.95
608,CASH_IN,4077.33,C7123291,21046.32,16968.99,C9685873,46737.16,50814.49,0,0,118.6,267.5,0,0.0,0.00,1.0,7.93
588,DEBIT,1218.53,C5697728,4339.44,3120.91,C1183795,35827.39,37045.92,0,0,200.3,290.8,0,1.0,1044.95,1.0,19.98
687,DEBIT,2129.19,C3075660,12127.34,9998.15,C4399839,46843.31,48972.50,0,0,252.7,41.3,0,0.0,0.00,1.0,15.97
332,TRANSFER,874.01,C2178683,8703.39,7829.38,C8768642,26580.83,27454.84,0,0,332.0,230.6,0,1.0,790.80,1.0,20.29
207,CASH_OUT,26803.06,C4930217,29582.36,0.00,C5101424,0.00,26803.06,1,0,252.5,0.2,1,1.0,26803.06,1.0,86.15
122,CASH_IN,972.00,C3669996,8462.05,7490.05,C3954898,48236.55,49208.55,0,0,89.0,94.6,1,0.0,0.00,1.0,6.24
59,CASH_IN,3986.71,C6029011,15650.58,11663.86,C8243105,30586.56,34573.27,0,0,82.8,349.2,0,0.0,0.00,1.0,17.71
567,DEBIT,343.56,C7347196,1825.70,1482.14,C3281064,18550.81,18894.37,0,0,306.8,332.3,0,0.0,0.00,1.0,10.05
482,TRANSFER,30606.47,C3068899,32840.24,0.00,C8847799,0.00,30606.47,1,0,6.3,0.8,1,16.0,182501.83,4.0,76.10
285,TRANSFER,154.56,C2429622,648.68,494.12,C2940260,36982.70,37137.26,0,0,150.2,40.8,1,0.0,0.00,1.0,22.42
92,TRANSFER,417.53,C1426462,3947.80,3530.28,C4731680,4171.33,4588.85,0,0,121.1,250.6,0,0.0,0.00,1.0,10.41
205,CASH_IN,4393.13,C4282347,15188.02,10794.88,C2996608,14122.52,18515.66,0,0,240.6,199.4,0,0.0,0.00,1.0,7.55
61,TRANSFER,587.42,C3591850,5367.40,4779.98,C4760460,21636.21,22223.62,0,0,291.0,71.2,0,0.0,0.00,1.0,8.88
448,TRANSFER,528.19,C2087313,5120.83,4592.64,C8846877,5953.24,6481.44,0,0,115.6,271.7,0,1.0,484.85,1.0,17.42
328,TRANSFER,536.73,C8764485,5168.87,4632.14,C1745869,15829.84,16366.57,0,0,194.3,34.3,0,0.0,0.00,1.0,19.62
615,CASH_IN,204.77,C2760604,703.77,499.00,C6915749,37674.19,37878.96,0,0,251.0,40.4,0,0.0,0.00,1.0,24.21
713,CASH_IN,1194.31,C1995785,3755.72,2561.40,C3801978,35460.65,36654.97,0,0,156.1,110.7,0,0.0,0.00,1.0,12.97
646,CASH_OUT,208361.29,C5514619,238855.71,0.00,C6313702,0.00,208361.29,1,1,4.2,6.5,1,4.0,833445.18,1.0,5.96
378,DEBIT,198.13,C8916681,1289.63,1091.50,C3135840,27682.22,27880.34,0,0,55.6,340.1,0,0.0,0.00,1.0,14.43
688,CASH_IN,1660.23,C9315820,7777.31,6117.08,C8344555,2249.82,3910.05,0,0,309.4,171.3,0,0.0,0.00,1.0,5.33
229,PAYMENT,788.05,C9265512,5685.44,4897.39,M4893125,7920.37,8708.42,0,0,152.7,108.5,0,0.0,0.00,1.0,23.97
536,DEBIT,381.92,C9049438,879.39,497.47,C6513568,33390.82,33772.74,0,0,105.3,112.9,0,0.0,0.00,1.0,2.78
661,DEBIT,648.69,C3163478,1925.46,1276.77,C5051090,40009.40,40658.08,0,0,125.9,54.2,0,0.0,0.00,1.0,7.88
568,TRANSFER,914.97,C7630472,4186.12,3271.15,C5679636,19340.15,20255.11,0,0,122.5,316.2,0,0.0,0.00,1.0,6.06
492,PAYMENT,1206.76,C2213511,6170.23,4963.47,M5483730,32633.86,33840.62,0,0,166.2,68.9,1,0.0,0.00,1.0,20.87
327,PAYMENT,1919.21,C9699946,8801.40,6882.18,M7019872,22203.79,24123.00,0,0,129.2,139.1,1,0.0,0.00,1.0,6.22
471,DEBIT,400.54,C8674587,2474.60,2074.06,C1694706,33850.77,34251.31,0,0,218.3,341.1,0,0.0,0.00,1.0,15.44
123,CASH_OUT,57267.90,C2370170,60878.16,0.00,C4188625,0.00,57267.90,1,0,1.2,3.5,1,11.0,314927.47,5.0,68.93
34,PAYMENT,102.96,C9463423,228.54,125.58,M3164410,39523.33,39626.29,0,0,227.9,239.4,0,0.0,0.00,1.0,8.15
231,TRANSFER,985.49,C4169559,3001.08,2015.59,C8029312,48746.78,49732.26,0,0,255.3,295.1,0,0.0,0.00,1.0,3.00
180,DEBIT,813.61,C4263873,7179.86,6366.24,C5311305,45324.21,46137.82,0,0,322.1,230.9,1,0.0,0.00,1.0,16.69
65,PAYMENT,463.84,C4175207,1984.53,1520.69,M7454203,14693.33,15157.17,0,0,33.7,260.2,0,0.0,0.00,1.0,19.23
80,PAYMENT,439.25,C5627419,1189.20,749.95,M2110981,34175.97,34615.21,0,0,111.1,358.2,1,1.0,1028.68,1.0,4.88
512,PAYMENT,1986.13,C6849129,4822.99,2836.85,M2253927,34564.64,36550.77,0,0,91.9,118.9,0,0.0,0.00,1.0,23.29
255,TRANSFER,107933.80,C7663551,112905.24,0.00,C7758195,0.00,107933.80,1,0,3.1,3.0,1,1.0,107933.80,2.0,7.83
587,PAYMENT,260.79,C2905890,469.60,208.81,M8886864,45302.58,45563.37,0,0,228.1,331.9,0,0.0,0.00,1.0,15.71
405,PAYMENT,3022.95,C2647611,11352.44,8329.48,M7475810,9509.02,12531.98,0,0,217.0,350.7,0,0.0,0.00,1.0,17.77
230,TRANSFER,3079.96,C8571436,29004.96,25925.00,C6295609,41399.29,44479.24,0,0,229.5,87.3,0,1.0,371.28,1.0,0.72
618,PAYMENT,2588.86,C4781136,23328.74,20739.88,M8091165,36415.31,39004.17,0,0,125.8,118.3,0,0.0,0.00,1.0,15.43
491,PAYMENT,4665.46,C9026762,35097.15,30431.69,M9609717,40249.01,44914.48,0,0,203.5,159.7,0,0.0,0.00,1.0,17.23
643,CASH_IN,1173.88,C8477440,6830.06,5656.18,C7311588,21327.30,22501.18,0,0,301.4,138.5,0,0.0,0.00,1.0,4.04
189,DEBIT,438.84,C8554990,2895.44,2456.60,C1158165,11441.45,11880.30,0,0,177.0,193.9,0,1.0,966.87,1.0,24.47
372,CASH_IN,482.34,C3881466,4268.30,3785.96,C4578140,3392.17,3874.51,0,0,168.0,185.8,0,1.0,1388.21,1.0,22.77
187,DEBIT,490.88,C6111221,2829.58,2338.70,C4182907,11110.85,11601.73,0,0,284.7,250.4,0,0.0,0.00,1.0,10.20
40,TRANSFER,598.87,C3789710,1495.35,896.48,C6329478,33073.53,33672.40,0,0,216.6,129.3,0,0.0,0.00,1.0,23.73
227,CASH_IN,352.72,C3288797,2360.29,2007.58,C2570165,931.94,1284.65,0,0,30.3,84.2,1,0.0,0.00,1.0,13.71
374,TRANSFER,15212.66,C8982196,15510.68,0.00,C7619281,0.00,15212.66,1,0,238.2,1.9,1,1.0,15212.66,1.0,70.78
170,TRANSFER,32479.05,C8972643,36819.52,0.00,C2605512,0.00,32479.05,1,0,6.4,3.6,1,12.0,497759.50,6.0,54.07
274,PAYMENT,509.59,C9811525,1468.40,958.80,M6809341,25469.33,25978.93,0,0,258.0,161.9,0,0.0,0.00,1.0,21.28
538,DEBIT,307.27,C8389429,796.69,489.42,C7964555,30847.72,31154.99,0,0,330.0,211.8,0,0.0,0.00,1.0,16.61
540,TRANSFER,68.46,C9443368,149.08,80.62,C1824027,7881.70,7950.17,0,0,161.9,310.0,0,0.0,0.00,1.0,6.31
283,DEBIT,838.88,C8399932,3944.41,3105.52,C7918192,26215.10,27053.98,0,0,318.1,151.5,0,0.0,0.00,1.0,11.59
400,TRANSFER,434.34,C7919567,3047.93,2613.59,C5328150,3926.32,4360.67,0,0,231.8,318.0,0,0.0,0.00,1.0,3.28
136,PAYMENT,543.81,C8503421,1963.36,1419.56,M7458253,14737.71,15281.51,0,0,142.7,116.9,0,0.0,0.00,1.0,10.26
185,CASH_IN,349.28,C3815575,2741.92,2392.64,C9945226,3181.58,3530.86,0,0,176.3,282.6,0,0.0,0.00,1.0,1.45
419,PAYMENT,638.66,C2662931,5440.63,4801.97,M6325855,37039.42,37678.08,0,0,281.9,200.3,0,2.0,522.13,1.0,14.55
669,TRANSFER,2581.29,C6835838,20484.13,17902.84,C2234604,37018.90,39600.19,0,0,144.1,302.1,0,0.0,0.00,1.0,5.14
109,DEBIT,382.60,C6805735,829.38,446.78,C9227903,25077.25,25459.85,0,0,259.9,102.3,0,0.0,0.00,1.0,21.86
597,PAYMENT,2788.38,C5167991,9796.41,7008.03,M5692485,24583.91,27372.30,0,0,354.4,133.6,0,1.0,1167.34,1.0,23.84
210,DEBIT,1361.56,C5758527,7395.08,6033.52,C3957327,39047.17,40408.74,0,0,295.3,271.4,0,1.0,1210.78,1.0,4.76
179,DEBIT,197.91,C2799866,1094.58,896.67,C7971267,2620.17,2818.08,0,0,126.0,84.4,0,0.0,0.00,1.0,13.31
185,DEBIT,223.21,C4183343,1259.99,1036.78,C7450144,13544.89,13768.10,0,0,125.0,65.6,1,2.0,1584.98,1.0,13.34
420,CASH_IN,461.73,C8905731,2826.56,2364.83,C7518108,14413.29,14875.02,0,0,284.9,160.7,0,0.0,0.00,1.0,19.54
62,TRANSFER,975.56,C2229996,6117.11,5141.55,C3018767,34217.07,35192.63,0,0,100.6,131.8,0,0.0,0.00,1.0,5.49
66,TRANSFER,1441.50,C2669948,6071.87,4630.37,C2362158,16056.68,17498.18,0,0,76.4,241.0,0,0.0,0.00,1.0,4.92
675,PAYMENT,6877.40,C2833935,13970.91,7093.51,M8040277,17715.44,24592.84,0,0,35.2,33.4,0,0.0,0.00,1.0,13.33
113,CASH_IN,1300.75,C2139237,6456.07,5155.32,C7793035,15388.92,16689.67,0,0,228.3,240.1,0,0.0,0.00,1.0,11.00
74,TRANSFER,153965.70,C6438730,169414.61,0.00,C7104549,0.00,153965.70,1,0,5.0,2.6,1,1.0,153965.70,1.0,7.90
82,CASH_IN,318.09,C8764699,1246.92,928.83,C8109817,48072.90,48390.99,0,0,342.9,248.5,1,1.0,678.93,1.0,6.12
674,CASH_OUT,45752.04,C4906869,47843.52,0.00,C3647758,0.00,45752.04,1,0,5.3,2.2,1,17.0,396837.41,4.0,60.89
611,TRANSFER,462.79,C4251572,1337.55,874.76,C9860054,27625.23,28088.02,0,0,89.2,111.7,0,0.0,0.00,1.0,3.09
381,CASH_IN,1584.57,C8650160,12199.41,10614.84,C9817539,43819.36,45403.93,0,0,325.0,78.0,0,0.0,0.00,1.0,16.58
544,TRANSFER,1004.92,C6779574,5779.79,4774.87,C5989025,49378.91,50383.83,0,0,34.3,92.9,0,0.0,0.00,1.0,13.14
683,DEBIT,236.28,C8639675,1911.52,1675.24,C5375402,28920.22,29156.50,0,0,171.2,297.3,0,0.0,0.00,1.0,2.57
203,DEBIT,261.96,C8878950,417.02,155.06,C9747226,11449.25,11711.21,0,0,122.2,364.1,1,1.0,1431.58,1.0,1.47
309,PAYMENT,296.41,C6275413,1857.72,1561.31,M8909133,8873.21,9169.62,0,0,220.9,165.6,1,1.0,220.39,1.0,22.46
111,DEBIT,2797.91,C3000960,12489.93,9692.02,C2678277,801.28,3599.19,0,0,256.2,100.5,1,0.0,0.00,1.0,14.24
517,CASH_OUT,15774.92,C3229546,16883.59,0.00,C4896636,0.00,15774.92,1,0,196.0,1.3,1,1.0,15774.92,1.0,71.45
252,DEBIT,4474.08,C5606467,39409.02,34934.94,C2699145,7554.56,12028.64,0,0,73.0,318.0,1,0.0,0.00,1.0,24.82
259,PAYMENT,402.64,C7228258,755.34,352.70,M9163467,41515.93,41918.58,0,0,157.9,327.5,0,0.0,0.00,1.0,14.75
682,DEBIT,559.21,C6468734,5385.42,4826.20,C9694843,20711.79,21271.00,0,0,182.1,64.1,0,1.0,1012.09,1.0,24.62
330,PAYMENT,674.45,C1956240,1214.89,540.44,M5768450,12300.77,12975.22,0,0,321.2,240.7,0,1.0,1295.19,1.0,21.73
355,CASH_IN,810.84,C5569141,2715.83,1904.99,C3465509,30679.00,31489.85,0,0,360.8,178.1,0,1.0,553.02,1.0,13.28
158,PAYMENT,297.10,C3935899,939.90,642.79,M8447686,34863.51,35160.62,0,0,274.3,133.7,0,1.0,901.06,1.0,15.43
375,PAYMENT,1081.54,C7624909,2148.60,1067.06,M3806511,21325.57,22407.11,0,0,89.7,165.8,0,2.0,801.62,1.0,11.30
710,PAYMENT,2177.96,C1482575,11012.23,8834.27,M4774394,2115.87,4293.83,0,0,362.0,84.2,0,1.0,263.54,1.0,18.85
123,PAYMENT,573.57,C5162737,1628.28,1054.71,M5324460,25985.90,26559.46,0,0,167.8,275.5,0,1.0,302.97,1.0,23.90
666,TRANSFER,56.55,C2803667,136.34,79.80,C9792899,41281.30,41337.85,0,0,121.3,349.6,0,0.0,0.00,1.0,15.77
351,CASH_OUT,328139.95,C8943499,348230.21,0.00,C5246670,0.00,328139.95,1,1,4.5,0.2,1,3.0,984419.85,4.0,20.91
470,CASH_IN,901.43,C9309821,2667.71,1766.28,C5149313,40056.36,40957.79,0,0,275.1,224.3,1,1.0,592.85,1.0,3.91
464,CASH_IN,264.49,C8316519,780.49,516.00,C8342124,21760.91,22025.41,0,0,239.3,221.2,0,0.0,0.00,1.0,15.65
110,TRANSFER,21954.60,C9640738,22229.88,0.00,C8351649,0.00,21954.60,1,0,151.5,0.4,1,1.0,21954.60,1.0,94.22
49,TRANSFER,167919.00,C9083404,178019.73,0.00,C2218203,0.00,167919.00,1,0,327.4,4.2,1,1.0,167919.00,4.0,75.82
448,PAYMENT,709.93,C3587279,4979.78,4269.85,M5178740,9704.22,10414.15,0,0,151.1,113.3,0,0.0,0.00,1.0,20.52
348,TRANSFER,402.04,C5801429,1743.21,1341.18,C3961150,12659.86,13061.90,0,0,308.2,246.4,0,0.0,0.00,1.0,11.36
136,CASH_IN,1798.94,C7355298,5271.63,3472.69,C7873338,14677.11,16476.05,0,0,182.3,57.8,0,0.0,0.00,1.0,8.51
253,TRANSFER,18163.29,C5089300,20715.48,0.00,C8379831,0.00,18163.29,1,0,216.1,1.8,1,1.0,18163.29,1.0,91.78
327,DEBIT,621.11,C8839841,4520.57,3899.46,C3487949,41940.49,42561.60,0,0,118.8,236.4,0,0.0,0.00,1.0,13.71
517,TRANSFER,3625.59,C2337686,35575.66,31950.07,C9913259,39350.65,42976.24,0,0,201.8,93.0,0,0.0,0.00,1.0,13.88
429,DEBIT,163.51,C2487078,485.27,321.76,C9393408,30755.13,30918.64,0,0,214.5,165.7,0,0.0,0.00,1.0,6.00
330,TRANSFER,3642.71,C7082734,16995.54,13352.84,C1679894,25690.97,29333.68,0,0,196.6,362.7,0,1.0,1271.63,1.0,16.44
157,PAYMENT,2858.84,C2396810,6126.44,3267.60,M2644064,41000.00,43858.84,0,0,60.9,211.8,0,0.0,0.00,1.0,1.18
420,PAYMENT,285.71,C9524268,2248.74,1963.03,M6662347,38461.28,38746.99,0,0,263.6,348.4,0,1.0,588.91,1.0,11.30
374,CASH_OUT,20647.76,C8339084,24538.05,0.00,C9887432,0.00,20647.76,1,0,183.9,0.9,1,1.0,20647.76,1.0,88.66
522,DEBIT,811.08,C1950300,5704.84,4893.77,C8254682,6109.62,6920.69,0,0,227.7,334.2,0,0.0,0.00,1.0,6.51
90,TRANSFER,736.44,C7236102,6330.20,5593.76,C3322786,8026.19,8762.63,0,0,235.2,113.0,0,0.0,0.00,1.0,8.98
85,CASH_IN,35.04,C8978705,91.94,56.90,C5409946,1850.80,1885.84,0,0,180.8,72.8,0,0.0,0.00,1.0,21.43
520,PAYMENT,1082.39,C8629439,6356.92,5274.53,M5300946,27042.27,28124.66,0,0,216.1,210.3,0,1.0,330.60,1.0,5.61
250,TRANSFER,237.67,C3146168,1882.22,1644.55,C3978542,42479.29,42716.96,0,0,193.0,40.4,0,0.0,0.00,1.0,15.53
261,PAYMENT,923.05,C3464372,3485.65,2562.60,M4706421,2624.71,3547.76,0,0,266.3,82.8,0,0.0,0.00,1.0,24.87
227,TRANSFER,8631.82,C1230858,70793.59,62161.77,C4859150,12870.75,21502.57,0,0,169.0,296.1,1,0.0,0.00,1.0,16.26
516,TRANSFER,1792.79,C5888694,15451.09,13658.29,C8018339,48022.90,49815.69,0,0,187.1,137.7,0,0.0,0.00,1.0,24.81
279,TRANSFER,113.44,C1795067,893.03,779.58,C8429832,1162.99,1276.43,0,0,199.3,35.8,1,0.0,0.00,1.0,10.20
187,CASH_IN,1014.39,C1479255,9265.69,8251.30,C1905906,364.32,1378.71,0,0,56.8,45.8,0,1.0,1379.62,1.0,4.21
375,CASH_IN,1144.91,C4815991,8069.68,6924.77,C7137522,14558.23,15703.14,0,0,104.3,183.3,0,0.0,0.00,1.0,23.70
636,PAYMENT,395.65,C7609110,2047.30,1651.65,M2735915,17965.51,18361.16,0,0,94.8,313.5,1,0.0,0.00,1.0,13.24
581,TRANSFER,635.87,C7813541,3110.35,2474.48,C8270244,17134.46,17770.32,0,0,328.2,257.6,0,0.0,0.00,1.0,3.21
60,PAYMENT,177.44,C1735365,347.47,170.04,M7806418,1318.33,1495.77,0,0,40.8,165.0,0,0.0,0.00,1.0,1.19
131,DEBIT,1111.86,C8714275,9211.08,8099.21,C5998438,42294.14,43406.00,0,0,53.0,294.8,0,0.0,0.00,1.0,9.04
470,TRANSFER,2085.38,C6616567,5324.85,3239.47,C7344465,34978.37,37063.75,0,0,180.4,356.5,0,0.0,0.00,1.0,5.39
226,DEBIT,460.95,C5673279,4432.12,3971.17,C5274684,43543.71,44004.66,0,0,103.3,295.4,0,0.0,0.00,1.0,5.88
180,PAYMENT,8421.18,C7629854,20082.60,11661.41,M7989463,1434.45,9855.63,0,0,238.3,237.0,1,0.0,0.00,1.0,4.99
37,DEBIT,4679.68,C2532218,34662.67,29983.00,C9823755,18228.96,22908.64,0,0,291.0,238.1,0,1.0,205.39,1.0,20.67
42,TRANSFER,380.94,C9892202,2298.51,1917.56,C7909869,19754.62,20135.57,0,0,187.4,208.9,0,0.0,0.00,1.0,0.23
398,CASH_OUT,21056.37,C5679737,23036.67,0.00,C8164699,0.00,21056.37,1,0,107.5,1.3,1,1.0,21056.37,1.0,79.58
450,DEBIT,642.64,C8970638,2612.07,1969.43,C5426830,24399.73,25042.38,0,0,202.7,56.9,0,0.0,0.00,1.0,5.48
25,CASH_OUT,70602.04,C8738327,74921.53,0.00,C8439233,0.00,70602.04,1,0,3.6,3.1,1,14.0,308111.74,7.0,82.00
206,TRANSFER,1103.11,C9977833,7134.16,6031.06,C9678450,6239.86,7342.96,0,0,74.9,129.5,1,0.0,0.00,1.0,8.66
212,CASH_IN,103.73,C4179038,1024.97,921.25,C4740955,21588.02,21691.75,0,0,178.1,266.3,0,0.0,0.00,1.0,18.74
184,CASH_IN,887.14,C6127578,4382.86,3495.73,C9786899,2842.52,3729.66,0,0,336.5,347.9,0,2.0,2769.70,1.0,0.07
613,CASH_IN,507.86,C1141187,4640.36,4132.50,C8554521,39613.75,40121.61,0,0,240.5,321.2,0,0.0,0.00,1.0,14.13
84,PAYMENT,612.58,C7512498,4933.08,4320.51,M5722310,30155.12,30767.70,0,0,323.9,70.9,1,0.0,0.00,1.0,7.46
422,CASH_OUT,32955.15,C1447183,33347.29,0.00,C8166825,0.00,32955.15,1,0,195.5,0.0,1,1.0,32955.15,1.0,91.03
541,PAYMENT,356.89,C1950086,1268.99,912.10,M4219172,24991.95,25348.84,0,0,101.5,210.5,0,1.0,713.43,1.0,23.11
131,CASH_IN,2046.99,C8108555,17118.37,15071.38,C6863827,42122.95,44169.93,0,0,262.0,113.0,0,0.0,0.00,1.0,21.49
69,TRANSFER,1526.67,C4850858,13280.17,11753.50,C8089560,18224.65,19751.31,0,0,64.0,227.6,0,0.0,0.00,1.0,17.99
521,DEBIT,700.43,C6303212,3117.82,2417.38,C3311813,13892.60,14593.03,0,0,249.0,143.6,0,0.0,0.00,1.0,18.71
472,TRANSFER,286.22,C2202617,2521.89,2235.67,C9143630,28864.53,29150.75,0,0,212.5,344.4,0,0.0,0.00,1.0,23.93
105,DEBIT,457.87,C7331748,2364.65,1906.78,C3719300,10283.66,10741.53,0,0,158.6,335.9,0,0.0,0.00,1.0,19.90
692,TRANSFER,2029.14,C7476829,13271.46,11242.32,C8436137,42458.47,44487.61,0,0,98.4,291.0,0,0.0,0.00,1.0,11.54
403,PAYMENT,291.48,C4973235,906.60,615.12,M7233089,7754.18,8045.67,0,0,74.9,252.2,0,0.0,0.00,1.0,8.61
331,CASH_IN,189.94,C5103770,1468.84,1278.90,C7749771,22160.04,22349.98,0,0,340.1,173.7,0,1.0,465.85,1.0,7.82
448,PAYMENT,140.85,C8492665,1400.56,1259.70,M2751060,16194.01,16334.87,0,0,149.7,54.9,0,2.0,502.85,1.0,5.34
670,CASH_OUT,343024.26,C8254457,347689.85,0.00,C7154096,0.00,343024.26,1,1,1.7,5.1,1,4.0,1372097.04,1.0,4.36
240,CASH_OUT,154601.01,C2971386,175143.91,0.00,C5968182,0.00,154601.01,1,0,229.3,4.5,1,3.0,463803.04,1.0,84.20
417,TRANSFER,216.73,C5453658,1731.72,1514.99,C8831820,16732.10,16948.83,0,0,170.3,185.0,0,0.0,0.00,1.0,20.09
303,DEBIT,2659.89,C8790704,25970.58,23310.68,C6211252,38840.23,41500.12,0,0,256.9,319.3,0,2.0,2775.39,1.0,10.48
186,DEBIT,1440.31,C2013864,4721.69,3281.38,C3128599,21195.79,22636.10,0,0,328.8,123.3,0,2.0,1033.90,1.0,11.82
182,TRANSFER,1275.56,C9109369,9185.49,7909.93,C9113429,20894.79,22170.35,0,0,111.9,250.7,0,1.0,1413.19,1.0,1.18
193,DEBIT,1045.39,C4425948,5798.20,4752.80,C7900434,35719.74,36765.13,0,0,353.8,255.9,0,0.0,0.00,1.0,3.86
82,TRANSFER,324557.24,C8639495,332837.35,0.00,C9137263,0.00,324557.24,1,1,4.1,1.1,1,2.0,649114.48,1.0,7.78
210,DEBIT,111.20,C9942308,346.59,235.39,C4008203,5147.00,5258.20,0,0,340.3,327.4,0,0.0,0.00,1.0,18.41
470,PAYMENT,399.90,C4538161,912.02,512.12,M6924280,286.75,686.65,0,0,94.1,170.6,0,0.0,0.00,1.0,5.99
80,TRANSFER,2229.30,C5704619,7719.15,5489.85,C1727204,38899.85,41129.15,0,0,230.1,110.1,0,0.0,0.00,1.0,0.76
613,TRANSFER,12042.49,C2303497,12854.20,0.00,C3931380,0.00,12042.49,1,0,144.9,1.1,1,1.0,12042.49,1.0,71.87
128,DEBIT,211.04,C3580234,745.66,534.62,C5527223,39364.56,39575.60,0,0,204.2,59.0,0,0.0,0.00,1.0,21.94
274,CASH_IN,152.51,C5460082,1102.34,949.84,C2735567,41130.61,41283.11,0,0,56.7,131.2,0,1.0,515.98,1.0,12.66
225,TRANSFER,140.99,C2882985,1384.06,1243.07,C4336702,16075.36,16216.35,0,0,237.9,42.5,1,1.0,1104.15,1.0,2.83
492,CASH_IN,1296.03,C7100568,7606.72,6310.69,C7972230,11499.53,12795.56,0,0,41.7,247.8,0,0.0,0.00,1.0,15.52
141,PAYMENT,663.65,C5383144,3877.62,3213.97,M4435484,38691.00,39354.65,0,0,128.5,212.0,0,0.0,0.00,1.0,7.13
514,PAYMENT,843.90,C9208370,8230.02,7386.12,M5518511,36419.78,37263.69,0,0,107.3,67.3,0,0.0,0.00,1.0,4.57
81,PAYMENT,46.06,C4646064,307.45,261.39,M2843629,29550.73,29596.80,0,0,129.9,190.6,1,0.0,0.00,1.0,3.38
163,TRANSFER,663.15,C6246501,2965.79,2302.64,C4633374,17012.45,17675.60,0,0,46.2,94.4,1,0.0,0.00,1.0,16.45
611,CASH_IN,131.75,C4797398,788.26,656.51,C2944032,28187.36,28319.11,0,0,339.3,126.4,0,0.0,0.00,1.0,24.52
429,DEBIT,568.29,C2918093,3748.10,3179.81,C5561508,16797.72,17366.01,0,0,140.5,102.5,0,0.0,0.00,1.0,23.63
477,CASH_IN,1837.89,C2311278,18286.92,16449.04,C1217983,38624.96,40462.85,0,0,170.5,104.2,1,0.0,0.00,1.0,10.00
315,PAYMENT,1660.93,C3712166,7966.37,6305.44,M7831268,36088.29,37749.23,0,0,266.7,197.0,0,0.0,0.00,1.0,5.24
493,CASH_OUT,18482.75,C7318831,21768.98,0.00,C3917144,0.00,18482.75,1,0,229.3,0.9,1,1.0,18482.75,1.0,68.08
357,CASH_IN,614.17,C7025689,3226.12,2611.95,C2112715,31941.09,32555.26,0,0,330.6,324.9,0,0.0,0.00,1.0,1.26
347,TRANSFER,254.28,C7989971,392.79,138.51,C4420380,10863.98,11118.26,0,0,153.4,248.4,0,0.0,0.00,1.0,1.14
235,PAYMENT,350.93,C9508549,2038.88,1687.95,M9435627,18281.16,18632.09,0,0,174.4,124.4,0,0.0,0.00,1.0,10.36
294,DEBIT,2563.85,C5066400,22758.17,20194.32,C2115211,48120.56,50684.41,0,0,356.0,193.9,0,0.0,0.00,1.0,24.61
621,TRANSFER,3313.89,C8574910,10576.72,7262.82,C3741714,13507.04,16820.93,0,0,310.4,47.3,1,0.0,0.00,1.0,9.71
449,TRANSFER,3051.12,C6905236,9833.76,6782.63,C2634315,37339.47,40390.59,0,0,57.5,76.8,0,1.0,1024.56,1.0,21.70
153,CASH_IN,157.35,C3367095,646.36,489.01,C9898124,42314.97,42472.32,0,0,62.3,234.8,0,0.0,0.00,1.0,13.89
546,DEBIT,541.02,C5776168,4581.25,4040.23,C9983775,40665.12,41206.14,0,0,119.0,99.3,0,2.0,2598.56,1.0,7.34
299,CASH_IN,202.82,C8032934,659.78,456.96,C1376097,25211.12,25413.94,0,0,221.2,60.8,1,0.0,0.00,1.0,3.16
97,CASH_OUT,98923.10,C4841149,109218.34,0.00,C6395903,0.00,98923.10,1,0,0.6,2.2,1,11.0,493129.43,9.0,63.67
93,TRANSFER,1460.53,C5163514,10280.93,8820.41,C9122861,30743.00,32203.53,0,0,348.6,224.7,0,1.0,395.01,1.0,6.73
68,DEBIT,1602.62,C1858057,7190.22,5587.60,C8666732,42150.02,43752.64,0,0,178.5,106.1,0,0.0,0.00,1.0,15.79
640,DEBIT,767.90,C3786515,5844.19,5076.29,C5771911,28911.79,29679.69,0,0,193.3,150.2,0,0.0,0.00,1.0,12.21
712,PAYMENT,269.47,C1851795,1659.14,1389.66,M3178894,29667.63,29937.10,0,0,173.0,331.9,1,0.0,0.00,1.0,19.03
227,TRANSFER,2563.57,C1422579,4980.73,2417.16,C9989403,22735.54,25299.11,0,0,318.5,292.9,0,0.0,0.00,1.0,8.57
512,TRANSFER,693.78,C7301581,2107.86,1414.08,C8380682,42912.81,43606.59,0,0,150.2,170.5,0,0.0,0.00,1.0,5.25
284,TRANSFER,162.49,C9679310,406.94,244.45,C9084108,41839.09,42001.58,0,0,251.0,324.5,0,0.0,0.00,1.0,1.81
663,PAYMENT,77.65,C8404078,650.30,572.66,M2742555,18129.37,18207.02,0,0,250.0,314.0,0,1.0,1183.99,1.0,23.23
526,TRANSFER,136123.90,C6214118,147680.25,0.00,C8430823,0.00,136123.90,1,0,3.5,6.4,1,1.0,136123.90,1.0,9.57
714,TRANSFER,6038.36,C3614092,30262.62,24224.25,C9925643,45152.77,51191.13,0,0,303.1,133.9,0,0.0,0.00,1.0,12.51
228,PAYMENT,683.16,C2374130,2824.85,2141.69,M1051294,37989.65,38672.81,0,0,106.2,201.6,0,0.0,0.00,1.0,2.49
608,PAYMENT,385.94,C2030004,2618.42,2232.48,M4754134,28407.62,28793.56,0,0,251.3,361.4,0,0.0,0.00,1.0,9.42
494,CASH_OUT,30481.26,C7039506,36330.42,0.00,C3714517,0.00,30481.26,1,0,190.1,0.5,1,1.0,30481.26,1.0,72.14
274,TRANSFER,3736.67,C3697901,24065.73,20329.05,C9305219,21527.98,25264.65,0,0,109.4,134.8,0,0.0,0.00,1.0,16.37
351,TRANSFER,255.59,C1623492,705.44,449.85,C5675839,46775.21,47030.80,0,0,270.1,334.8,0,0.0,0.00,1.0,12.83
57,TRANSFER,633.01,C6311309,5009.57,4376.56,C6566119,691.99,1325.00,0,0,193.8,89.6,0,0.0,0.00,1.0,2.73
182,CASH_IN,754.91,C4393647,4384.48,3629.57,C8905883,17145.61,17900.52,0,0,192.9,288.6,0,0.0,0.00,1.0,3.11
463,TRANSFER,141.28,C3037577,242.52,101.24,C7289564,178.40,319.68,0,0,177.1,179.8,0,0.0,0.00,1.0,10.81
278,CASH_IN,890.80,C4254964,8518.83,7628.04,C1295886,2334.56,3225.36,0,0,95.2,239.6,0,0.0,0.00,1.0,21.70
392,DEBIT,6502.04,C6200319,48400.15,41898.10,C4152989,31972.86,38474.90,0,0,335.8,41.4,0,0.0,0.00,1.0,11.04
37,PAYMENT,106.19,C6686718,450.26,344.07,M2361155,38666.16,38772.35,0,0,133.8,257.1,0,0.0,0.00,1.0,5.51
162,TRANSFER,4861.81,C7445850,33141.58,28279.77,C8630982,32649.32,37511.13,0,0,214.0,108.1,1,0.0,0.00,1.0,8.06
159,PAYMENT,838.93,C7022565,6513.76,5674.82,M2009892,24521.57,25360.51,0,0,272.9,282.8,0,0.0,0.00,1.0,23.63
261,CASH_IN,620.94,C2498993,2461.81,1840.87,C8963858,38215.04,38835.97,0,0,177.1,82.0,0,0.0,0.00,1.0,3.64
306,DEBIT,40.97,C7324418,319.22,278.24,C3858903,33741.09,33782.07,0,0,278.3,255.7,0,0.0,0.00,1.0,8.71
501,CASH_IN,3058.22,C6497273,18063.62,15005.40,C8086428,9971.05,13029.27,0,0,326.9,303.1,0,1.0,1369.78,1.0,5.74
613,CASH_IN,1013.79,C9678376,5540.48,4526.69,C1973266,46668.61,47682.40,0,0,323.3,107.0,0,0.0,0.00,1.0,23.61
713,PAYMENT,440.17,C5375762,3370.40,2930.23,M2932002,32225.14,32665.31,0,0,319.1,359.4,0,0.0,0.00,1.0,6.74
181,CASH_OUT,158361.71,C1423804,172720.53,0.00,C1582792,0.00,158361.71,1,0,352.5,3.1,1,2.0,316723.41,1.0,85.21
568,PAYMENT,286.22,C3926211,2337.79,2051.57,M1649509,32774.60,33060.83,0,0,269.7,277.6,1,0.0,0.00,1.0,9.94
523,CASH_IN,2297.18,C3571667,12623.92,10326.74,C9395512,9167.02,11464.20,0,0,59.9,315.2,0,0.0,0.00,1.0,3.59
211,CASH_IN,529.63,C1808650,1365.17,835.54,C8916141,10604.62,11134.26,0,0,324.8,51.7,0,0.0,0.00,1.0,2.17
426,PAYMENT,635.49,C4970899,2395.14,1759.65,M8953597,43069.51,43705.00,0,0,256.7,218.6,1,0.0,0.00,1.0,5.29
400,DEBIT,788.89,C9307984,5441.13,4652.24,C6430704,887.80,1676.69,0,0,321.0,128.1,0,0.0,0.00,1.0,7.56
656,TRANSFER,256.83,C8717169,1772.09,1515.26,C4681188,26785.20,27042.03,0,0,208.7,290.2,0,1.0,1121.51,1.0,18.90
353,CASH_IN,5066.29,C5339573,40724.72,35658.43,C2937128,25705.77,30772.05,0,0,112.5,342.4,0,0.0,0.00,1.0,19.64
164,TRANSFER,672.59,C1523598,1730.29,1057.70,C2861493,12646.91,13319.50,0,0,99.0,188.5,1,0.0,0.00,1.0,1.14
283,CASH_IN,2473.75,C9031743,8737.89,6264.14,C8199937,16047.97,18521.72,0,0,138.4,108.3,1,0.0,0.00,1.0,16.87
169,TRANSFER,29666.41,C5911675,33327.76,0.00,C8195520,0.00,29666.41,1,0,0.2,6.1,1,13.0,328894.91,9.0,73.42
394,TRANSFER,618.90,C9566708,6164.66,5545.76,C9088532,41886.06,42504.96,0,0,96.8,202.2,0,1.0,444.09,1.0,24.04
578,CASH_OUT,28957.78,C4294474,32315.62,0.00,C8483250,0.00,28957.78,1,0,3.9,3.7,1,11.0,471564.19,4.0,54.69
274,CASH_IN,1087.32,C8059201,3219.07,2131.75,C9433747,10911.92,11999.23,0,0,293.0,345.3,0,0.0,0.00,1.0,20.52
68,PAYMENT,464.30,C6480456,3413.76,2949.47,M6559127,267.78,732.07,0,0,190.5,87.1,0,0.0,0.00,1.0,0.64
379,CASH_IN,481.12,C4391870,3962.12,3481.00,C2632246,2040.65,2521.77,0,0,103.0,36.0,0,1.0,379.82,1.0,2.93
68,CASH_IN,453.98,C6581881,2964.03,2510.05,C4910709,41571.39,42025.38,0,0,86.7,279.8,0,0.0,0.00,1.0,17.84
433,CASH_OUT,61990.55,C9544336,65888.33,0.00,C8982479,0.00,61990.55,1,0,1.5,0.7,1,17.0,404753.68,3.0,72.92
308,DEBIT,761.87,C9799071,1839.12,1077.25,C2110124,39815.65,40577.52,0,0,171.5,270.6,1,2.0,2342.08,1.0,20.72
43,TRANSFER,1369.04,C5378618,3838.68,2469.64,C5899892,29983.20,31352.24,0,0,336.8,220.1,0,0.0,0.00,1.0,24.22
589,DEBIT,1832.65,C1297380,5300.16,3467.50,C7306662,17196.26,19028.91,0,0,240.6,113.2,0,0.0,0.00,1.0,0.22
208,DEBIT,3884.81,C4448978,37258.73,33373.92,C7312687,5150.19,9034.99,0,0,224.8,151.5,0,0.0,0.00,1.0,22.42
327,TRANSFER,15388.30,C5113821,16251.10,0.00,C9906845,0.00,15388.30,1,0,115.8,0.1,1,1.0,15388.30,1.0,89.68
233,TRANSFER,538.55,C7432768,3636.15,3097.59,C1257098,40660.32,41198.87,0,0,189.6,200.4,0,0.0,0.00,1.0,0.52
309,PAYMENT,392.69,C6460398,3571.68,3178.99,M4080657,42581.29,42973.98,0,0,266.4,57.8,0,0.0,0.00,1.0,15.70
664,PAYMENT,333.74,C3420774,3296.05,2962.31,M5976179,40837.86,41171.60,0,0,320.3,152.5,0,0.0,0.00,1.0,7.58
592,CASH_IN,448.29,C7008206,4419.18,3970.89,C6878180,22134.01,22582.30,0,0,342.8,127.6,0,1.0,1099.23,1.0,18.79
544,CASH_OUT,238402.59,C7289300,273308.96,0.00,C9565077,0.00,238402.59,1,1,198.5,3.5,1,3.0,715207.76,1.0,95.70
545,DEBIT,7416.71,C2716802,33129.99,25713.28,C5122189,19673.47,27090.19,0,0,44.2,193.4,0,1.0,1435.04,1.0,19.42
543,CASH_IN,1718.94,C7446231,14754.71,13035.77,C3569752,39447.11,41166.05,0,0,206.5,325.6,0,1.0,222.80,1.0,18.47
444,CASH_IN,252.15,C2259536,1740.15,1488.01,C4460638,44364.26,44616.40,0,0,274.5,354.8,0,0.0,0.00,1.0,15.49
472,PAYMENT,533.88,C9060636,5334.55,4800.66,M7820706,18024.19,18558.08,0,0,334.0,98.9,0,1.0,1323.68,1.0,6.49
520,PAYMENT,2097.53,C5859627,11257.96,9160.44,M4704190,12069.37,14166.89,0,0,213.9,299.8,1,0.0,0.00,1.0,3.02
201,TRANSFER,2057.56,C2664750,14130.55,12072.99,C8210116,7188.45,9246.01,0,0,137.6,101.5,0,0.0,0.00,1.0,23.43
324,CASH_IN,204.67,C5709998,1069.40,864.73,C9134985,42760.98,42965.65,0,0,37.4,175.4,0,0.0,0.00,1.0,23.55
328,TRANSFER,445.30,C1745488,4423.46,3978.16,C7809601,42264.68,42709.98,0,0,281.5,128.1,0,1.0,1107.65,1.0,6.97
499,CASH_IN,698.20,C7806911,1808.07,1109.87,C4888531,38319.15,39017.35,0,0,276.2,160.9,0,0.0,0.00,1.0,4.25
189,PAYMENT,2067.20,C5400784,6228.17,4160.97,M8013980,37713.87,39781.07,0,0,261.5,268.1,0,0.0,0.00,1.0,1.25
200,TRANSFER,142.49,C3278875,346.02,203.53,C9109589,36058.26,36200.75,0,0,72.5,79.1,0,0.0,0.00,1.0,24.67
226,DEBIT,346.51,C5664519,1498.35,1151.84,C7482103,38757.59,39104.11,0,0,318.1,162.8,0,0.0,0.00,1.0,10.10
185,CASH_IN,392.08,C9467509,1659.06,1266.98,C9980209,5282.20,5674.28,0,0,116.4,265.2,0,0.0,0.00,1.0,8.18
186,PAYMENT,746.81,C1665468,4095.72,3348.91,M6768160,12587.54,13334.35,0,0,97.2,286.9,0,1.0,937.62,1.0,9.17
640,CASH_IN,2487.51,C5654157,8665.58,6178.07,C1418018,22618.39,25105.90,0,0,263.9,270.0,0,1.0,1074.17,1.0,9.07
157,TRANSFER,391.40,C2608564,1587.34,1195.94,C5529057,5504.24,5895.64,0,0,39.0,51.0,0,0.0,0.00,1.0,4.70
159,CASH_OUT,113196.80,C9442420,128292.78,0.00,C8267054,0.00,113196.80,1,0,324.7,2.8,1,1.0,113196.80,4.0,75.43
661,CASH_IN,1450.44,C3311622,12741.54,11291.10,C2515719,18177.41,19627.85,0,0,318.5,304.3,0,0.0,0.00,1.0,3.91
132,TRANSFER,1114.61,C8242363,2237.05,1122.44,C4515309,20302.16,21416.76,0,0,244.7,260.3,0,0.0,0.00,1.0,19.63
596,TRANSFER,637.69,C6554663,3764.64,3126.95,C9016031,17746.33,18384.02,0,0,337.7,37.0,0,0.0,0.00,1.0,9.81
82,TRANSFER,393.77,C9918746,1175.62,781.85,C5727580,12839.89,13233.66,0,0,269.3,76.6,0,1.0,454.30,1.0,13.46
180,TRANSFER,842.43,C9171471,6732.17,5889.73,C7014994,22920.76,23763.19,0,0,117.4,87.1,1,0.0,0.00,1.0,0.68
680,TRANSFER,730.30,C1475050,6642.91,5912.62,C5506043,3115.32,3845.62,0,0,52.6,310.4,0,1.0,1478.41,1.0,14.84
303,TRANSFER,218.42,C1486043,2182.24,1963.82,C5657774,45728.04,45946.45,0,0,223.3,69.0,1,0.0,0.00,1.0,14.32
427,DEBIT,1166.07,C2960600,4492.40,3326.34,C6413831,22532.21,23698.28,0,0,331.5,161.3,0,2.0,693.94,1.0,17.64
261,DEBIT,306.67,C1191825,2170.68,1864.01,C7729146,30710.05,31016.73,0,0,135.6,73.2,0,0.0,0.00,1.0,21.24
669,PAYMENT,1408.55,C5291685,6239.91,4831.36,M6333844,25624.71,27033.26,0,0,194.8,360.9,0,0.0,0.00,1.0,17.23
160,TRANSFER,2181.41,C6629862,17550.02,15368.62,C4050905,7757.74,9939.15,0,0,315.9,237.4,0,1.0,1312.14,1.0,6.36
250,DEBIT,596.28,C8810207,3456.65,2860.37,C7358219,26638.65,27234.93,0,0,117.8,81.6,0,0.0,0.00,1.0,11.50
518,CASH_OUT,24816.85,C6201034,25162.20,0.00,C7191226,0.00,24816.85,1,0,269.7,0.1,1,1.0,24816.85,1.0,68.59
588,CASH_IN,289.53,C9305523,565.40,275.88,C1757043,6150.36,6439.89,0,0,110.5,69.1,1,0.0,0.00,1.0,1.12
523,TRANSFER,597.60,C6440264,2839.43,2241.83,C6220178,27008.51,27606.11,0,0,251.1,31.6,0,1.0,954.70,1.0,6.52
522,TRANSFER,2549.35,C5540287,6861.84,4312.49,C2782215,4562.86,7112.21,0,0,239.1,314.0,0,0.0,0.00,1.0,13.81
322,DEBIT,506.65,C9305961,3162.05,2655.40,C7896514,17975.18,18481.83,0,0,245.3,250.1,0,1.0,408.08,1.0,18.58
662,DEBIT,2642.40,C4497689,15399.22,12756.82,C1406981,5913.32,8555.71,0,0,222.4,342.7,0,0.0,0.00,1.0,19.84
545,PAYMENT,528.91,C7302725,4364.09,3835.18,M2843363,16327.05,16855.96,0,0,226.4,242.4,0,1.0,748.07,1.0,10.67
328,CASH_IN,458.80,C2515075,4449.57,3990.77,C9569926,4395.26,4854.06,0,0,230.5,151.3,1,0.0,0.00,1.0,2.46
468,DEBIT,2848.59,C7347315,8092.16,5243.57,C8502637,18329.63,21178.22,0,0,63.9,129.7,0,0.0,0.00,1.0,9.50
58,PAYMENT,268.79,C6009473,2676.38,2407.59,M3456307,21551.26,21820.05,0,0,158.4,124.3,0,0.0,0.00,1.0,10.03
707,PAYMENT,1750.13,C2136028,8463.38,6713.25,M3428298,45108.05,46858.18,0,0,265.9,195.8,0,0.0,0.00,1.0,12.31
644,PAYMENT,1837.80,C3912323,13357.46,11519.66,M2507139,44319.39,46157.19,0,0,225.5,362.1,0,0.0,0.00,1.0,13.85
560,PAYMENT,1572.47,C6656285,4398.03,2825.56,M7375246,3742.83,5315.30,0,0,312.2,347.4,0,0.0,0.00,1.0,22.28
445,TRANSFER,34860.33,C5502480,36519.93,0.00,C6450732,0.00,34860.33,1,0,224.3,1.1,1,1.0,34860.33,1.0,67.04
220,TRANSFER,92158.69,C4528784,101292.00,0.00,C2848662,0.00,92158.69,1,0,3.3,5.0,1,10.0,421412.46,6.0,55.98
289,CASH_OUT,42686.42,C4485624,43674.46,0.00,C2238947,0.00,42686.42,1,0,357.4,3.5,1,2.0,85372.83,2.0,98.03
632,TRANSFER,218.24,C6482386,598.38,380.14,C9007399,21251.33,21469.57,0,0,40.5,49.1,0,0.0,0.00,1.0,2.68
333,TRANSFER,212.73,C6405587,1420.07,1207.34,C1630590,32296.58,32509.32,0,0,117.4,144.2,0,1.0,1361.88,1.0,1.01
515,PAYMENT,1295.40,C1930186,5300.56,4005.16,M8103105,965.66,2261.05,0,0,325.1,123.2,0,0.0,0.00,1.0,11.71
355,PAYMENT,484.96,C4864870,3754.42,3269.47,M9634094,8439.14,8924.09,0,0,356.8,143.5,0,0.0,0.00,1.0,21.51
475,DEBIT,238.81,C3760247,1133.44,894.64,C7445130,35992.41,36231.22,0,0,106.2,135.9,0,0.0,0.00,1.0,7.74
85,CASH_IN,4240.62,C4085045,20466.26,16225.65,C3640500,35815.89,40056.51,0,0,139.6,305.6,0,2.0,2646.84,1.0,12.76
156,CASH_IN,685.16,C9526715,6838.52,6153.37,C9893848,40963.62,41648.77,0,0,158.3,341.9,0,0.0,0.00,1.0,1.50
226,PAYMENT,3184.36,C6974799,7027.11,3842.75,M1288128,43576.84,46761.20,0,0,65.0,81.7,0,0.0,0.00,1.0,23.01
377,PAYMENT,346.92,C2587952,1485.86,1138.94,M2826662,40057.06,40403.98,0,0,81.9,102.2,0,0.0,0.00,1.0,20.78
632,PAYMENT,671.41,C5677419,3748.26,3076.85,M1106005,37561.66,38233.08,0,0,233.3,297.9,0,0.0,0.00,1.0,21.21
592,CASH_IN,484.75,C7883620,2311.12,1826.37,C9326749,32132.10,32616.85,0,0,341.5,44.4,0,0.0,0.00,1.0,11.32
602,TRANSFER,76709.81,C2365845,82664.59,0.00,C6222552,0.00,76709.81,1,0,2.3,4.3,1,11.0,464975.93,3.0,76.96
48,PAYMENT,330.94,C4679895,2668.81,2337.87,M2816540,9931.72,10262.66,0,0,133.4,61.8,1,0.0,0.00,1.0,24.87
393,CASH_IN,536.37,C1329271,4897.08,4360.71,C5025162,41018.23,41554.61,0,0,287.2,265.7,0,0.0,0.00,1.0,15.00
384,CASH_IN,4406.03,C7352082,10500.84,6094.81,C1361315,42275.95,46681.99,0,0,319.4,202.1,0,0.0,0.00,1.0,20.08
518,CASH_IN,145.61,C2079706,1432.21,1286.60,C1150412,1224.27,1369.88,0,0,231.1,357.6,0,0.0,0.00,1.0,5.53
469,DEBIT,214.85,C2545794,1635.83,1420.97,C5391202,3613.27,3828.13,0,0,284.5,123.8,0,0.0,0.00,1.0,2.14
92,PAYMENT,1039.02,C5196625,10337.27,9298.25,M3954658,13898.16,14937.18,0,0,354.3,78.7,0,2.0,2478.71,1.0,8.41
443,TRANSFER,242325.94,C5667391,283139.43,0.00,C1532195,0.00,242325.94,1,1,270.1,4.5,1,1.0,242325.94,2.0,97.63
229,TRANSFER,1623.93,C5994498,15557.76,13933.83,C4663867,16696.03,18319.96,0,0,293.2,316.7,0,1.0,985.44,1.0,20.93
324,PAYMENT,825.47,C8999318,3571.20,2745.73,M3053696,19095.62,19921.10,0,0,102.4,240.0,0,0.0,0.00,1.0,10.05
233,PAYMENT,501.27,C8285781,4716.06,4214.79,M6043554,31591.83,32093.10,0,0,248.2,121.1,0,0.0,0.00,1.0,16.92
466,DEBIT,1014.70,C4510032,1629.71,615.02,C2269977,8779.49,9794.18,0,0,41.4,176.1,0,1.0,313.02,1.0,13.70
121,TRANSFER,2298.20,C2042937,16223.92,13925.72,C6151828,6903.81,9202.01,0,0,67.9,169.2,0,0.0,0.00,1.0,8.44
85,CASH_IN,372.26,C4443233,1346.34,974.09,C6022064,7378.44,7750.70,0,0,191.7,172.5,0,0.0,0.00,1.0,18.94
129,CASH_IN,214.17,C3305851,1298.54,1084.37,C6045384,37928.97,38143.14,0,0,161.4,222.1,1,0.0,0.00,1.0,16.89
610,TRANSFER,343.47,C7762759,2349.30,2005.83,C3440890,45390.47,45733.94,0,0,177.2,333.2,0,0.0,0.00,1.0,11.06
396,PAYMENT,282.22,C6700210,1410.76,1128.54,M5356433,16436.47,16718.69,0,0,353.3,320.5,0,1.0,634.63,1.0,0.37
256,TRANSFER,221756.47,C2334855,257086.60,0.00,C5092667,0.00,221756.47,1,1,313.8,2.9,1,3.0,665269.40,1.0,96.33
58,PAYMENT,497.49,C7072166,4401.76,3904.27,M2467802,24921.67,25419.17,0,0,313.7,89.9,0,0.0,0.00,1.0,4.90
93,DEBIT,911.11,C4855756,4024.76,3113.65,C8345910,49278.41,50189.52,0,0,142.2,114.2,0,1.0,1132.60,1.0,23.56
520,TRANSFER,384.49,C7492237,2262.55,1878.06,C1544408,35499.77,35884.26,0,0,206.9,175.9,0,0.0,0.00,1.0,24.60
518,CASH_IN,728.54,C1597229,2471.33,1742.79,C7496316,747.08,1475.62,0,0,299.3,310.7,0,0.0,0.00,1.0,23.55
372,TRANSFER,159061.34,C8882197,178452.66,0.00,C2324103,0.00,159061.34,1,0,328.6,0.1,1,2.0,318122.69,2.0,78.79
374,CASH_IN,1026.47,C9333691,3042.32,2015.85,C3816406,3822.75,4849.23,0,0,317.0,320.2,0,1.0,1438.00,1.0,12.30
669,DEBIT,462.87,C9125034,3381.36,2918.50,C9483477,12374.36,12837.23,0,0,88.0,81.5,0,0.0,0.00,1.0,9.76
713,PAYMENT,122.38,C7888116,884.60,762.21,M1863663,11223.28,11345.66,0,0,326.3,33.9,0,0.0,0.00,1.0,17.62
374,DEBIT,668.56,C8403185,5891.52,5222.96,C3919374,28115.36,28783.93,0,0,113.9,137.0,0,0.0,0.00,1.0,8.80
394,CASH_IN,197.63,C7279153,1183.83,986.20,C5719597,20942.28,21139.91,0,0,245.2,173.2,0,0.0,0.00,1.0,9.33
81,DEBIT,1160.07,C2134446,9236.91,8076.83,C2954490,1330.74,2490.81,0,0,45.3,141.8,0,0.0,0.00,1.0,3.23
62,TRANSFER,2018.59,C9141791,15107.07,13088.48,C8088974,310.21,2328.80,0,0,150.6,206.6,0,0.0,0.00,1.0,20.43
257,CASH_IN,817.68,C7869865,4128.98,3311.30,C6654842,23493.01,24310.70,0,0,241.4,239.1,0,0.0,0.00,1.0,6.70
348,TRANSFER,923.77,C2819209,7050.02,6126.26,C2645170,5240.02,6163.78,0,0,253.3,273.8,0,2.0,1460.11,1.0,22.82
371,CASH_IN,585.61,C2529602,1110.04,524.43,C7562565,7247.87,7833.48,0,0,77.4,98.8,0,0.0,0.00,1.0,0.80
634,TRANSFER,222.35,C2585328,859.65,637.30,C4177621,6990.93,7213.28,0,0,190.9,167.5,0,0.0,0.00,1.0,15.41
532,TRANSFER,126892.86,C5009042,150840.97,0.00,C7152425,0.00,126892.86,1,0,315.4,1.3,1,1.0,126892.86,1.0,79.77
501,TRANSFER,2570.38,C5782502,18201.81,15631.43,C8736205,2117.23,4687.61,0,0,353.5,249.1,0,2.0,2068.79,1.0,19.56
691,CASH_IN,1058.25,C9607865,4071.30,3013.05,C2301557,31451.94,32510.20,0,0,36.1,292.2,0,0.0,0.00,1.0,6.79
164,TRANSFER,2801.13,C5927245,22553.85,19752.73,C7082222,46997.10,49798.23,0,0,187.4,275.7,0,0.0,0.00,1.0,18.54
257,TRANSFER,389.51,C7241546,2956.24,2566.73,C9075619,11135.33,11524.84,0,0,346.3,245.9,0,0.0,0.00,1.0,10.78
474,PAYMENT,880.96,C6898790,7042.94,6161.99,M9345918,49997.37,50878.33,0,0,47.9,272.3,0,0.0,0.00,1.0,12.53
64,TRANSFER,724.72,C2820745,1980.77,1256.05,C6608288,7806.26,8530.98,0,0,62.4,162.7,0,0.0,0.00,1.0,17.83
337,CASH_OUT,57211.39,C8906828,62345.80,0.00,C7442867,0.00,57211.39,1,0,3.9,2.4,1,11.0,352738.88,6.0,69.35
496,PAYMENT,207.69,C4388491,875.85,668.17,M9395572,41728.34,41936.02,0,0,68.4,311.5,0,0.0,0.00,1.0,3.41
492,CASH_IN,297.49,C4158057,2757.86,2460.37,C3817976,24975.73,25273.22,0,0,363.0,288.6,0,0.0,0.00,1.0,18.03
159,PAYMENT,463.46,C5348996,3353.14,2889.68,M2501199,18418.92,18882.38,0,0,30.2,176.2,0,0.0,0.00,1.0,20.58
610,DEBIT,735.08,C5798295,4025.27,3290.20,C5573661,42949.70,43684.78,0,0,300.2,236.4,1,0.0,0.00,1.0,6.94
351,TRANSFER,656.00,C4729690,1562.31,906.32,C8657330,18188.34,18844.34,0,0,220.0,161.3,0,1.0,997.24,1.0,5.72
297,DEBIT,7935.76,C2625600,51554.65,43618.89,C5525787,7277.72,15213.48,0,0,291.5,102.9,0,0.0,0.00,1.0,7.84
187,CASH_IN,1041.56,C6049827,3943.71,2902.15,C4176342,32019.45,33061.00,0,0,276.4,352.1,0,0.0,0.00,1.0,24.94
523,PAYMENT,2906.15,C3711613,6517.91,3611.76,M2299816,24523.65,27429.80,0,0,103.4,218.6,0,0.0,0.00,1.0,0.29
92,DEBIT,397.29,C5637120,3048.38,2651.08,C8746097,31054.46,31451.75,0,0,318.7,181.6,0,0.0,0.00,1.0,3.93
314,CASH_OUT,89794.99,C9512725,91622.27,0.00,C6557165,0.00,89794.99,1,0,259.8,0.8,1,1.0,89794.99,2.0,80.33
645,CASH_IN,505.07,C8201159,2559.57,2054.50,C5028464,7728.07,8233.14,0,0,229.5,169.6,0,1.0,1037.99,1.0,1.93
139,CASH_IN,1355.55,C9296250,4726.10,3370.55,C8503468,43718.37,45073.92,0,0,310.8,345.6,1,1.0,1121.40,1.0,5.18
377,PAYMENT,2376.83,C5155611,16081.26,13704.43,M6866754,10830.45,13207.28,0,0,330.1,345.3,0,0.0,0.00,1.0,8.90
331,TRANSFER,711.36,C9446359,2507.68,1796.32,C3722543,46087.02,46798.38,0,0,81.5,151.9,0,0.0,0.00,1.0,21.46
714,PAYMENT,2006.57,C1467164,12072.99,10066.42,M8118121,8673.78,10680.36,0,0,155.6,139.6,0,0.0,0.00,1.0,13.89
475,CASH_IN,607.63,C9905882,5543.68,4936.05,C8048550,46249.94,46857.57,0,0,355.8,290.7,0,1.0,1415.95,1.0,20.01
190,PAYMENT,5117.87,C5880875,17892.40,12774.53,M7783295,44981.29,50099.16,0,0,203.9,239.3,0,0.0,0.00,1.0,0.55
159,CASH_IN,3116.15,C2385630,4996.37,1880.23,C3124677,9179.20,12295.34,0,0,267.8,268.1,0,0.0,0.00,1.0,11.78
165,PAYMENT,1150.02,C1697411,10207.38,9057.35,M5892210,39021.89,40171.91,0,0,144.9,356.1,0,0.0,0.00,1.0,24.02
209,PAYMENT,421.77,C8049318,2146.14,1724.37,M9908423,38798.46,39220.23,0,0,161.0,154.4,0,0.0,0.00,1.0,12.61
257,TRANSFER,832.35,C6081887,3948.43,3116.08,C3256795,9465.02,10297.38,0,0,239.1,94.5,0,0.0,0.00,1.0,9.81
428,CASH_IN,128.25,C7757476,1013.39,885.14,C4180216,17878.84,18007.10,0,0,147.7,143.9,0,1.0,613.25,1.0,18.61
393,TRANSFER,320.01,C7874006,628.26,308.25,C2724256,3687.23,4007.24,0,0,105.3,194.4,0,1.0,343.55,1.0,22.30
278,PAYMENT,1963.91,C3011244,9199.93,7236.02,M7477521,4778.28,6742.19,0,0,280.8,205.1,0,0.0,0.00,1.0,3.15
443,CASH_IN,1294.74,C7045663,10656.58,9361.83,C3645580,32561.09,33855.84,0,0,357.2,209.8,0,1.0,658.01,1.0,19.97
305,CASH_IN,684.51,C9414353,5252.78,4568.27,C9690528,26431.29,27115.80,0,0,35.0,200.5,0,1.0,1138.36,1.0,0.90
163,DEBIT,690.70,C6840774,4510.01,3819.31,C1853465,34198.17,34888.87,0,0,97.2,182.8,0,0.0,0.00,1.0,5.43
563,CASH_IN,540.42,C9235445,5170.22,4629.80,C9409747,31546.26,32086.68,0,0,310.2,47.3,0,0.0,0.00,1.0,6.59
716,CASH_IN,853.21,C9202800,1298.78,445.57,C6163515,31917.11,32770.33,0,0,316.4,185.5,0,0.0,0.00,1.0,7.84
145,CASH_OUT,81407.53,C3656733,86251.28,0.00,C9726777,0.00,81407.53,1,0,5.4,4.9,1,8.0,560452.45,3.0,78.78
378,PAYMENT,812.73,C1097795,2848.03,2035.30,M9071143,1553.14,2365.87,0,0,169.1,165.1,0,0.0,0.00,1.0,18.16
477,PAYMENT,663.14,C9003587,6618.93,5955.79,M1526637,22482.99,23146.13,0,0,64.0,261.4,0,0.0,0.00,1.0,14.10
208,PAYMENT,380.17,C8677931,935.91,555.75,M9735037,48714.53,49094.69,0,0,140.2,107.8,1,0.0,0.00,1.0,7.63
522,PAYMENT,803.98,C5535411,1866.46,1062.48,M8235482,1007.98,1811.96,0,0,265.2,169.3,0,1.0,476.66,1.0,3.38
401,DEBIT,443.65,C4724654,3843.14,3399.50,C5148051,32151.04,32594.69,0,0,247.5,324.0,0,0.0,0.00,1.0,8.11
322,DEBIT,2323.81,C3034063,12975.22,10651.41,C4061962,8233.41,10557.23,0,0,159.2,119.6,1,0.0,0.00,1.0,3.40
494,TRANSFER,649.59,C6451561,5447.24,4797.65,C4884519,22531.51,23181.11,0,0,37.3,236.8,0,0.0,0.00,1.0,5.16
216,TRANSFER,345.27,C8527557,2545.82,2200.55,C7411878,35364.79,35710.05,0,0,153.3,148.3,0,0.0,0.00,1.0,9.35
393,DEBIT,156.89,C8883806,539.09,382.20,C3793547,20144.43,20301.32,0,0,267.9,83.9,0,0.0,0.00,1.0,2.18
584,CASH_IN,487.00,C2196647,4075.71,3588.70,C8762078,17694.50,18181.51,0,0,131.4,228.7,0,1.0,322.27,1.0,3.76
104,DEBIT,1528.55,C1712345,13246.03,11717.48,C4094324,38952.92,40481.47,0,0,133.3,242.9,0,0.0,0.00,1.0,17.08
237,TRANSFER,294.75,C2047259,1061.55,766.80,C2493626,10728.08,11022.84,0,0,261.7,132.7,0,0.0,0.00,1.0,22.85
544,CASH_IN,5550.68,C2940067,18521.70,12971.03,C6311202,1710.18,7260.86,0,0,55.1,227.6,0,0.0,0.00,1.0,14.73
442,TRANSFER,179.07,C7200815,1263.27,1084.20,C7806346,28473.10,28652.17,0,0,85.4,203.3,0,0.0,0.00,1.0,11.53
708,TRANSFER,99.29,C5254646,874.84,775.55,C8399326,32335.89,32435.18,0,0,210.2,167.5,0,1.0,602.34,1.0,3.21
81,DEBIT,1094.05,C8290795,7075.58,5981.52,C8617506,32710.93,33804.98,0,0,296.0,124.7,0,0.0,0.00,1.0,6.97
159,CASH_IN,164.93,C4937410,1481.87,1316.94,C5430733,10850.02,11014.94,0,0,37.0,336.6,0,0.0,0.00,1.0,7.70
38,CASH_OUT,14196.64,C3317578,15580.93,0.00,C9141619,0.00,14196.64,1,0,119.7,0.6,1,1.0,14196.64,1.0,92.54
588,DEBIT,152.90,C6789617,1423.81,1270.91,C4414814,22832.67,22985.57,0,0,142.1,328.4,0,1.0,1380.14,1.0,24.78
289,CASH_OUT,83120.27,C3082763,86745.35,0.00,C9203931,0.00,83120.27,1,0,1.7,3.4,1,12.0,336382.98,6.0,75.03
540,TRANSFER,981.20,C1723232,3496.09,2514.89,C2076167,44306.17,45287.38,0,0,280.8,360.4,0,1.0,917.13,1.0,17.81
422,TRANSFER,25618.00,C1419288,29226.32,0.00,C9635321,0.00,25618.00,1,0,107.2,0.3,1,1.0,25618.00,1.0,81.22
372,TRANSFER,343105.01,C8690694,389934.31,0.00,C9490501,0.00,343105.01,1,1,0.4,5.6,1,1.0,343105.01,4.0,16.88
37,CASH_OUT,16257.31,C2851651,17096.07,0.00,C2300519,0.00,16257.31,1,0,156.4,1.5,1,1.0,16257.31,1.0,88.58
514,TRANSFER,492.32,C5583827,3866.31,3373.99,C2400337,25692.07,26184.39,0,0,262.7,346.8,0,2.0,2239.93,1.0,3.28
248,TRANSFER,4126.52,C1932945,13296.82,9170.31,C8911400,20098.93,24225.44,0,0,123.9,72.6,1,0.0,0.00,1.0,8.59
401,CASH_IN,8088.60,C9447735,28614.41,20525.81,C1020173,33337.64,41426.24,0,0,266.2,127.0,0,2.0,1166.32,1.0,19.62
128,PAYMENT,556.63,C7423777,888.60,331.97,M7467732,32830.41,33387.03,0,0,216.1,260.9,0,1.0,1320.37,1.0,14.08
140,DEBIT,494.16,C2622919,3088.84,2594.68,C1469782,18833.04,19327.19,0,0,49.3,230.3,0,0.0,0.00,1.0,17.77
337,CASH_OUT,63485.51,C3779999,75591.78,0.00,C3111538,0.00,63485.51,1,0,221.4,3.3,1,3.0,190456.54,4.0,81.04
230,PAYMENT,474.72,C5878426,4159.55,3684.82,M2702948,33242.62,33717.35,0,0,122.6,169.6,0,0.0,0.00,1.0,22.41
261,PAYMENT,158.33,C5971929,349.18,190.85,M3967456,27329.75,27488.08,0,0,79.8,56.2,1,1.0,787.25,1.0,23.47
325,TRANSFER,253908.59,C7821402,296966.55,0.00,C2953242,0.00,253908.59,1,1,2.4,2.6,1,4.0,1015634.35,2.0,23.23
157,TRANSFER,156.21,C1733823,752.87,596.66,C1738940,26754.11,26910.31,0,0,321.6,282.6,0,0.0,0.00,1.0,24.79
275,DEBIT,938.87,C6657049,5443.59,4504.72,C9373195,46837.64,47776.51,0,0,290.4,294.7,0,0.0,0.00,1.0,23.55
306,DEBIT,292.41,C1742447,1189.08,896.67,C5253489,30334.10,30626.52,0,0,351.5,229.2,0,0.0,0.00,1.0,20.50
205,CASH_IN,329.29,C3420895,1444.38,1115.09,C2577434,37332.47,37661.76,0,0,93.3,95.5,0,0.0,0.00,1.0,16.06
688,CASH_IN,805.83,C4153389,2547.74,1741.92,C8039577,21089.78,21895.61,0,0,354.0,325.9,0,0.0,0.00,1.0,4.27
277,TRANSFER,24033.61,C9910223,26263.30,0.00,C1397672,0.00,24033.61,1,0,108.1,0.2,1,1.0,24033.61,1.0,88.32
498,CASH_IN,432.80,C9224091,2963.42,2530.62,C7450129,12543.99,12976.79,0,0,57.3,95.6,1,1.0,938.87,1.0,9.85
433,TRANSFER,233354.40,C4616886,253065.84,0.00,C2393024,0.00,233354.40,1,1,6.6,4.2,1,4.0,933417.60,4.0,7.70
705,TRANSFER,161.14,C3507318,884.01,722.87,C3202306,8077.37,8238.51,0,0,200.9,204.5,0,0.0,0.00,1.0,20.13
155,PAYMENT,322.65,C6431359,2543.68,2221.03,M1804530,31859.35,32182.00,0,0,86.4,127.9,0,0.0,0.00,1.0,10.70
257,TRANSFER,914.49,C1536563,5027.17,4112.68,C8175109,25263.06,26177.54,0,0,153.0,294.6,0,0.0,0.00,1.0,18.50
571,PAYMENT,6764.53,C6762605,60242.88,53478.35,M8208776,39170.85,45935.38,0,0,327.8,74.7,0,0.0,0.00,1.0,24.07
268,CASH_OUT,98811.37,C6689992,113579.45,0.00,C8032112,0.00,98811.37,1,0,4.1,1.8,1,15.0,442646.69,8.0,84.45
685,DEBIT,135.16,C4801169,947.49,812.34,C3816763,19693.93,19829.08,0,0,30.5,285.2,0,0.0,0.00,1.0,2.73
541,DEBIT,2620.03,C9207937,24401.46,21781.43,C1058918,7938.67,10558.70,0,0,193.7,88.4,0,0.0,0.00,1.0,20.10
157,DEBIT,1464.69,C7794364,10053.05,8588.36,C2406069,45264.85,46729.55,0,0,333.3,84.7,1,0.0,0.00,1.0,15.05
260,PAYMENT,1988.58,C8632186,14540.71,12552.12,M9679842,9853.27,11841.85,0,0,348.4,123.6,0,0.0,0.00,1.0,21.05
111,DEBIT,535.90,C7324511,1525.67,989.77,C1995718,39737.02,40272.92,0,0,191.7,245.4,1,0.0,0.00,1.0,17.21
428,DEBIT,350.81,C5291803,1347.82,997.00,C7499503,49193.90,49544.71,0,0,228.0,37.6,0,0.0,0.00,1.0,2.07
563,DEBIT,871.86,C3722077,7004.53,6132.67,C9457288,29242.38,30114.23,0,0,286.6,156.7,0,1.0,1046.06,1.0,15.31
536,CASH_IN,1282.03,C8456185,7590.14,6308.11,C3535622,13758.15,15040.19,0,0,239.1,85.5,0,0.0,0.00,1.0,16.51
135,CASH_IN,373.20,C8090499,1621.74,1248.54,C9574359,36462.67,36835.86,0,0,328.0,162.3,0,0.0,0.00,1.0,4.46
610,TRANSFER,5961.90,C7217941,13874.94,7913.04,C1085707,33360.67,39322.57,0,0,124.2,69.6,0,0.0,0.00,1.0,10.92
517,DEBIT,443.11,C6802726,2644.48,2201.37,C6124978,24537.64,24980.74,0,0,174.7,105.7,0,0.0,0.00,1.0,15.14
423,CASH_IN,824.84,C5423299,3507.32,2682.47,C4737676,14147.29,14972.14,0,0,181.1,279.6,1,0.0,0.00,1.0,8.50
521,DEBIT,94.13,C1445467,249.52,155.38,C2730703,16305.75,16399.89,0,0,307.7,202.2,0,0.0,0.00,1.0,6.56
712,TRANSFER,1191.93,C4178272,3140.43,1948.50,C1931206,38063.70,39255.64,0,0,231.1,237.2,0,0.0,0.00,1.0,3.86
266,CASH_IN,648.78,C2534867,2449.48,1800.70,C2799891,23662.28,24311.06,0,0,244.2,126.4,0,0.0,0.00,1.0,9.61
116,CASH_IN,504.18,C2836835,4820.12,4315.94,C9578377,11165.09,11669.27,0,0,331.7,217.8,0,0.0,0.00,1.0,3.48
445,TRANSFER,2662.69,C2072683,16619.68,13957.00,C2793417,35109.34,37772.02,0,0,338.4,90.6,0,0.0,0.00,1.0,1.87
520,TRANSFER,1240.37,C2827498,2575.67,1335.30,C4749544,34882.98,36123.35,0,0,259.3,244.2,0,0.0,0.00,1.0,17.85
252,DEBIT,510.71,C4111649,1955.47,1444.76,C2269358,46187.71,46698.41,0,0,153.9,147.7,0,0.0,0.00,1.0,0.24
227,CASH_IN,305.91,C4712967,1259.26,953.34,C1845434,9170.90,9476.82,0,0,90.4,66.1,0,0.0,0.00,1.0,21.41
58,CASH_IN,571.29,C7008462,1989.19,1417.90,C9814767,28683.44,29254.73,0,0,156.6,266.4,1,0.0,0.00,1.0,14.92
639,TRANSFER,817.82,C2025847,1469.64,651.82,C2073897,7226.85,8044.67,0,0,95.6,299.9,1,0.0,0.00,1.0,13.88
113,TRANSFER,122.44,C2190964,958.63,836.19,C2312584,14892.57,15015.01,0,0,60.6,154.1,0,1.0,1155.69,1.0,12.44
542,CASH_IN,310.59,C3149401,1261.02,950.43,C9404078,28801.00,29111.60,0,0,310.1,348.5,0,0.0,0.00,1.0,12.94
153,TRANSFER,1243.53,C3053457,7282.34,6038.81,C7225462,40359.91,41603.45,0,0,339.8,300.1,0,2.0,1369.46,1.0,21.62
244,CASH_OUT,76344.39,C9290673,88140.66,0.00,C5859243,0.00,76344.39,1,0,0.0,3.1,1,7.0,206763.63,9.0,64.66
64,CASH_IN,602.33,C4974882,4584.06,3981.73,C7030518,34912.65,35514.98,0,0,119.8,301.7,0,1.0,994.42,1.0,10.40
328,TRANSFER,478.12,C4840043,4084.35,3606.24,C2401587,11886.52,12364.64,0,0,208.9,346.5,0,0.0,0.00,1.0,14.15
657,TRANSFER,509.49,C5331505,1863.49,1354.00,C3079160,33192.81,33702.30,0,0,114.0,215.6,0,0.0,0.00,1.0,24.32
637,CASH_OUT,21127.27,C6905926,23295.87,0.00,C2372050,0.00,21127.27,1,0,173.8,0.8,1,1.0,21127.27,1.0,78.62
590,TRANSFER,219.85,C3776161,1304.72,1084.87,C4584264,36681.95,36901.80,0,0,182.8,298.1,0,1.0,1131.47,1.0,19.44
452,PAYMENT,213.59,C7239406,856.09,642.50,M1226345,4846.35,5059.93,0,0,160.8,260.1,1,0.0,0.00,1.0,22.85
585,DEBIT,321.33,C4668642,745.33,424.00,C8838675,6331.88,6653.21,0,0,91.3,266.3,0,0.0,0.00,1.0,3.47
128,CASH_IN,216.38,C3874990,1126.62,910.23,C9414862,32486.27,32702.65,0,0,109.9,280.3,1,1.0,1417.98,1.0,15.16
417,PAYMENT,279.96,C1351956,999.90,719.94,M8025753,43028.99,43308.95,0,0,348.5,167.8,0,0.0,0.00,1.0,0.79
663,DEBIT,28.45,C4712538,118.59,90.14,C4093199,47249.83,47278.28,0,0,132.4,60.3,1,0.0,0.00,1.0,15.34
542,CASH_IN,301.08,C2526501,2710.71,2409.63,C2850747,8622.03,8923.11,0,0,228.7,308.9,0,0.0,0.00,1.0,20.15
477,CASH_IN,389.48,C7260433,3377.76,2988.28,C8657926,4039.58,4429.06,0,0,336.7,214.5,0,0.0,0.00,1.0,7.79
709,TRANSFER,760.99,C3260956,3769.12,3008.13,C9203318,17059.07,17820.06,0,0,308.0,98.4,0,0.0,0.00,1.0,20.30
152,PAYMENT,1300.31,C5487051,8297.72,6997.41,M9357350,7490.59,8790.90,0,0,355.0,41.9,0,0.0,0.00,1.0,8.99
85,DEBIT,3898.50,C5701730,13595.88,9697.38,C4433637,14959.14,18857.64,0,0,44.0,61.9,1,0.0,0.00,1.0,10.75
445,TRANSFER,1729.95,C8250200,14613.62,12883.66,C4851543,28270.21,30000.17,0,0,260.6,275.0,0,1.0,1097.37,1.0,1.42
589,CASH_OUT,190663.46,C6027965,208123.08,0.00,C2154160,0.00,190663.46,1,0,1.9,5.6,1,3.0,571990.39,2.0,19.20
104,PAYMENT,406.25,C4585487,1734.96,1328.70,M2213571,30183.22,30589.48,0,0,118.0,268.3,1,0.0,0.00,1.0,19.92
409,CASH_OUT,57744.85,C3135422,60858.56,0.00,C7258720,0.00,57744.85,1,0,2.0,0.6,1,10.0,213791.21,7.0,61.29
207,TRANSFER,12005.31,C7924599,13131.47,0.00,C1470377,0.00,12005.31,1,0,109.4,0.4,1,1.0,12005.31,1.0,89.10
637,TRANSFER,401.69,C6634877,655.71,254.02,C7903142,23508.03,23909.72,0,0,45.1,363.6,0,0.0,0.00,1.0,9.03
406,PAYMENT,553.20,C5575187,4286.94,3733.74,M5541446,29251.34,29804.54,0,0,292.2,274.3,0,0.0,0.00,1.0,6.73
714,CASH_IN,49.12,C8722206,213.91,164.79,C8016991,35545.94,35595.06,0,0,324.7,261.3,0,0.0,0.00,1.0,23.43
488,DEBIT,1557.15,C7780128,5902.24,4345.09,C2332861,32729.96,34287.11,0,0,157.1,259.4,0,0.0,0.00,1.0,8.06
156,TRANSFER,1693.08,C3416656,2577.45,884.38,C6685606,9759.98,11453.06,0,0,280.0,189.1,0,1.0,402.61,1.0,5.47
548,DEBIT,541.86,C3347639,1038.61,496.75,C6730974,27971.78,28513.65,0,0,177.4,129.1,0,0.0,0.00,1.0,22.65
213,DEBIT,304.05,C6443523,2149.24,1845.19,C2320698,5241.33,5545.38,0,0,81.0,188.2,0,0.0,0.00,1.0,19.24
404,CASH_IN,126.69,C2990499,422.22,295.53,C9286183,46422.44,46549.13,0,0,350.8,313.9,0,0.0,0.00,1.0,14.93
405,DEBIT,1446.21,C1705300,5770.52,4324.31,C6967124,35875.80,37322.01,0,0,332.2,323.7,0,0.0,0.00,1.0,19.17
345,PAYMENT,763.75,C5874933,2869.64,2105.89,M4337277,10417.66,11181.41,0,0,110.7,77.9,0,0.0,0.00,1.0,16.41
638,CASH_OUT,16614.18,C7920219,19423.97,0.00,C3640821,0.00,16614.18,1,0,172.7,1.5,1,1.0,16614.18,1.0,75.41
664,CASH_IN,602.39,C6874061,1888.05,1285.66,C1585029,13943.96,14546.35,0,0,93.1,269.9,0,0.0,0.00,1.0,16.73
477,CASH_IN,1760.02,C4955950,12467.68,10707.66,C8843965,41941.23,43701.25,0,0,241.3,254.4,1,0.0,0.00,1.0,2.01
689,PAYMENT,63.11,C5252622,493.23,430.13,M4363434,6821.91,6885.02,0,0,268.8,286.4,1,1.0,1141.16,1.0,8.48
544,CASH_IN,874.07,C8886518,1678.65,804.58,C3440044,7922.51,8796.58,0,0,47.1,253.4,0,1.0,1256.05,1.0,13.20
471,PAYMENT,2549.19,C7729017,24063.88,21514.69,M5510544,14487.13,17036.32,0,0,342.5,90.7,0,0.0,0.00,1.0,21.97
182,DEBIT,194.35,C5625654,1227.62,1033.27,C9368130,20633.64,20827.99,0,0,248.0,45.8,0,0.0,0.00,1.0,12.84
544,PAYMENT,517.97,C5588079,1567.24,1049.27,M4845715,26814.68,27332.65,0,0,162.3,332.1,0,0.0,0.00,1.0,9.64
328,DEBIT,3065.30,C7261213,5692.53,2627.23,C7396111,30924.52,33989.82,0,0,130.9,151.5,0,0.0,0.00,1.0,22.92
165,DEBIT,187.82,C9698052,514.42,326.61,C9391988,12387.54,12575.35,0,0,47.3,346.7,0,0.0,0.00,1.0,10.59
203,CASH_IN,2053.68,C8629665,3744.71,1691.03,C8068964,3959.47,6013.14,0,0,130.3,308.5,1,1.0,522.81,1.0,22.95
158,CASH_IN,492.69,C8497632,3106.91,2614.22,C3169881,44005.30,44497.98,0,0,132.5,120.9,0,0.0,0.00,1.0,6.64
161,PAYMENT,671.97,C1813032,4513.84,3841.87,M3387255,44132.91,44804.88,0,0,201.7,35.2,0,0.0,0.00,1.0,2.84
549,CASH_IN,956.53,C5819723,2673.70,1717.18,C9113589,8678.24,9634.77,0,0,144.7,340.1,1,0.0,0.00,1.0,7.09
158,PAYMENT,292.90,C4630375,499.96,207.06,M4262585,38769.53,39062.42,0,0,157.4,67.9,0,0.0,0.00,1.0,2.89
304,TRANSFER,646.75,C5864975,5367.25,4720.50,C6852941,9078.80,9725.55,0,0,80.0,40.8,0,0.0,0.00,1.0,21.74
547,TRANSFER,245.37,C3739730,585.52,340.15,C3867976,34406.05,34651.42,0,0,40.4,268.4,0,0.0,0.00,1.0,4.22
339,DEBIT,324.99,C1393850,3026.20,2701.22,C3901165,42467.68,42792.67,0,0,235.3,253.8,0,0.0,0.00,1.0,16.01
320,PAYMENT,441.80,C7855824,4015.40,3573.60,M7369656,22702.05,23143.85,0,0,314.0,307.5,0,0.0,0.00,1.0,18.46
356,DEBIT,2690.66,C2789031,10386.87,7696.21,C6623447,6042.96,8733.63,0,0,342.2,326.4,0,0.0,0.00,1.0,16.77
602,CASH_OUT,53606.46,C1912858,56503.36,0.00,C6262359,0.00,53606.46,1,0,1.7,1.3,1,13.0,212752.21,7.0,73.46
139,DEBIT,767.27,C1120187,3433.62,2666.34,C7525010,12191.65,12958.93,0,0,188.7,117.9,0,0.0,0.00,1.0,11.65
362,CASH_OUT,66872.87,C8054074,79636.08,0.00,C2328272,0.00,66872.87,1,0,6.2,2.0,1,17.0,178751.93,6.0,73.29
108,DEBIT,1256.58,C3401069,10056.85,8800.27,C3817482,35124.81,36381.39,0,0,131.2,174.9,0,0.0,0.00,1.0,0.28
421,PAYMENT,368.68,C9851821,2143.55,1774.87,M3608388,14359.89,14728.57,0,0,278.1,338.6,0,0.0,0.00,1.0,6.65
652,CASH_OUT,75653.36,C2851179,77967.88,0.00,C9408090,0.00,75653.36,1,0,6.9,5.6,1,7.0,380078.60,4.0,81.63
42,CASH_IN,640.88,C5522855,5527.80,4886.92,C6705285,14251.02,14891.90,0,0,189.9,116.9,0,0.0,0.00,1.0,10.27
693,CASH_IN,968.06,C2712481,9056.58,8088.52,C2841128,9046.99,10015.05,0,0,95.1,332.7,0,0.0,0.00,1.0,18.10
514,DEBIT,302.92,C6136781,706.62,403.70,C1545076,31770.66,32073.57,0,0,340.6,326.3,1,0.0,0.00,1.0,5.93
715,PAYMENT,1995.56,C4580893,13122.32,11126.76,M6157235,27613.26,29608.82,0,0,319.8,198.4,0,0.0,0.00,1.0,5.69
285,TRANSFER,4991.07,C1870261,38980.56,33989.48,C3482030,49610.21,54601.28,0,0,309.4,305.0,0,0.0,0.00,1.0,16.05
272,TRANSFER,498.03,C8447176,2114.61,1616.57,C4132139,38187.12,38685.15,0,0,258.1,220.0,0,0.0,0.00,1.0,12.50
205,CASH_IN,2682.31,C1704609,14189.56,11507.24,C8461137,30429.45,33111.77,0,0,185.0,175.3,0,0.0,0.00,1.0,6.41
202,CASH_IN,4180.93,C7952750,23158.03,18977.10,C5643140,13422.03,17602.96,0,0,276.5,49.4,0,0.0,0.00,1.0,10.62
186,TRANSFER,734.82,C4556221,6371.12,5636.30,C2161968,19504.31,20239.13,0,0,335.4,322.8,1,0.0,0.00,1.0,21.30
398,PAYMENT,1514.95,C8338864,9156.30,7641.35,M3705053,45822.75,47337.70,0,0,217.8,165.5,1,0.0,0.00,1.0,17.59
117,TRANSFER,955.20,C7725537,4733.75,3778.54,C8606976,48390.95,49346.15,0,0,264.4,247.5,0,0.0,0.00,1.0,10.10
99,TRANSFER,65825.07,C3121505,73905.14,0.00,C8126777,0.00,65825.07,1,0,4.0,0.9,1,8.0,309770.82,3.0,50.87
162,DEBIT,552.16,C8923168,3122.54,2570.38,C6252278,36618.39,37170.54,0,0,51.0,282.9,0,0.0,0.00,1.0,17.91
239,TRANSFER,256968.96,C7287958,259849.77,0.00,C4325496,0.00,256968.96,1,1,1.4,1.8,1,2.0,513937.92,1.0,25.52
520,PAYMENT,563.01,C6377977,2734.89,2171.88,M8598646,41461.06,42024.07,0,0,218.5,104.8,0,0.0,0.00,1.0,17.51
586,PAYMENT,419.53,C8374861,877.25,457.73,M5499987,33526.37,33945.89,0,0,298.9,48.4,0,0.0,0.00,1.0,9.57
133,PAYMENT,619.99,C2123672,5175.08,4555.09,M1703343,10903.16,11523.15,0,0,211.2,80.8,0,0.0,0.00,1.0,23.62
211,CASH_IN,534.12,C3992614,3562.12,3027.99,C7234535,19782.69,20316.82,0,0,184.1,291.3,0,1.0,1300.59,1.0,3.46
107,DEBIT,264.95,C7646929,474.41,209.46,C2963505,31421.20,31686.15,0,0,236.0,328.2,0,0.0,0.00,1.0,3.99
541,TRANSFER,601.26,C2412523,3068.72,2467.46,C2713204,19559.99,20161.24,0,0,130.8,61.8,0,0.0,0.00,1.0,2.58
135,DEBIT,204.40,C3105817,966.00,761.60,C4192014,44371.09,44575.50,0,0,35.3,336.0,0,0.0,0.00,1.0,11.32
300,DEBIT,1056.40,C1259621,6473.60,5417.20,C7336289,19342.70,20399.10,0,0,87.8,351.1,0,0.0,0.00,1.0,6.48
668,DEBIT,740.65,C8552048,4149.79,3409.14,C6196770,21328.48,22069.13,0,0,198.3,169.9,0,0.0,0.00,1.0,8.80
378,CASH_IN,2267.73,C6511399,11603.01,9335.28,C4597492,37907.38,40175.11,0,0,247.4,101.0,1,1.0,764.21,1.0,23.67
584,TRANSFER,817.90,C3942982,5435.09,4617.19,C3346174,49343.76,50161.66,0,0,55.9,60.5,0,0.0,0.00,1.0,5.73
621,PAYMENT,350.19,C5689352,1051.81,701.62,M5041851,34503.27,34853.45,0,0,215.9,56.0,0,0.0,0.00,1.0,18.36
470,TRANSFER,1025.34,C7742828,3316.74,2291.40,C4988556,44567.81,45593.14,0,0,338.2,212.5,0,1.0,1498.55,1.0,22.11
608,CASH_IN,2117.07,C7155382,5200.59,3083.52,C1606190,5487.81,7604.89,0,0,361.0,286.1,0,0.0,0.00,1.0,8.43
369,TRANSFER,145.56,C9009035,803.44,657.88,C4147097,12304.45,12450.01,0,0,180.4,42.8,0,0.0,0.00,1.0,13.87
303,TRANSFER,16841.72,C7472402,18024.30,0.00,C2072541,0.00,16841.72,1,0,110.8,1.8,1,1.0,16841.72,1.0,88.67
671,TRANSFER,110279.73,C8376413,110379.11,0.00,C7267424,0.00,110279.73,1,0,5.4,6.3,1,5.0,551398.64,4.0,10.51
616,DEBIT,723.63,C6806910,4908.48,4184.85,C9906844,4900.48,5624.11,0,0,85.5,62.8,0,0.0,0.00,1.0,4.46
272,DEBIT,1053.81,C8887244,5774.87,4721.06,C7486653,5482.67,6536.48,0,0,318.8,158.6,0,0.0,0.00,1.0,5.90
300,DEBIT,559.38,C1335171,4541.60,3982.22,C6497486,31247.72,31807.11,0,0,153.2,236.2,0,1.0,1134.07,1.0,2.76
499,DEBIT,39.09,C3694976,82.92,43.84,C8477302,7562.85,7601.93,0,0,161.8,157.0,0,0.0,0.00,1.0,9.74
156,PAYMENT,1062.53,C5459342,5055.55,3993.02,M3191002,14146.81,15209.34,0,0,306.7,281.5,1,0.0,0.00,1.0,20.09
593,PAYMENT,5581.68,C1626844,35237.88,29656.20,M5964311,20121.85,25703.53,0,0,169.0,119.7,0,1.0,1177.41,1.0,17.32
206,TRANSFER,176.32,C5867529,1675.44,1499.12,C9650862,29608.22,29784.54,0,0,63.7,57.2,0,0.0,0.00,1.0,3.70
686,TRANSFER,2607.81,C7659088,3962.47,1354.66,C8446408,39085.15,41692.96,0,0,158.8,129.7,1,0.0,0.00,1.0,4.29
137,PAYMENT,1727.95,C9000147,11777.10,10049.15,M2311604,33084.79,34812.74,0,0,144.8,266.6,0,0.0,0.00,1.0,20.20
545,CASH_IN,87.26,C7346138,311.28,224.01,C8802198,920.94,1008.20,0,0,44.6,316.8,0,0.0,0.00,1.0,15.47
36,TRANSFER,1287.78,C9284914,10488.28,9200.50,C9943346,36172.36,37460.15,0,0,300.2,195.3,0,0.0,0.00,1.0,10.80
663,TRANSFER,622.03,C7771059,3193.63,2571.59,C6626324,14159.60,14781.64,0,0,345.9,262.8,0,0.0,0.00,1.0,10.94
62,TRANSFER,9780.17,C1590630,75253.23,65473.06,C2177602,17889.93,27670.10,0,0,184.3,349.1,1,0.0,0.00,1.0,3.19
566,DEBIT,2083.83,C5063204,17792.53,15708.71,C7213164,17614.91,19698.73,0,0,333.5,182.2,0,0.0,0.00,1.0,1.13
648,TRANSFER,149830.69,C5725863,172634.09,0.00,C4511190,0.00,149830.69,1,0,232.9,0.1,1,2.0,299661.38,1.0,95.99
338,CASH_OUT,124491.50,C6982945,125931.02,0.00,C2574189,0.00,124491.50,1,0,282.9,3.5,1,2.0,248983.00,2.0,86.92
400,DEBIT,291.64,C7801509,1383.36,1091.71,C2508726,1851.76,2143.40,0,0,273.8,293.9,1,0.0,0.00,1.0,23.92
663,TRANSFER,1614.75,C5520984,12275.77,10661.02,C7706671,18237.90,19852.66,0,0,110.1,231.1,1,0.0,0.00,1.0,25.00
328,CASH_OUT,111828.00,C4033792,119457.73,0.00,C8203379,0.00,111828.00,1,0,356.7,4.0,1,3.0,335484.00,1.0,83.35
498,PAYMENT,161.16,C9983945,810.61,649.46,M1472751,4968.36,5129.52,0,0,244.6,57.9,0,1.0,1261.64,1.0,0.22
714,PAYMENT,4234.78,C6310427,10122.79,5888.01,M5893093,41802.72,46037.50,0,0,288.9,210.4,0,0.0,0.00,1.0,7.58
104,DEBIT,1858.88,C7614572,11288.99,9430.11,C2660355,31472.70,33331.58,0,0,347.9,287.2,0,0.0,0.00,1.0,3.55
355,CASH_IN,313.70,C8410204,1497.96,1184.25,C9405290,46578.62,46892.33,0,0,52.9,173.6,0,0.0,0.00,1.0,15.87
709,PAYMENT,164.17,C2124534,1111.65,947.47,M6062815,31944.97,32109.15,0,0,199.0,77.0,1,0.0,0.00,1.0,13.94
571,PAYMENT,720.16,C2142847,5083.73,4363.57,M4107033,39974.36,40694.52,0,0,243.0,230.8,0,1.0,529.45,1.0,20.36
689,CASH_IN,1075.76,C1442481,2677.33,1601.57,C1985840,46541.37,47617.12,0,0,261.3,118.4,0,0.0,0.00,1.0,0.90
277,PAYMENT,480.95,C3757515,1941.65,1460.69,M7305902,41306.93,41787.89,0,0,121.8,210.1,0,1.0,1031.40,1.0,0.21
590,PAYMENT,1833.93,C8607659,5612.34,3778.40,M4634510,37532.54,39366.48,0,0,74.6,223.0,0,0.0,0.00,1.0,22.37
500,PAYMENT,321.95,C7301158,3120.71,2798.76,M5594199,7646.52,7968.47,0,0,31.2,168.3,0,0.0,0.00,1.0,12.65
349,PAYMENT,276.02,C4990050,2144.29,1868.27,M4574983,38858.63,39134.66,0,0,98.8,327.6,0,0.0,0.00,1.0,2.88
178,CASH_IN,463.23,C5229559,4274.31,3811.07,C4734079,40758.98,41222.21,0,0,108.0,127.8,0,0.0,0.00,1.0,2.10
345,TRANSFER,1703.72,C1524012,15399.02,13695.30,C1205304,1815.20,3518.92,0,0,242.0,121.4,0,0.0,0.00,1.0,0.11
506,PAYMENT,422.21,C1714959,3603.49,3181.28,M3567513,7745.34,8167.55,0,0,206.9,151.3,0,0.0,0.00,1.0,0.87
83,CASH_IN,716.08,C1722546,2195.56,1479.47,C5202214,15225.51,15941.59,0,0,288.0,330.5,0,0.0,0.00,1.0,4.24
524,PAYMENT,2207.75,C3604671,21935.15,19727.40,M8649433,8255.96,10463.71,0,0,244.5,213.0,1,0.0,0.00,1.0,21.17
137,TRANSFER,359.59,C1505861,934.07,574.47,C5502664,6012.46,6372.05,0,0,137.1,310.9,0,0.0,0.00,1.0,2.53
687,TRANSFER,254.84,C6836655,890.43,635.59,C5170417,47951.06,48205.90,0,0,191.0,360.2,0,0.0,0.00,1.0,5.61
129,DEBIT,839.03,C1974027,2428.15,1589.12,C6364248,9254.96,10093.99,0,0,159.3,356.1,0,0.0,0.00,1.0,16.73
39,TRANSFER,207.27,C6519405,636.73,429.46,C1686435,4824.80,5032.07,0,0,234.2,55.8,0,0.0,0.00,1.0,12.85
537,DEBIT,569.32,C7565393,2219.42,1650.10,C2648089,48923.12,49492.43,0,0,327.4,30.9,0,0.0,0.00,1.0,21.99
40,TRANSFER,124382.64,C8269755,133709.07,0.00,C5501374,0.00,124382.64,1,0,239.2,2.8,1,2.0,248765.29,1.0,93.21
717,DEBIT,872.75,C3772255,7501.80,6629.04,C4683295,596.82,1469.57,0,0,297.2,187.6,0,0.0,0.00,1.0,4.12
697,DEBIT,561.18,C7618441,842.71,281.53,C3335280,26728.61,27289.79,0,0,87.1,62.7,0,1.0,487.68,1.0,19.67
591,TRANSFER,652.63,C6045204,3310.55,2657.91,C9027550,19648.55,20301.18,0,0,176.9,121.3,0,0.0,0.00,1.0,17.74
42,CASH_IN,229.17,C8222979,2104.17,1875.00,C4160080,36364.45,36593.61,0,0,294.0,260.2,0,0.0,0.00,1.0,16.19
547,TRANSFER,1360.51,C2948017,6549.20,5188.70,C2688380,41445.86,42806.36,0,0,328.5,269.3,0,0.0,0.00,1.0,17.31
639,CASH_OUT,221763.99,C4247146,247507.44,0.00,C6505820,0.00,221763.99,1,1,340.8,1.9,1,1.0,221763.99,1.0,80.68
454,CASH_OUT,167498.72,C8913017,186074.21,0.00,C7009078,0.00,167498.72,1,0,1.7,6.5,1,2.0,334997.44,4.0,1.22
308,CASH_IN,295.95,C1483700,982.64,686.69,C4191637,29163.76,29459.72,0,0,53.0,149.6,0,0.0,0.00,1.0,13.47
711,CASH_IN,1887.69,C1829086,11621.74,9734.05,C7612604,9066.03,10953.72,0,0,177.4,197.6,0,0.0,0.00,1.0,12.99
549,TRANSFER,1046.02,C5100484,6472.00,5425.98,C6875845,33664.88,34710.90,0,0,357.1,231.9,1,0.0,0.00,1.0,24.61
248,CASH_IN,565.41,C4397494,1841.76,1276.35,C7022615,5608.52,6173.93,0,0,192.2,332.0,0,1.0,1406.22,1.0,12.19
231,PAYMENT,392.36,C3998450,970.76,578.40,M3815200,6648.75,7041.12,0,0,212.7,276.4,0,0.0,0.00,1.0,2.89
719,DEBIT,988.16,C6796908,2803.12,1814.96,C9286606,14996.97,15985.13,0,0,158.2,267.7,0,1.0,615.55,1.0,11.77
140,DEBIT,230.56,C5984974,794.31,563.75,C2250261,44034.59,44265.15,0,0,216.1,239.7,0,0.0,0.00,1.0,17.52
213,DEBIT,1029.46,C1005236,1658.02,628.56,C3226016,20390.32,21419.78,0,0,32.5,206.6,0,0.0,0.00,1.0,19.20
682,CASH_IN,226.73,C5081246,371.04,144.31,C7270560,23298.60,23525.32,0,0,112.2,267.9,0,1.0,641.12,1.0,13.27
154,PAYMENT,300.40,C6639887,2742.06,2441.65,M2487392,18123.75,18424.15,0,0,303.0,84.5,0,0.0,0.00,1.0,7.93
604,PAYMENT,7591.36,C1884059,33255.48,25664.12,M5595208,9998.92,17590.28,0,0,363.5,154.3,0,0.0,0.00,1.0,8.42
633,CASH_IN,479.78,C9887465,2487.25,2007.47,C8035294,21408.90,21888.68,0,0,129.5,117.1,0,0.0,0.00,1.0,18.47
513,TRANSFER,485.14,C7134188,3295.84,2810.70,C2993629,44656.79,45141.93,0,0,112.7,104.5,0,0.0,0.00,1.0,15.96
189,CASH_IN,3610.94,C8344167,34512.47,30901.53,C9792078,26536.78,30147.72,0,0,337.9,205.2,1,0.0,0.00,1.0,3.50
37,TRANSFER,447.98,C1219675,2820.73,2372.74,C1033474,15620.68,16068.67,0,0,241.4,146.5,0,0.0,0.00,1.0,9.27
357,DEBIT,229.32,C6974633,811.93,582.60,C6877294,48657.79,48887.11,0,0,114.1,174.9,0,0.0,0.00,1.0,16.59
147,CASH_OUT,161459.98,C9572073,192692.88,0.00,C6110462,0.00,161459.98,1,0,263.1,1.6,1,1.0,161459.98,1.0,74.30
633,DEBIT,1698.67,C4012201,13627.24,11928.57,C6894488,26238.35,27937.02,0,0,237.7,324.4,0,0.0,0.00,1.0,12.76
200,PAYMENT,142.99,C8199448,227.90,84.91,M4914737,12913.79,13056.78,0,0,295.1,326.1,0,0.0,0.00,1.0,6.11
259,PAYMENT,128.41,C8223591,753.69,625.28,M6902143,32931.41,33059.82,0,0,287.3,224.1,0,2.0,2057.03,1.0,6.07
357,DEBIT,217.19,C2738597,2109.69,1892.50,C6581574,44545.68,44762.87,0,0,106.8,95.9,0,0.0,0.00,1.0,13.14
483,TRANSFER,94007.94,C9021079,111746.32,0.00,C2573743,0.00,94007.94,1,0,4.1,4.1,1,11.0,178886.64,8.0,57.28
441,PAYMENT,482.14,C5482655,2024.67,1542.53,M7133253,28722.92,29205.06,0,0,357.9,135.5,0,0.0,0.00,1.0,11.89
345,PAYMENT,471.70,C1070582,3827.00,3355.30,M3668363,8833.48,9305.18,0,0,353.5,187.9,1,0.0,0.00,1.0,4.29
571,TRANSFER,512.07,C6525460,2215.10,1703.03,C1368499,38042.34,38554.41,0,0,206.0,349.3,0,0.0,0.00,1.0,21.73
84,PAYMENT,2725.53,C6605667,4605.36,1879.83,M9853500,38937.14,41662.67,0,0,298.4,325.6,0,0.0,0.00,1.0,17.20
171,CASH_IN,551.19,C4743895,3591.67,3040.48,C3294585,45412.50,45963.70,0,0,249.7,301.1,0,1.0,411.24,1.0,12.42
708,PAYMENT,464.42,C8932130,2709.78,2245.36,M5059734,13091.40,13555.82,0,0,170.0,159.5,0,0.0,0.00,1.0,8.18
334,TRANSFER,1166.24,C5272539,4909.96,3743.72,C4421366,24367.60,25533.84,0,0,258.0,304.0,0,0.0,0.00,1.0,1.96
706,PAYMENT,901.72,C2882750,7995.68,7093.96,M1371779,35093.56,35995.28,0,0,329.9,57.7,0,0.0,0.00,1.0,19.80
615,PAYMENT,709.97,C8581199,1647.38,937.42,M1531510,3181.00,3890.97,0,0,337.6,116.7,1,2.0,789.73,1.0,4.34
564,PAYMENT,1876.09,C3685032,16334.88,14458.79,M8048317,41428.84,43304.93,0,0,102.6,43.0,0,0.0,0.00,1.0,12.77
187,CASH_IN,367.58,C8949883,2811.89,2444.31,C9003814,36950.21,37317.79,0,0,121.7,197.8,0,0.0,0.00,1.0,7.79
545,CASH_IN,1983.64,C2619737,15392.83,13409.20,C6007193,40223.65,42207.29,0,0,185.3,240.7,0,0.0,0.00,1.0,13.75
258,PAYMENT,1669.01,C4630890,3702.89,2033.88,M1825170,21010.27,22679.29,0,0,195.4,343.8,0,0.0,0.00,1.0,13.27
452,PAYMENT,1087.45,C4670967,1851.53,764.09,M9729979,15080.29,16167.74,0,0,146.4,70.0,0,0.0,0.00,1.0,7.49
398,TRANSFER,2179.64,C3814432,7732.45,5552.81,C3712046,20232.13,22411.76,0,0,162.8,244.8,0,0.0,0.00,1.0,5.25
44,CASH_IN,5853.80,C8898893,40350.04,34496.24,C5601907,1464.41,7318.21,0,0,85.8,195.7,1,0.0,0.00,1.0,13.74
523,PAYMENT,610.37,C6856109,4429.84,3819.46,M9167389,46796.84,47407.21,0,0,356.0,275.3,0,0.0,0.00,1.0,0.24
580,TRANSFER,39170.48,C2707399,44988.43,0.00,C8137592,0.00,39170.48,1,0,1.2,2.8,1,11.0,171615.52,8.0,74.18
322,DEBIT,326.45,C6681778,1210.03,883.57,C2993539,22596.66,22923.11,0,0,63.7,130.9,1,1.0,670.62,1.0,9.21
521,PAYMENT,3981.55,C6454536,28275.38,24293.83,M3233051,21630.03,25611.58,0,0,153.1,97.4,0,1.0,357.33,1.0,5.39
689,DEBIT,479.39,C7556423,2738.91,2259.51,C8140219,49733.42,50212.81,0,0,113.7,259.3,0,0.0,0.00,1.0,23.87
162,DEBIT,708.93,C1891706,5723.40,5014.48,C1585260,5385.65,6094.58,0,0,208.4,161.5,1,0.0,0.00,1.0,5.10
474,DEBIT,409.65,C1927013,1095.68,686.03,C6489198,19622.18,20031.83,0,0,358.5,97.6,0,0.0,0.00,1.0,5.59
662,PAYMENT,455.10,C1965846,1554.13,1099.03,M4248055,23365.44,23820.54,0,0,290.3,43.7,0,0.0,0.00,1.0,13.41
104,CASH_IN,2385.73,C6326168,5101.04,2715.31,C2568339,24489.06,26874.79,0,0,194.1,80.2,0,0.0,0.00,1.0,6.91
243,CASH_OUT,151529.84,C4521421,155051.79,0.00,C2778686,0.00,151529.84,1,0,2.9,2.6,1,3.0,454589.51,4.0,26.55
668,DEBIT,2221.57,C9264249,7773.10,5551.53,C3457564,36879.56,39101.13,0,0,341.7,94.3,0,0.0,0.00,1.0,8.28
474,PAYMENT,257.42,C9509713,1040.69,783.28,M4574490,44058.51,44315.92,0,0,51.2,303.2,1,1.0,1062.88,1.0,22.74
661,TRANSFER,125273.31,C6403840,138718.63,0.00,C4470772,0.00,125273.31,1,0,184.6,2.6,1,3.0,375819.94,2.0,91.59
591,CASH_OUT,124222.43,C2432642,148829.54,0.00,C5739169,0.00,124222.43,1,0,279.1,2.6,1,3.0,372667.29,1.0,83.38
326,TRANSFER,1087.29,C2294660,4801.24,3713.95,C2944225,48669.60,49756.89,0,0,58.2,301.4,0,0.0,0.00,1.0,10.94
145,TRANSFER,38319.76,C9722942,45683.91,0.00,C8443378,0.00,38319.76,1,0,4.0,0.8,1,11.0,484770.18,3.0,76.73
332,DEBIT,504.88,C4133673,3677.40,3172.52,C2466066,41463.31,41968.19,0,0,258.4,164.0,1,0.0,0.00,1.0,21.49
369,CASH_IN,1032.04,C3977316,4192.01,3159.97,C7088299,16397.28,17429.32,0,0,108.9,250.8,0,1.0,982.54,1.0,6.35
112,PAYMENT,64.21,C8007583,153.59,89.39,M1298055,19975.89,20040.10,0,0,90.2,64.4,0,1.0,580.68,1.0,18.93
620,PAYMENT,5475.58,C4636952,21932.31,16456.73,M9436287,47417.86,52893.44,0,0,73.7,120.3,0,0.0,0.00,1.0,24.54
118,PAYMENT,644.41,C8963684,1306.64,662.23,M6021460,20735.12,21379.53,0,0,72.7,216.2,0,1.0,1396.14,1.0,18.21
460,TRANSFER,321908.36,C4330345,356327.22,0.00,C3892993,0.00,321908.36,1,1,6.7,0.1,1,3.0,965725.08,1.0,12.90
152,DEBIT,1011.57,C6121310,2674.34,1662.77,C9717565,39825.21,40836.78,0,0,66.6,185.7,0,0.0,0.00,1.0,7.96
423,PAYMENT,372.32,C5337388,731.49,359.17,M4841891,25038.74,25411.06,0,0,223.1,170.1,0,1.0,836.41,1.0,2.48
424,CASH_IN,177.66,C3391007,1289.71,1112.05,C8682125,3930.58,4108.24,0,0,122.3,307.5,0,0.0,0.00,1.0,1.88
169,TRANSFER,252641.93,C7637935,260080.84,0.00,C8654853,0.00,252641.93,1,1,2.1,5.2,1,2.0,505283.87,2.0,1.03
195,CASH_IN,626.72,C6857697,4822.68,4195.96,C9442834,2669.31,3296.03,0,0,146.9,156.4,0,2.0,1978.34,1.0,1.52
107,TRANSFER,550.37,C5015061,3598.76,3048.39,C4145101,22743.68,23294.06,0,0,255.8,104.7,0,1.0,1318.34,1.0,14.04
468,CASH_OUT,170342.60,C7803935,202692.16,0.00,C4529201,0.00,170342.60,1,0,5.6,0.4,1,5.0,851713.01,1.0,19.83
279,CASH_IN,9037.93,C2467942,33844.48,24806.55,C8777798,7493.41,16531.34,0,0,353.1,46.5,0,1.0,468.15,1.0,23.37
289,CASH_OUT,63891.21,C8853104,68326.03,0.00,C9535594,0.00,63891.21,1,0,3.3,0.9,1,15.0,481051.82,9.0,47.48
135,PAYMENT,416.77,C5703695,4139.16,3722.39,M2554283,9490.24,9907.01,0,0,152.7,225.8,0,0.0,0.00,1.0,13.13
567,CASH_IN,1369.60,C8410229,6726.62,5357.02,C6715198,31015.62,32385.22,0,0,363.7,65.9,0,0.0,0.00,1.0,12.35
332,TRANSFER,6225.03,C3360942,31884.68,25659.65,C8927139,4854.98,11080.01,0,0,85.1,64.0,0,0.0,0.00,1.0,5.02
513,DEBIT,376.60,C8462736,1548.92,1172.32,C9314089,28367.19,28743.79,0,0,205.7,37.6,0,0.0,0.00,1.0,14.60
183,TRANSFER,236452.75,C2147143,267835.64,0.00,C2319829,0.00,236452.75,1,1,270.9,1.3,1,2.0,472905.50,4.0,78.26
111,TRANSFER,2046.85,C8037810,7798.31,5751.47,C4899545,40943.82,42990.67,0,0,190.1,341.2,0,0.0,0.00,1.0,7.58
280,DEBIT,1146.47,C4319582,9034.04,7887.57,C6981899,25562.26,26708.73,0,0,329.2,77.6,0,0.0,0.00,1.0,20.81
160,PAYMENT,1391.37,C8653676,6109.93,4718.56,M1410277,5228.56,6619.93,0,0,88.9,136.2,0,2.0,2479.13,1.0,23.09
326,CASH_OUT,105625.40,C6165655,118509.28,0.00,C8748414,0.00,105625.40,1,0,326.0,1.2,1,3.0,316876.21,1.0,86.01
610,PAYMENT,755.98,C5872660,2571.50,1815.52,M8504739,13157.15,13913.13,0,0,222.7,31.9,0,0.0,0.00,1.0,13.57
93,CASH_IN,1619.50,C7623317,3887.61,2268.11,C8763660,30330.05,31949.55,0,0,307.7,338.1,1,1.0,433.85,1.0,20.68
455,PAYMENT,205.83,C8069531,439.32,233.49,M9877616,10225.28,10431.11,0,0,295.4,233.7,0,0.0,0.00,1.0,23.13
665,PAYMENT,440.70,C6150130,2375.53,1934.83,M1648564,37409.05,37849.74,0,0,146.6,315.9,0,0.0,0.00,1.0,6.87
661,PAYMENT,1900.96,C3367086,17417.63,15516.67,M8680900,5523.86,7424.82,0,0,204.7,323.8,0,1.0,402.52,1.0,18.42
700,TRANSFER,330924.95,C2483666,348545.80,0.00,C7168443,0.00,330924.95,1,1,4.2,3.1,1,3.0,992774.85,1.0,2.27
80,CASH_IN,521.03,C8233087,5140.50,4619.46,C2009365,14919.13,15440.16,0,0,227.2,222.7,0,0.0,0.00,1.0,18.80
251,TRANSFER,323.95,C3510818,912.26,588.31,C1517800,39393.47,39717.42,0,0,304.3,269.2,0,0.0,0.00,1.0,16.06
60,TRANSFER,597.39,C9709966,5604.80,5007.41,C4608927,6010.11,6607.50,0,0,57.2,155.4,0,2.0,2719.57,1.0,14.05
392,PAYMENT,113.24,C9935661,990.58,877.34,M1953231,35785.17,35898.42,0,0,171.3,216.8,0,0.0,0.00,1.0,6.81
32,CASH_IN,1259.28,C1615396,10387.96,9128.68,C3614404,18884.60,20143.88,0,0,254.9,346.3,0,0.0,0.00,1.0,12.10
490,DEBIT,1585.51,C7652633,8068.00,6482.48,C3413675,7254.75,8840.26,0,0,162.9,45.5,1,0.0,0.00,1.0,4.46
306,DEBIT,304.02,C8839435,1311.62,1007.60,C4372927,3226.21,3530.23,0,0,312.7,168.8,0,0.0,0.00,1.0,20.54
686,PAYMENT,802.29,C7126091,4891.78,4089.49,M8453894,41472.46,42274.74,0,0,33.1,154.1,0,0.0,0.00,1.0,15.67
292,TRANSFER,103861.90,C9866041,121675.74,0.00,C5295243,0.00,103861.90,1,0,361.9,1.8,1,2.0,207723.80,2.0,97.30
232,PAYMENT,1929.23,C4339431,7415.60,5486.37,M3007262,33001.11,34930.34,0,0,33.7,160.7,0,0.0,0.00,1.0,21.72
468,CASH_IN,474.62,C5702552,4608.43,4133.81,C2953616,23666.54,24141.16,0,0,364.6,106.9,0,0.0,0.00,1.0,5.64
560,DEBIT,1196.62,C6922855,7065.55,5868.93,C6311858,2200.55,3397.17,0,0,145.0,170.8,0,1.0,903.11,1.0,7.11
500,CASH_IN,1271.45,C6783355,3256.72,1985.27,C8397560,39816.16,41087.60,0,0,51.7,96.3,0,1.0,1402.29,1.0,5.76
347,DEBIT,444.04,C3917313,3776.00,3331.96,C6001807,17234.21,17678.26,0,0,89.9,79.5,1,2.0,815.77,1.0,4.76
467,CASH_OUT,159515.98,C6561232,161200.66,0.00,C9706156,0.00,159515.98,1,0,289.3,1.3,1,1.0,159515.98,2.0,89.57
329,PAYMENT,407.27,C3005008,1301.78,894.51,M6398439,32782.60,33189.87,0,0,254.3,177.9,0,0.0,0.00,1.0,0.13
34,CASH_IN,860.08,C9721709,4180.67,3320.60,C8997434,15010.30,15870.37,0,0,68.2,345.2,0,0.0,0.00,1.0,14.45
662,PAYMENT,427.34,C5380048,2872.46,2445.12,M9833342,34822.95,35250.29,0,0,138.5,124.3,0,1.0,375.98,1.0,8.12
637,PAYMENT,1853.72,C2167677,4067.15,2213.44,M5033121,49686.17,51539.89,0,0,56.2,83.2,1,0.0,0.00,1.0,1.92
37,DEBIT,1243.28,C7373752,8322.62,7079.33,C9648318,27672.30,28915.58,0,0,269.2,123.9,0,0.0,0.00,1.0,22.69
561,TRANSFER,1201.00,C9932255,2280.13,1079.13,C8905156,30765.07,31966.07,0,0,170.2,289.4,0,0.0,0.00,1.0,19.06
523,CASH_IN,400.14,C3753453,3636.97,3236.83,C9819922,22903.94,23304.08,0,0,279.8,59.0,1,0.0,0.00,1.0,18.75
134,TRANSFER,102792.97,C8689669,122178.19,0.00,C8720771,0.00,102792.97,1,0,193.0,4.9,1,1.0,102792.97,1.0,77.84
87,TRANSFER,819.83,C7765127,2728.09,1908.26,C2604510,435.44,1255.27,0,0,349.7,361.8,0,0.0,0.00,1.0,12.58
206,TRANSFER,781.74,C8694187,2110.75,1329.01,C3821388,6620.38,7402.12,0,0,299.3,139.9,0,0.0,0.00,1.0,24.94
545,PAYMENT,683.47,C4657236,1887.84,1204.37,M2366347,11577.02,12260.49,0,0,31.2,206.4,0,0.0,0.00,1.0,7.34
585,DEBIT,1373.35,C6609418,10942.68,9569.33,C9973440,4978.88,6352.23,0,0,52.8,92.2,0,0.0,0.00,1.0,20.14
344,CASH_IN,291.66,C8173955,1096.43,804.77,C1759393,8542.53,8834.19,0,0,126.7,303.8,1,0.0,0.00,1.0,10.17
307,DEBIT,866.60,C4000419,2666.11,1799.51,C3838536,47701.85,48568.45,0,0,335.7,119.0,0,1.0,1169.68,1.0,1.17
368,DEBIT,662.59,C6472686,1675.96,1013.37,C1512938,30540.75,31203.34,0,0,70.4,227.5,0,0.0,0.00,1.0,15.89
429,DEBIT,158.18,C9387363,791.66,633.48,C6040849,39124.90,39283.08,0,0,180.3,155.7,1,0.0,0.00,1.0,2.56
219,CASH_OUT,83625.99,C6210462,99129.75,0.00,C4395814,0.00,83625.99,1,0,301.4,1.2,1,2.0,167251.97,1.0,75.98
471,TRANSFER,233619.69,C7400427,274549.14,0.00,C3996246,0.00,233619.69,1,1,283.1,4.4,1,3.0,700859.08,1.0,73.83
659,CASH_IN,3838.01,C2874473,12145.85,8307.84,C8814253,27568.76,31406.77,0,0,208.3,348.9,0,1.0,1246.88,1.0,9.15
708,CASH_IN,701.87,C5411370,3026.96,2325.09,C8447887,26909.34,27611.21,0,0,38.4,97.7,0,2.0,2814.17,1.0,12.61
68,PAYMENT,1002.61,C2594860,2773.04,1770.43,M4135021,1492.99,2495.59,0,0,129.7,272.4,0,0.0,0.00,1.0,21.68
512,PAYMENT,1524.09,C3929270,4469.49,2945.39,M7517491,25660.96,27185.05,0,0,135.1,293.2,1,0.0,0.00,1.0,23.27
250,TRANSFER,387.63,C4537159,1621.07,1233.45,C6148909,298.78,686.41,0,0,256.6,65.1,0,0.0,0.00,1.0,24.77
492,PAYMENT,586.49,C1996214,1972.18,1385.70,M2178249,9596.82,10183.31,0,0,48.2,168.8,0,0.0,0.00,1.0,0.88
248,TRANSFER,309.89,C2441778,1378.75,1068.85,C1867999,12238.89,12548.79,0,0,282.3,248.2,0,0.0,0.00,1.0,11.16
57,PAYMENT,586.31,C8835065,2402.36,1816.05,M6406040,4854.58,5440.89,0,0,141.2,218.9,0,0.0,0.00,1.0,1.44
402,DEBIT,1268.17,C2109479,10235.79,8967.62,C6007298,3172.74,4440.91,0,0,111.4,308.0,0,0.0,0.00,1.0,23.82
338,CASH_OUT,93568.83,C9494436,96543.74,0.00,C7731138,0.00,93568.83,1,0,1.8,3.3,1,13.0,479959.65,4.0,57.27
162,DEBIT,1202.14,C6404183,11815.51,10613.37,C2700897,19353.20,20555.34,0,0,140.0,106.4,0,0.0,0.00,1.0,0.82
477,TRANSFER,2985.93,C2370853,20757.84,17771.91,C2956147,12707.84,15693.77,0,0,57.2,255.4,0,1.0,842.14,1.0,16.71
453,PAYMENT,723.04,C1797950,4310.93,3587.89,M2785574,11946.51,12669.55,0,0,137.8,171.9,0,0.0,0.00,1.0,18.86
493,CASH_IN,419.72,C7729027,3655.47,3235.75,C8847261,49620.53,50040.25,0,0,286.0,194.5,0,0.0,0.00,1.0,4.25
345,DEBIT,455.72,C7035349,754.95,299.23,C8032740,45263.84,45719.56,0,0,176.8,319.9,0,0.0,0.00,1.0,21.64
449,TRANSFER,157.85,C4792104,819.51,661.65,C4453026,37923.98,38081.83,0,0,209.9,122.2,1,0.0,0.00,1.0,6.95
611,PAYMENT,811.69,C8271132,4740.24,3928.55,M4244045,18620.22,19431.91,0,0,293.0,153.8,1,0.0,0.00,1.0,19.00
691,PAYMENT,1002.80,C6707795,6138.19,5135.39,M5552205,29956.11,30958.91,0,0,202.2,315.9,0,0.0,0.00,1.0,11.21
474,DEBIT,533.64,C7417655,3309.69,2776.04,C2907527,43780.23,44313.87,0,0,266.7,293.3,0,0.0,0.00,1.0,1.10
621,CASH_IN,125.83,C4980319,369.01,243.18,C8992857,28875.12,29000.95,0,0,361.4,340.0,0,0.0,0.00,1.0,15.60
470,CASH_IN,2079.28,C5710415,18858.87,16779.59,C5791638,4741.71,6820.99,0,0,87.4,214.6,0,0.0,0.00,1.0,22.65
234,PAYMENT,1444.31,C8792107,13699.31,12255.00,M8002414,21353.66,22797.97,0,0,222.6,87.4,0,0.0,0.00,1.0,18.66
157,PAYMENT,3629.29,C4782965,19516.21,15886.92,M9483769,26026.51,29655.80,0,0,279.8,187.0,0,0.0,0.00,1.0,7.76
205,TRANSFER,621.93,C3813646,4398.57,3776.65,C1177369,31127.53,31749.45,0,0,129.2,160.3,0,0.0,0.00,1.0,12.67
483,TRANSFER,53477.68,C4395564,57076.27,0.00,C7282108,0.00,53477.68,1,0,4.2,1.5,1,9.0,487979.44,5.0,67.36
272,DEBIT,1307.03,C9560587,6351.63,5044.60,C8350210,30346.01,31653.04,0,0,263.3,225.4,0,0.0,0.00,1.0,8.23
395,CASH_IN,1097.82,C8885995,5091.15,3993.33,C6176563,21763.81,22861.63,0,0,156.1,157.4,0,1.0,617.09,1.0,18.95
611,TRANSFER,567.46,C2448618,3717.71,3150.25,C3310388,20055.42,20622.88,0,0,70.0,261.7,0,0.0,0.00,1.0,22.37
710,CASH_IN,859.65,C7492456,1366.61,506.96,C5601320,41989.75,42849.40,0,0,67.0,301.0,0,0.0,0.00,1.0,14.49
519,DEBIT,203.11,C6048647,712.33,509.22,C3678418,7550.90,7754.01,0,0,50.8,88.9,0,0.0,0.00,1.0,24.96
470,DEBIT,2426.00,C4959462,21406.48,18980.48,C3530672,13192.44,15618.44,0,0,211.4,30.9,0,1.0,1180.94,1.0,7.85
476,TRANSFER,509.30,C3239587,3518.59,3009.29,C7912858,2512.40,3021.70,0,0,198.6,184.7,0,0.0,0.00,1.0,23.46
305,CASH_IN,388.83,C2554170,2585.86,2197.04,C7470188,15904.73,16293.56,0,0,40.5,313.4,1,0.0,0.00,1.0,14.97
556,TRANSFER,110255.62,C2031349,122520.74,0.00,C7242201,0.00,110255.62,1,0,281.7,2.6,1,3.0,330766.85,2.0,93.36
451,TRANSFER,204.42,C1198936,369.16,164.74,C1638929,15481.18,15685.61,0,0,87.8,117.5,0,1.0,1274.95,1.0,1.68
437,TRANSFER,446.38,C9663668,1014.03,567.65,C9363420,35187.82,35634.21,0,0,351.6,34.7,1,0.0,0.00,1.0,15.28
521,TRANSFER,567.89,C7025267,3343.30,2775.41,C7792819,48344.61,48912.50,0,0,199.6,43.1,0,0.0,0.00,1.0,18.32
362,TRANSFER,385.82,C8544672,1439.67,1053.84,C3124323,40334.79,40720.62,0,0,307.8,246.8,0,0.0,0.00,1.0,8.83
705,PAYMENT,1869.52,C9190772,7636.25,5766.74,M2074600,42323.26,44192.78,0,0,335.5,108.7,0,0.0,0.00,1.0,8.00
84,DEBIT,250.40,C7099367,1103.80,853.41,C4260341,32967.64,33218.03,0,0,222.4,79.6,0,1.0,503.97,1.0,7.44
309,PAYMENT,549.82,C1081298,1905.59,1355.77,M9908256,2215.07,2764.89,0,0,193.2,159.7,0,2.0,1938.52,1.0,14.78
323,DEBIT,2345.78,C8560640,18233.66,15887.88,C9630978,39466.72,41812.49,0,0,353.7,214.3,1,1.0,1136.49,1.0,10.76
587,CASH_IN,586.94,C4347457,3404.99,2818.04,C8821837,25471.71,26058.66,0,0,327.6,245.4,0,0.0,0.00,1.0,13.85
108,DEBIT,6271.29,C6383278,47796.82,41525.53,C5567239,30587.29,36858.59,0,0,36.8,203.2,0,1.0,1489.07,1.0,8.56
546,TRANSFER,97.17,C2070021,774.67,677.50,C4162416,10486.19,10583.37,0,0,65.4,217.6,0,0.0,0.00,1.0,3.72
636,TRANSFER,486.82,C3204381,2766.11,2279.28,C6425380,24414.59,24901.41,0,0,129.8,233.2,0,0.0,0.00,1.0,13.74
205,CASH_IN,632.17,C4255385,1945.54,1313.37,C2248810,28548.02,29180.19,0,0,162.3,131.0,1,0.0,0.00,1.0,19.39
663,DEBIT,445.71,C3849467,2593.41,2147.69,C1917758,43107.84,43553.56,0,0,150.8,250.2,0,1.0,1122.24,1.0,5.55
357,PAYMENT,1501.53,C8481342,7949.57,6448.04,M2660960,22068.10,23569.63,0,0,289.6,137.9,0,0.0,0.00,1.0,23.98
134,CASH_IN,1354.98,C2124809,9075.30,7720.31,C7190523,41383.94,42738.93,0,0,323.5,86.6,0,1.0,782.44,1.0,13.49
115,DEBIT,523.50,C9190844,2382.16,1858.66,C5174245,21320.33,21843.83,0,0,84.1,226.4,1,1.0,565.71,1.0,17.38
626,CASH_IN,951.12,C9066667,5669.92,4718.80,C6255657,13910.57,14861.69,0,0,243.7,52.2,0,0.0,0.00,1.0,6.18
128,DEBIT,232.74,C3444220,1893.43,1660.69,C2788754,16297.08,16529.82,0,0,146.5,32.5,0,0.0,0.00,1.0,21.00
524,DEBIT,1115.36,C2756807,6209.54,5094.18,C5706720,17670.10,18785.46,0,0,111.6,67.8,1,0.0,0.00,1.0,9.14
378,PAYMENT,1366.55,C6129507,13560.24,12193.69,M4142065,45004.76,46371.32,0,0,97.5,180.4,0,0.0,0.00,1.0,9.12
518,DEBIT,1187.55,C2383691,11058.18,9870.63,C4778908,44640.04,45827.60,0,0,138.8,57.6,0,1.0,1429.07,1.0,24.38
634,CASH_IN,779.23,C5311151,2299.51,1520.28,C5212304,37744.72,38523.95,0,0,310.1,185.5,0,0.0,0.00,1.0,6.15
296,TRANSFER,413.04,C4101114,1991.51,1578.48,C6816903,27997.62,28410.66,0,0,353.5,299.0,1,1.0,1275.44,1.0,20.13
250,PAYMENT,1214.27,C7209284,8506.73,7292.46,M9537701,25492.24,26706.51,0,0,310.0,92.5,0,0.0,0.00,1.0,15.54
68,PAYMENT,794.36,C9428883,3971.36,3176.99,M9974043,22527.71,23322.08,0,0,268.0,242.9,0,1.0,331.60,1.0,0.05
349,CASH_OUT,15604.75,C4285251,17710.10,0.00,C4591978,0.00,15604.75,1,0,141.4,1.8,1,1.0,15604.75,1.0,75.31
44,PAYMENT,174.10,C8861574,412.74,238.64,M5497407,49985.71,50159.81,0,0,266.9,292.5,0,0.0,0.00,1.0,11.14
471,DEBIT,787.56,C1596218,4946.42,4158.87,C1014443,16632.26,17419.82,0,0,50.1,340.2,1,0.0,0.00,1.0,19.65
686,CASH_IN,2287.01,C7799238,13286.67,10999.66,C7036047,21545.89,23832.90,0,0,183.5,121.9,0,0.0,0.00,1.0,7.63
698,CASH_OUT,41892.52,C7006456,46198.48,0.00,C9601773,0.00,41892.52,1,0,5.4,5.0,1,10.0,360336.45,5.0,67.09
302,CASH_IN,390.13,C3921245,2924.44,2534.31,C6341828,29435.49,29825.62,0,0,276.7,104.4,0,0.0,0.00,1.0,17.10
617,DEBIT,411.71,C5982045,2655.45,2243.74,C6082332,23920.09,24331.80,0,0,223.2,229.9,0,1.0,1270.58,1.0,21.10
569,TRANSFER,516.71,C4734929,4516.82,4000.11,C6370569,16419.53,16936.24,0,0,292.0,320.4,1,0.0,0.00,1.0,13.83
522,DEBIT,736.87,C9036737,5922.29,5185.42,C6065354,17196.15,17933.01,0,0,296.8,323.6,0,0.0,0.00,1.0,19.46
514,CASH_IN,1309.92,C2862863,2612.51,1302.59,C8109091,39589.95,40899.87,0,0,309.9,182.7,0,1.0,1231.48,1.0,9.05
595,CASH_IN,723.05,C1206378,6909.64,6186.60,C2932182,22350.40,23073.45,0,0,70.9,357.8,0,0.0,0.00,1.0,0.32
671,TRANSFER,168445.72,C8093569,198787.97,0.00,C5689941,0.00,168445.72,1,0,1.2,7.0,1,2.0,336891.44,2.0,2.26
617,DEBIT,244.70,C9765957,1675.52,1430.82,C3029986,11440.22,11684.91,0,0,142.0,81.2,0,1.0,984.17,1.0,4.41
304,TRANSFER,491.46,C7766912,1392.92,901.46,C6352027,46499.13,46990.59,0,0,254.7,37.1,0,0.0,0.00,1.0,20.68
145,CASH_IN,692.58,C8883771,3886.53,3193.95,C6081133,42046.95,42739.53,0,0,262.2,63.5,0,0.0,0.00,1.0,17.50
691,DEBIT,2946.63,C4799326,21867.36,18920.73,C3144201,11413.21,14359.84,0,0,58.6,247.2,0,0.0,0.00,1.0,4.47
577,CASH_OUT,44220.03,C8379330,46831.19,0.00,C3809057,0.00,44220.03,1,0,4.1,1.8,1,10.0,570899.85,3.0,51.23
38,TRANSFER,873.35,C4880846,2572.01,1698.66,C2424751,40945.70,41819.05,0,0,72.3,71.7,0,1.0,1346.71,1.0,2.68
213,TRANSFER,827.88,C9493234,8080.45,7252.56,C9605257,45450.91,46278.80,0,0,293.4,223.1,0,2.0,2814.08,1.0,2.80
448,PAYMENT,2109.16,C3406851,17636.19,15527.02,M3405294,35109.61,37218.77,0,0,38.6,118.8,0,0.0,0.00,1.0,4.70
712,DEBIT,701.33,C4395267,1402.33,701.00,C8343156,49919.48,50620.81,0,0,54.3,358.6,0,0.0,0.00,1.0,14.86
617,CASH_IN,289.07,C2993406,2216.51,1927.45,C1202943,134.44,423.51,0,0,61.6,143.3,0,1.0,1023.98,1.0,14.90
425,DEBIT,138.23,C4265543,655.38,517.16,C6465529,12301.54,12439.77,0,0,30.3,230.5,0,0.0,0.00,1.0,8.29
213,DEBIT,441.21,C5092017,1592.45,1151.23,C3432279,23375.35,23816.57,0,0,252.9,213.0,0,1.0,406.54,1.0,14.34
421,DEBIT,1278.25,C7400002,9274.63,7996.38,C3091425,12175.26,13453.51,0,0,259.9,248.7,0,2.0,1742.79,1.0,2.38
60,DEBIT,2069.19,C8494135,18446.09,16376.90,C9303928,48946.59,51015.77,0,0,199.8,174.0,0,0.0,0.00,1.0,9.95
689,TRANSFER,3163.01,C6704325,28787.55,25624.54,C6348681,22455.62,25618.63,0,0,334.2,197.2,0,0.0,0.00,1.0,19.56
568,CASH_IN,1130.10,C9598009,9344.06,8213.96,C9220059,20846.69,21976.79,0,0,317.9,297.5,1,0.0,0.00,1.0,2.16
274,CASH_IN,356.66,C3623884,1647.76,1291.11,C7905539,41046.78,41403.43,0,0,302.9,274.4,0,0.0,0.00,1.0,14.48
520,PAYMENT,819.73,C3248912,6187.36,5367.63,M3972896,19031.83,19851.56,0,0,69.6,168.2,0,2.0,496.96,1.0,14.75
426,DEBIT,261.68,C4333323,1552.75,1291.07,C5664210,36517.21,36778.89,0,0,110.6,83.7,1,0.0,0.00,1.0,4.94
536,PAYMENT,983.09,C7778642,4742.26,3759.17,M3160227,34555.72,35538.81,0,0,38.4,121.4,0,0.0,0.00,1.0,11.35
179,DEBIT,518.17,C5296855,3345.53,2827.36,C7008327,34355.46,34873.63,0,0,59.4,193.3,0,0.0,0.00,1.0,21.83
660,DEBIT,1846.94,C3742917,16040.58,14193.64,C1999806,15625.10,17472.04,0,0,324.0,45.0,0,0.0,0.00,1.0,9.29
427,CASH_IN,1145.86,C8452897,8762.10,7616.24,C9849739,43157.20,44303.05,0,0,353.1,342.9,0,0.0,0.00,1.0,12.19
591,TRANSFER,4464.47,C3487125,44376.69,39912.22,C8088774,46856.22,51320.70,0,0,207.4,180.8,0,1.0,1282.24,1.0,22.68
328,PAYMENT,607.36,C1424885,2477.88,1870.51,M5331622,41824.01,42431.38,0,0,179.9,145.9,0,0.0,0.00,1.0,6.52
687,CASH_IN,485.74,C8485046,2366.68,1880.94,C9924823,2921.17,3406.91,0,0,161.6,194.1,0,0.0,0.00,1.0,23.71
393,TRANSFER,737.41,C4387442,1876.91,1139.50,C4462198,5382.08,6119.50,0,0,64.4,351.6,0,1.0,931.66,1.0,15.49
137,DEBIT,248.15,C2852412,1962.15,1714.00,C6073145,19147.00,19395.15,0,0,352.5,120.1,1,0.0,0.00,1.0,2.56
328,TRANSFER,3872.97,C6385431,37417.26,33544.30,C3109910,37847.81,41720.77,0,0,244.8,147.1,1,0.0,0.00,1.0,11.72
479,CASH_IN,4560.62,C7694488,34724.47,30163.86,C7781035,34543.44,39104.05,0,0,175.4,106.6,0,0.0,0.00,1.0,13.79
378,PAYMENT,306.09,C6101623,1659.84,1353.75,M9946792,19808.43,20114.52,0,0,203.8,285.9,1,0.0,0.00,1.0,5.59
201,CASH_IN,903.98,C4196918,4648.71,3744.73,C6145895,29011.03,29915.01,0,0,245.9,304.9,1,1.0,248.86,1.0,22.47
374,TRANSFER,1130.44,C1971540,4962.38,3831.94,C8685717,18872.05,20002.49,0,0,265.4,133.8,0,1.0,414.90,1.0,19.96
521,TRANSFER,947.86,C3996028,1485.89,538.03,C4112886,4308.40,5256.26,0,0,248.8,141.6,0,0.0,0.00,1.0,5.96
371,TRANSFER,920.46,C2696459,5250.58,4330.12,C4439917,28752.85,29673.31,0,0,69.1,59.3,0,0.0,0.00,1.0,2.31
687,CASH_OUT,84568.34,C6900218,85093.35,0.00,C6602835,0.00,84568.34,1,0,266.0,0.4,1,1.0,84568.34,1.0,74.78
307,TRANSFER,460.25,C8141111,1709.72,1249.47,C5631503,46256.16,46716.40,0,0,211.8,108.3,0,0.0,0.00,1.0,20.46
386,DEBIT,932.66,C1832029,3314.84,2382.19,C6364951,45324.33,46256.99,0,0,262.9,134.2,0,0.0,0.00,1.0,7.53
714,CASH_IN,1005.05,C8767142,4247.09,3242.04,C5617557,38464.07,39469.12,0,0,161.1,158.1,0,0.0,0.00,1.0,3.74
187,PAYMENT,377.40,C4460700,2802.58,2425.17,M3121297,48448.18,48825.58,0,0,97.8,149.8,0,1.0,427.87,1.0,8.84
327,CASH_IN,323.47,C5462527,1090.55,767.08,C1830219,20220.81,20544.28,0,0,271.0,353.7,0,2.0,2059.87,1.0,18.71
64,CASH_IN,2248.61,C8727272,3818.91,1570.30,C3728107,34207.88,36456.49,0,0,289.8,307.5,0,0.0,0.00,1.0,12.27
213,DEBIT,558.28,C5284984,2173.51,1615.24,C4112243,20063.53,20621.80,0,0,165.4,173.5,0,0.0,0.00,1.0,16.67
400,TRANSFER,234.92,C6768040,2229.92,1995.01,C1379443,16676.82,16911.74,0,0,144.6,111.7,1,0.0,0.00,1.0,24.39
425,TRANSFER,376.56,C9115498,1493.79,1117.23,C2012770,43265.99,43642.55,0,0,248.3,320.5,0,0.0,0.00,1.0,23.65
685,PAYMENT,170.74,C8627442,1083.16,912.41,M6837111,36133.57,36304.31,0,0,349.7,134.8,0,0.0,0.00,1.0,9.90
338,TRANSFER,276073.43,C6375301,329878.71,0.00,C1372574,0.00,276073.43,1,1,5.1,1.5,1,5.0,1380367.14,1.0,7.45
192,CASH_OUT,150181.14,C8132923,165386.47,0.00,C1243115,0.00,150181.14,1,0,245.9,1.0,1,3.0,450543.41,1.0,72.46
162,DEBIT,1119.65,C6791817,9221.05,8101.40,C8711673,28480.92,29600.57,0,0,337.7,197.0,1,0.0,0.00,1.0,20.73
618,PAYMENT,296.06,C4292817,2743.55,2447.50,M1526507,32451.17,32747.23,0,0,64.9,364.9,0,1.0,827.09,1.0,23.06
584,CASH_IN,1144.01,C3456865,6054.19,4910.19,C9257482,45489.91,46633.92,0,0,271.8,354.2,1,0.0,0.00,1.0,22.29
58,DEBIT,2020.48,C4635835,16431.98,14411.50,C7132338,37216.35,39236.83,0,0,295.9,363.9,0,0.0,0.00,1.0,0.27
619,TRANSFER,1920.04,C7654512,18336.90,16416.86,C5590546,24963.15,26883.19,0,0,74.7,185.6,0,1.0,348.89,1.0,20.60
476,CASH_IN,605.31,C8629350,4518.24,3912.94,C6783801,5192.63,5797.94,0,0,109.3,279.9,0,0.0,0.00,1.0,14.86
283,DEBIT,2092.15,C5973316,16559.61,14467.45,C7956964,27224.02,29316.18,0,0,200.1,292.2,0,0.0,0.00,1.0,22.48
555,TRANSFER,168104.69,C8538484,177018.55,0.00,C8709601,0.00,168104.69,1,0,195.8,4.5,1,2.0,336209.37,1.0,91.61
440,CASH_IN,405.99,C6013992,1393.43,987.44,C8609168,24544.92,24950.90,0,0,358.6,56.2,0,0.0,0.00,1.0,5.36
397,CASH_IN,3513.03,C8356058,19035.02,15521.99,C1722806,4137.71,7650.73,0,0,262.8,121.7,0,0.0,0.00,1.0,3.95
374,CASH_IN,175.87,C8541557,1117.76,941.89,C2426563,16011.37,16187.24,0,0,205.2,30.6,0,0.0,0.00,1.0,4.49
667,CASH_IN,123.17,C2400862,526.96,403.79,C8315132,21913.02,22036.19,0,0,254.5,285.6,1,0.0,0.00,1.0,8.46
543,CASH_OUT,174049.81,C8521720,176088.30,0.00,C2364997,0.00,174049.81,1,0,301.5,4.0,1,1.0,174049.81,1.0,74.75
562,TRANSFER,291.81,C7484755,2656.80,2364.99,C3256802,45032.11,45323.92,0,0,55.5,141.9,0,0.0,0.00,1.0,23.88
571,CASH_IN,1261.66,C2711823,5258.47,3996.81,C2914489,46822.35,48084.01,0,0,74.6,243.8,0,0.0,0.00,1.0,6.44
440,CASH_IN,126.68,C5848846,1176.04,1049.36,C5136921,43722.51,43849.19,0,0,275.7,40.8,0,0.0,0.00,1.0,4.18
547,PAYMENT,438.90,C8940269,1083.03,644.13,M2245380,37901.44,38340.34,0,0,251.4,104.9,0,0.0,0.00,1.0,9.39
716,PAYMENT,168.72,C1440791,572.95,404.23,M6464678,39719.02,39887.74,0,0,36.9,362.0,0,0.0,0.00,1.0,4.01
384,CASH_OUT,172396.32,C1779565,181635.31,0.00,C6603542,0.00,172396.32,1,0,222.7,4.0,1,3.0,517188.96,4.0,82.88
255,TRANSFER,255.58,C3889564,2290.05,2034.47,C8742108,33135.62,33391.20,0,0,220.3,208.3,0,0.0,0.00,1.0,0.00
542,DEBIT,970.24,C1122130,4981.09,4010.84,C3278725,15959.25,16929.49,0,0,109.0,121.7,1,0.0,0.00,1.0,19.23
610,PAYMENT,529.12,C9584825,2697.66,2168.54,M7881177,48655.72,49184.84,0,0,117.2,43.7,0,1.0,1424.23,1.0,8.87
33,CASH_IN,269.65,C3931474,2180.67,1911.02,C8389880,18068.97,18338.63,0,0,344.9,344.9,1,0.0,0.00,1.0,11.61
662,CASH_IN,414.82,C2966183,3427.72,3012.90,C3570494,10164.94,10579.76,0,0,157.9,272.1,0,1.0,1443.94,1.0,18.42
160,TRANSFER,270.33,C5011743,2576.75,2306.43,C4296096,29314.20,29584.53,0,0,178.4,223.1,0,0.0,0.00,1.0,4.51
468,DEBIT,9261.26,C1087594,18348.68,9087.42,C6330806,3440.01,12701.27,0,0,260.0,330.1,1,1.0,402.92,1.0,8.24
584,DEBIT,1746.02,C3131668,7499.36,5753.34,C7111012,30536.64,32282.66,0,0,242.5,212.1,0,0.0,0.00,1.0,13.83
419,PAYMENT,291.52,C4694765,447.93,156.41,M1903915,22535.17,22826.69,0,0,194.5,146.1,1,0.0,0.00,1.0,4.59
537,PAYMENT,790.89,C3117153,5948.28,5157.40,M1393134,856.13,1647.01,0,0,131.7,40.6,0,0.0,0.00,1.0,7.73
668,DEBIT,348.02,C9550351,529.32,181.29,C7231151,22945.14,23293.16,0,0,251.3,327.4,0,1.0,489.50,1.0,8.82
325,CASH_OUT,225012.01,C8576949,249345.79,0.00,C3511089,0.00,225012.01,1,1,352.4,3.7,1,3.0,675036.04,2.0,97.63
447,TRANSFER,2179.55,C2822553,4697.04,2517.49,C9289483,34647.32,36826.87,0,0,62.1,355.5,0,0.0,0.00,1.0,12.71
447,DEBIT,873.63,C8490957,7582.90,6709.28,C2807378,31588.66,32462.29,0,0,224.6,181.2,0,0.0,0.00,1.0,18.44
392,CASH_IN,682.69,C9226073,5673.63,4990.94,C1954560,44133.01,44815.69,0,0,75.1,268.7,0,0.0,0.00,1.0,22.87
712,PAYMENT,468.81,C4631551,3560.11,3091.30,M6409712,34434.58,34903.39,0,0,110.7,51.4,1,0.0,0.00,1.0,9.61
152,DEBIT,218.30,C6728936,1121.79,903.49,C2713190,22586.72,22805.02,0,0,318.2,183.7,1,0.0,0.00,1.0,11.29
144,CASH_OUT,167544.18,C7702653,190931.37,0.00,C9978280,0.00,167544.18,1,0,364.8,0.6,1,2.0,335088.36,2.0,96.81
397,DEBIT,755.37,C2410472,4708.48,3953.11,C5124241,5096.66,5852.03,0,0,110.5,200.1,0,0.0,0.00,1.0,1.10
256,TRANSFER,159982.03,C4351220,188248.47,0.00,C5423672,0.00,159982.03,1,0,230.7,3.4,1,1.0,159982.03,1.0,74.88
324,TRANSFER,2058.99,C6386228,18398.35,16339.36,C1574865,21345.40,23404.39,0,0,104.8,193.5,1,0.0,0.00,1.0,4.36
635,TRANSFER,1452.34,C2228151,6682.46,5230.12,C2084699,4826.89,6279.23,0,0,197.5,48.6,1,0.0,0.00,1.0,15.54
421,TRANSFER,135.68,C9615537,961.18,825.50,C6259333,31341.17,31476.85,0,0,204.2,92.0,0,0.0,0.00,1.0,12.74
227,TRANSFER,973.86,C9379959,5364.09,4390.22,C2976468,13423.40,14397.27,0,0,83.3,97.5,0,2.0,1403.17,1.0,16.22
710,DEBIT,2268.42,C4808114,10565.71,8297.29,C7278490,1844.57,4112.99,0,0,284.4,204.2,0,2.0,2886.80,1.0,17.62
166,TRANSFER,119737.31,C8282721,131296.63,0.00,C9285736,0.00,119737.31,1,0,3.7,4.2,1,1.0,119737.31,4.0,16.09
680,TRANSFER,690.03,C1754972,4647.69,3957.66,C9932537,36027.21,36717.24,0,0,257.2,236.1,0,0.0,0.00,1.0,0.15
471,CASH_IN,194.04,C5768897,1244.86,1050.82,C7770310,34508.52,34702.56,0,0,261.2,38.8,0,1.0,722.38,1.0,24.69
625,TRANSFER,733.64,C4027101,3966.83,3233.19,C2112287,31831.89,32565.53,0,0,45.0,50.7,0,1.0,1122.63,1.0,6.05
261,TRANSFER,1004.23,C2609045,9753.47,8749.25,C5045635,9816.97,10821.20,0,0,321.9,242.5,0,0.0,0.00,1.0,13.37
172,PAYMENT,585.11,C6568174,1262.45,677.34,M8587662,1798.98,2384.09,0,0,73.6,240.2,0,0.0,0.00,1.0,16.60
67,TRANSFER,438.92,C2109372,2259.66,1820.73,C9968482,41480.11,41919.03,0,0,180.0,314.7,0,1.0,1048.16,1.0,14.03
251,DEBIT,364.20,C4847782,2404.48,2040.28,C6307198,15177.01,15541.20,0,0,309.4,220.5,0,0.0,0.00,1.0,0.47
324,PAYMENT,687.29,C4476804,3028.20,2340.91,M6635895,19480.82,20168.11,0,0,95.3,276.3,0,0.0,0.00,1.0,22.24
44,TRANSFER,3667.85,C8976345,35972.29,32304.43,C3408736,43138.56,46806.41,0,0,126.7,75.7,0,0.0,0.00,1.0,4.57
41,PAYMENT,483.42,C7757969,3080.05,2596.63,M1744524,4799.33,5282.75,0,0,78.3,295.6,0,0.0,0.00,1.0,13.68
692,CASH_IN,448.49,C7985953,1226.63,778.14,C2059185,48205.67,48654.16,0,0,254.9,126.5,1,0.0,0.00,1.0,22.97
107,TRANSFER,1102.42,C5092118,3143.34,2040.91,C2800745,7594.52,8696.95,0,0,204.0,215.7,0,0.0,0.00,1.0,9.09
712,TRANSFER,4001.07,C6149104,14815.89,10814.83,C1102914,38842.33,42843.39,0,0,41.7,77.8,1,0.0,0.00,1.0,7.41
639,PAYMENT,729.35,C9258434,6878.00,6148.65,M8735899,45288.53,46017.88,0,0,277.2,211.2,0,0.0,0.00,1.0,23.65
476,DEBIT,522.72,C4082199,4896.45,4373.73,C2926992,6212.58,6735.29,0,0,238.6,208.8,0,0.0,0.00,1.0,18.96
132,CASH_IN,557.12,C4904447,2179.00,1621.87,C2250714,30825.07,31382.19,0,0,304.5,317.9,0,0.0,0.00,1.0,0.44
668,PAYMENT,834.78,C5419281,5182.25,4347.47,M7793639,21214.37,22049.16,0,0,177.0,329.3,0,0.0,0.00,1.0,9.32
519,CASH_IN,621.33,C1906198,1188.62,567.28,C7922275,32102.79,32724.12,0,0,158.0,295.9,0,0.0,0.00,1.0,22.58
398,TRANSFER,495.38,C4666221,2149.42,1654.04,C6934470,2685.19,3180.57,0,0,287.6,167.8,0,0.0,0.00,1.0,22.67
488,CASH_IN,451.74,C4793207,2387.34,1935.60,C7051522,44682.90,45134.64,0,0,105.4,188.0,0,1.0,594.22,1.0,3.86
544,DEBIT,434.22,C2974988,3076.87,2642.65,C7841987,6699.54,7133.76,0,0,33.6,236.6,0,0.0,0.00,1.0,10.10
164,TRANSFER,3839.45,C7427342,9867.65,6028.20,C8436675,14081.68,17921.13,0,0,146.2,288.0,0,0.0,0.00,1.0,7.59
660,TRANSFER,148.70,C7644838,1397.88,1249.18,C8078961,44103.48,44252.19,0,0,56.6,263.2,1,0.0,0.00,1.0,5.70
244,CASH_OUT,30156.67,C6691396,32440.71,0.00,C3106717,0.00,30156.67,1,0,3.7,3.1,1,14.0,182119.26,3.0,66.78
518,TRANSFER,32348.37,C4136112,32356.89,0.00,C1066866,0.00,32348.37,1,0,210.4,1.4,1,1.0,32348.37,1.0,92.85
91,DEBIT,255.03,C7939110,564.64,309.61,C8148369,30011.19,30266.22,0,0,72.4,265.4,0,1.0,924.22,1.0,11.92
617,TRANSFER,477.04,C7669910,2391.99,1914.95,C2666356,10509.35,10986.39,0,0,128.0,41.0,0,0.0,0.00,1.0,9.61
661,CASH_IN,8875.61,C6097596,43899.39,35023.78,C9906055,47108.68,55984.29,0,0,234.8,97.8,1,0.0,0.00,1.0,20.81
179,DEBIT,724.41,C4980536,1755.59,1031.18,C8330059,6331.53,7055.93,0,0,193.3,305.1,0,1.0,792.23,1.0,9.77
308,TRANSFER,292.45,C7296942,1281.13,988.67,C5409279,34510.94,34803.39,0,0,268.7,34.6,0,0.0,0.00,1.0,17.22
580,TRANSFER,324310.25,C8898200,327210.85,0.00,C9904452,0.00,324310.25,1,1,0.1,6.8,1,5.0,1621551.27,4.0,12.46
554,CASH_OUT,91975.30,C2324278,104819.88,0.00,C9124592,0.00,91975.30,1,0,6.5,0.4,1,8.0,456671.06,7.0,78.61
285,DEBIT,1265.63,C7370138,4198.74,2933.11,C2064983,32285.04,33550.67,0,0,34.7,106.9,1,0.0,0.00,1.0,12.66
117,DEBIT,1219.18,C2527709,8196.45,6977.27,C7334001,16904.90,18124.08,0,0,274.2,290.4,0,1.0,1101.84,1.0,3.39
450,CASH_IN,2652.29,C8130928,17992.86,15340.57,C8145416,36553.97,39206.27,0,0,41.4,68.8,0,2.0,1819.20,1.0,7.81
32,DEBIT,312.33,C4618498,682.25,369.92,C7738990,28620.30,28932.63,0,0,350.6,212.9,1,0.0,0.00,1.0,1.48
394,PAYMENT,160.49,C9150009,600.36,439.87,M6150996,13421.52,13582.01,0,0,296.7,334.0,0,0.0,0.00,1.0,6.37
260,TRANSFER,179.63,C9929834,1286.48,1106.85,C6914005,30550.96,30730.59,0,0,268.2,198.8,0,0.0,0.00,1.0,20.30
307,TRANSFER,526.83,C5384355,4226.55,3699.73,C2175846,33235.37,33762.20,0,0,359.6,62.5,0,0.0,0.00,1.0,23.81
465,PAYMENT,197.12,C3108188,799.95,602.83,M3937148,46808.47,47005.59,0,0,319.3,284.6,0,0.0,0.00,1.0,7.78
668,PAYMENT,2263.81,C2264276,6120.93,3857.12,M4625552,1705.37,3969.18,0,0,262.6,304.8,0,0.0,0.00,1.0,18.46
61,CASH_OUT,27393.46,C5251426,29861.26,0.00,C8550946,0.00,27393.46,1,0,183.5,0.8,1,1.0,27393.46,1.0,90.39
615,PAYMENT,5364.07,C7374806,29462.93,24098.86,M7072499,39375.06,44739.13,0,0,102.4,270.3,0,0.0,0.00,1.0,21.67
189,DEBIT,765.71,C4085593,2930.84,2165.12,C7091906,25092.45,25858.17,0,0,162.2,361.0,0,1.0,499.01,1.0,3.09
296,PAYMENT,449.51,C8162576,3791.31,3341.80,M1839765,15642.36,16091.86,0,0,102.0,192.2,0,1.0,243.14,1.0,23.75
706,DEBIT,198.38,C3159760,1486.37,1287.99,C9028671,44195.62,44394.00,0,0,345.9,347.1,0,0.0,0.00,1.0,13.94
639,TRANSFER,290.96,C2718496,2022.64,1731.68,C3194258,49956.24,50247.20,0,0,216.4,201.6,0,0.0,0.00,1.0,4.20
376,TRANSFER,974.32,C5672869,8999.21,8024.89,C9354248,5243.67,6217.99,0,0,226.9,118.6,0,1.0,994.37,1.0,24.74
41,TRANSFER,1378.13,C8523922,12528.36,11150.23,C7042919,31106.43,32484.56,0,0,128.5,342.9,1,1.0,1111.79,1.0,9.07
495,CASH_OUT,27278.52,C6755425,27644.79,0.00,C6649914,0.00,27278.52,1,0,112.0,0.8,1,1.0,27278.52,1.0,87.95
607,DEBIT,491.46,C2235751,4731.31,4239.85,C6812495,48419.24,48910.70,0,0,152.7,277.4,0,0.0,0.00,1.0,12.72
498,CASH_IN,8551.40,C3617917,52984.10,44432.69,C6509060,30416.91,38968.32,0,0,49.5,72.3,0,0.0,0.00,1.0,5.98
305,PAYMENT,1768.82,C8930499,3989.41,2220.59,M3827947,31008.89,32777.71,0,0,71.5,142.7,0,1.0,1182.92,1.0,12.06
233,TRANSFER,930.26,C1726478,2924.96,1994.70,C9678955,40073.39,41003.65,0,0,168.7,129.9,0,0.0,0.00,1.0,8.79
385,CASH_OUT,48351.62,C6981941,57494.13,0.00,C8954956,0.00,48351.62,1,0,1.4,3.6,1,11.0,523038.14,5.0,56.06
225,PAYMENT,1356.09,C3438587,3803.80,2447.70,M1865884,10658.18,12014.27,0,0,272.2,284.8,0,0.0,0.00,1.0,1.48
539,CASH_IN,1868.88,C2108457,7293.35,5424.47,C6520669,45654.54,47523.42,0,0,164.9,212.8,0,1.0,440.87,1.0,22.08
251,TRANSFER,1177.68,C8383238,11623.09,10445.40,C8007536,47664.41,48842.09,0,0,86.9,283.4,1,0.0,0.00,1.0,11.90
569,DEBIT,3213.24,C7400465,31511.61,28298.37,C8920177,30062.77,33276.01,0,0,241.3,324.8,0,1.0,1105.50,1.0,11.56
139,PAYMENT,2731.18,C5656207,16959.35,14228.17,M1339514,25175.57,27906.75,0,0,352.8,343.5,0,0.0,0.00,1.0,16.34
227,PAYMENT,2573.63,C7670416,4338.19,1764.56,M1481601,14771.35,17344.98,0,0,201.2,347.8,0,1.0,1483.03,1.0,21.87
43,TRANSFER,1578.20,C7198787,13270.01,11691.82,C7064108,30730.11,32308.30,0,0,205.7,154.5,0,0.0,0.00,1.0,6.40
543,PAYMENT,4065.64,C6987537,35110.78,31045.14,M3723857,7394.90,11460.54,0,0,231.2,319.8,0,0.0,0.00,1.0,17.68
372,CASH_IN,1274.35,C1170623,11985.18,10710.83,C8043945,49907.64,51181.99,0,0,145.8,103.9,0,1.0,1062.45,1.0,10.24
325,CASH_IN,724.78,C2948915,4338.00,3613.22,C2299817,33314.80,34039.58,0,0,220.6,75.1,0,0.0,0.00,1.0,1.37
75,TRANSFER,33723.69,C1723335,40364.85,0.00,C9816534,0.00,33723.69,1,0,5.2,2.5,1,8.0,413727.68,5.0,56.21
450,TRANSFER,256.77,C2311654,911.24,654.47,C5363778,11552.95,11809.72,0,0,159.1,299.8,0,0.0,0.00,1.0,19.27
138,PAYMENT,3065.57,C6676270,21496.45,18430.88,M1933094,3833.51,6899.08,0,0,255.5,107.3,0,1.0,1274.78,1.0,13.95
710,TRANSFER,2640.22,C3853856,21407.60,18767.38,C5237350,16232.15,18872.37,0,0,228.6,226.9,0,1.0,865.15,1.0,20.80
325,CASH_OUT,19221.65,C5198077,22253.06,0.00,C3763980,0.00,19221.65,1,0,142.4,0.4,1,1.0,19221.65,1.0,91.10
259,CASH_IN,2396.57,C2161682,9422.29,7025.72,C5057920,32258.86,34655.43,0,0,250.1,319.5,0,0.0,0.00,1.0,2.63
493,CASH_OUT,24969.87,C6469217,29874.42,0.00,C7967107,0.00,24969.87,1,0,286.4,0.6,1,1.0,24969.87,1.0,76.99
212,DEBIT,588.43,C6654989,1565.39,976.96,C2785311,32757.75,33346.18,0,0,225.1,300.3,0,0.0,0.00,1.0,7.16
633,TRANSFER,422.53,C9346374,2511.51,2088.98,C7493445,37125.16,37547.69,0,0,97.4,127.2,0,0.0,0.00,1.0,24.30
668,DEBIT,1226.33,C9703020,7669.27,6442.94,C8990996,46324.50,47550.83,0,0,163.5,54.4,0,0.0,0.00,1.0,19.64
538,DEBIT,1650.09,C4784445,5694.33,4044.24,C7626128,26619.25,28269.34,0,0,210.9,178.7,0,0.0,0.00,1.0,20.02
546,DEBIT,2006.46,C6702031,3208.34,1201.88,C4081151,16423.02,18429.48,0,0,44.6,355.8,0,0.0,0.00,1.0,6.00
708,TRANSFER,394.51,C3990575,3332.89,2938.37,C4234912,2349.06,2743.58,0,0,327.9,253.7,0,0.0,0.00,1.0,5.60
452,CASH_IN,418.35,C2629107,2073.86,1655.52,C6497671,7288.77,7707.12,0,0,188.5,63.9,0,2.0,2072.90,1.0,7.16
632,CASH_IN,3335.98,C9079360,32844.81,29508.83,C9875582,37451.46,40787.44,0,0,333.2,206.3,0,1.0,1342.68,1.0,21.77
115,PAYMENT,1031.55,C2427108,8225.11,7193.56,M7412584,27626.75,28658.30,0,0,42.5,39.4,0,0.0,0.00,1.0,0.65
498,TRANSFER,396.97,C8550885,1312.10,915.13,C8544593,2382.26,2779.22,0,0,236.7,99.9,0,0.0,0.00,1.0,15.48
500,DEBIT,569.50,C9484217,1641.05,1071.55,C7639602,32294.53,32864.02,0,0,102.3,208.0,0,0.0,0.00,1.0,0.68
453,CASH_IN,475.94,C8756512,1997.25,1521.31,C6781965,44059.20,44535.14,0,0,264.3,88.3,0,0.0,0.00,1.0,14.56
97,CASH_OUT,46006.32,C4899133,52006.59,0.00,C7491597,0.00,46006.32,1,0,3.9,6.4,1,13.0,202367.76,4.0,47.33
188,PAYMENT,904.53,C4082241,8450.13,7545.60,M8528960,14361.96,15266.48,0,0,191.5,112.2,0,0.0,0.00,1.0,17.61
283,DEBIT,289.40,C7023181,2036.03,1746.63,C1981433,29955.21,30244.61,0,0,262.5,137.7,0,0.0,0.00,1.0,24.82
621,TRANSFER,855.44,C1381853,5730.55,4875.12,C2003157,4185.28,5040.71,0,0,287.5,225.6,0,0.0,0.00,1.0,6.84
633,DEBIT,357.26,C8354756,1544.78,1187.52,C3263762,17551.65,17908.91,0,0,327.6,352.2,0,0.0,0.00,1.0,13.97
404,CASH_IN,663.28,C2706612,3662.05,2998.78,C5612452,39542.50,40205.78,0,0,223.2,237.9,0,1.0,320.93,1.0,7.19
124,TRANSFER,165625.07,C3334648,181614.10,0.00,C1496685,0.00,165625.07,1,0,292.6,1.9,1,3.0,496875.22,4.0,72.36
684,DEBIT,134.83,C1904410,332.51,197.68,C5139686,10926.01,11060.84,0,0,141.5,242.1,0,1.0,334.03,1.0,0.17
465,PAYMENT,529.71,C6312595,3222.40,2692.69,M9572702,23088.85,23618.56,0,0,116.1,328.8,0,1.0,999.75,1.0,21.72
237,PAYMENT,432.56,C9830791,2769.37,2336.81,M2148642,36047.94,36480.50,0,0,72.6,103.8,0,0.0,0.00,1.0,22.12
616,CASH_IN,1301.16,C6134899,11510.11,10208.95,C9416535,39399.03,40700.19,0,0,353.5,121.9,0,0.0,0.00,1.0,14.94
355,CASH_IN,416.65,C8540571,2020.31,1603.66,C3028210,46030.52,46447.18,0,0,209.7,276.4,0,0.0,0.00,1.0,13.70
644,CASH_IN,1280.75,C5090400,10256.37,8975.62,C9248878,43626.83,44907.58,0,0,268.8,350.6,1,0.0,0.00,1.0,8.68
373,PAYMENT,1380.19,C8774270,10588.13,9207.94,M8012074,10284.80,11664.99,0,0,80.3,261.9,0,1.0,525.50,1.0,15.59
231,CASH_IN,218.97,C9268078,666.01,447.03,C5156098,41658.23,41877.20,0,0,235.7,62.2,0,0.0,0.00,1.0,18.64
141,CASH_IN,271.26,C5610914,2646.67,2375.41,C6297067,32865.62,33136.88,0,0,77.4,267.8,0,1.0,390.85,1.0,8.04
81,PAYMENT,673.07,C8211624,2149.34,1476.27,M3999811,1425.61,2098.69,0,0,232.3,35.0,0,0.0,0.00,1.0,6.42
353,TRANSFER,451.12,C9911470,2710.24,2259.12,C2614106,34519.45,34970.56,0,0,209.7,239.9,0,1.0,298.71,1.0,24.50
644,CASH_IN,897.14,C2573165,8338.32,7441.18,C6931791,9331.89,10229.04,0,0,277.6,82.7,0,1.0,948.19,1.0,6.78
537,PAYMENT,691.07,C9183271,4156.64,3465.57,M1306375,37102.81,37793.88,0,0,159.6,149.6,0,0.0,0.00,1.0,13.18
572,TRANSFER,1639.71,C3160804,14696.08,13056.38,C7505870,11351.44,12991.15,0,0,242.4,288.6,0,0.0,0.00,1.0,21.70
633,CASH_IN,760.89,C9068439,2199.99,1439.10,C5788728,37111.20,37872.09,0,0,226.0,295.8,0,0.0,0.00,1.0,1.96
322,PAYMENT,626.17,C4197493,5992.25,5366.07,M7705726,24648.91,25275.08,0,0,82.7,110.5,1,0.0,0.00,1.0,19.83
561,PAYMENT,246.02,C2460841,655.90,409.88,M7064416,37091.21,37337.23,0,0,205.0,285.5,0,0.0,0.00,1.0,21.67
203,TRANSFER,270.18,C7983357,2119.14,1848.96,C4137374,25299.11,25569.29,0,0,348.9,160.6,0,0.0,0.00,1.0,8.11
431,CASH_OUT,298947.02,C2305760,335824.10,0.00,C5565414,0.00,298947.02,1,1,1.8,6.3,1,5.0,1494735.11,1.0,25.63
612,DEBIT,1380.88,C8459545,8466.25,7085.37,C8362500,46932.87,48313.75,0,0,73.4,317.5,0,0.0,0.00,1.0,13.75
541,TRANSFER,1251.21,C8878101,6821.34,5570.13,C9056838,47870.92,49122.13,0,0,103.9,148.5,0,0.0,0.00,1.0,14.80
442,PAYMENT,1078.24,C6896704,4131.35,3053.11,M8918640,18284.58,19362.82,0,0,165.0,257.7,0,1.0,1229.11,1.0,20.12
261,DEBIT,1601.63,C9377952,13325.40,11723.77,C8983582,13857.85,15459.48,0,0,218.5,290.3,0,0.0,0.00,1.0,14.67
420,PAYMENT,313.54,C8956655,1597.11,1283.57,M5817155,18943.67,19257.21,0,0,67.6,213.0,0,0.0,0.00,1.0,18.03
104,CASH_IN,2985.60,C9149396,10198.62,7213.02,C8232098,10307.33,13292.93,0,0,97.7,332.0,0,1.0,608.61,1.0,2.77
567,PAYMENT,453.32,C7912619,2580.69,2127.38,M3876104,9663.16,10116.47,0,0,144.6,48.5,0,1.0,594.83,1.0,3.24
518,TRANSFER,23396.53,C5070516,26711.93,0.00,C5104184,0.00,23396.53,1,0,241.7,0.4,1,1.0,23396.53,1.0,77.71
41,TRANSFER,1740.85,C3256617,14912.94,13172.09,C7897245,4381.18,6122.02,0,0,279.6,82.9,0,0.0,0.00,1.0,2.78
275,PAYMENT,293.28,C8565198,2728.42,2435.14,M6009969,377.40,670.68,0,0,138.1,52.9,0,0.0,0.00,1.0,1.46
611,CASH_IN,289.83,C5574240,1856.97,1567.14,C2009475,40769.26,41059.10,0,0,32.3,350.1,0,0.0,0.00,1.0,7.93
90,TRANSFER,221.26,C1496208,1956.37,1735.10,C5485099,44447.89,44669.16,0,0,44.3,139.6,0,0.0,0.00,1.0,22.38
321,CASH_IN,1639.37,C6101683,13103.84,11464.47,C8992730,39002.56,40641.93,0,0,80.3,354.2,0,0.0,0.00,1.0,21.88
699,CASH_OUT,92741.39,C6966785,100428.23,0.00,C6847779,0.00,92741.39,1,0,5.6,2.2,1,1.0,92741.39,4.0,5.37
566,TRANSFER,1030.97,C9902811,2580.19,1549.21,C6415871,41101.88,42132.85,0,0,268.6,83.3,0,0.0,0.00,1.0,5.99
251,PAYMENT,1054.91,C2698823,7651.67,6596.76,M1623386,14226.74,15281.65,0,0,219.4,112.2,0,0.0,0.00,1.0,24.06
490,CASH_IN,186.17,C3361675,1437.91,1251.74,C1050834,25912.49,26098.65,0,0,257.0,358.0,1,0.0,0.00,1.0,2.77
590,CASH_IN,192.77,C5330985,299.98,107.21,C3405746,46327.77,46520.54,0,0,250.2,335.4,0,0.0,0.00,1.0,20.26
448,DEBIT,1964.53,C4700965,3149.01,1184.47,C5062674,4951.10,6915.64,0,0,74.5,175.2,0,0.0,0.00,1.0,12.49
400,DEBIT,1165.94,C2897660,11090.13,9924.19,C4199146,26102.63,27268.57,0,0,119.5,307.7,1,0.0,0.00,1.0,17.18
621,PAYMENT,738.81,C4400361,4773.83,4035.02,M9182200,19064.18,19802.99,0,0,236.7,295.7,0,0.0,0.00,1.0,11.37
182,TRANSFER,664.26,C1764484,5318.27,4654.01,C1884498,42425.71,43089.97,0,0,119.9,195.0,0,0.0,0.00,1.0,17.08
266,TRANSFER,69162.80,C9072992,81525.20,0.00,C4820097,0.00,69162.80,1,0,0.6,5.3,1,13.0,151065.59,8.0,84.74
569,CASH_IN,3732.04,C4852669,33294.93,29562.89,C9051234,11706.42,15438.46,0,0,189.0,294.3,1,2.0,2635.38,1.0,7.95
455,TRANSFER,124252.33,C3426565,138989.49,0.00,C3952355,0.00,124252.33,1,0,2.5,0.5,1,2.0,248504.66,4.0,0.67
711,CASH_IN,467.24,C4858510,896.59,429.36,C4732504,3356.47,3823.71,0,0,244.9,311.4,0,0.0,0.00,1.0,2.88
633,TRANSFER,657.96,C1753962,4430.85,3772.89,C2509017,1991.72,2649.68,0,0,267.2,234.7,0,1.0,1490.21,1.0,1.17
555,TRANSFER,137121.06,C9401801,149201.20,0.00,C3221512,0.00,137121.06,1,0,211.7,0.2,1,3.0,411363.17,1.0,87.22
328,PAYMENT,674.12,C8984900,4435.26,3761.15,M7167411,37219.21,37893.33,0,0,227.2,223.3,0,0.0,0.00,1.0,16.16
588,TRANSFER,2389.76,C7903861,20940.97,18551.21,C6531999,30629.93,33019.69,0,0,75.9,272.7,1,1.0,1028.50,1.0,12.33
114,PAYMENT,1472.69,C6582804,5241.04,3768.34,M3140389,23790.04,25262.73,0,0,277.8,272.7,0,0.0,0.00,1.0,9.03
240,CASH_OUT,147314.27,C9982861,156405.17,0.00,C2367245,0.00,147314.27,1,0,273.8,2.3,1,3.0,441942.81,1.0,83.02
427,PAYMENT,583.71,C7225210,1506.80,923.10,M1027360,22043.53,22627.24,0,0,250.8,41.2,1,1.0,879.05,1.0,13.94
377,CASH_IN,408.81,C6209913,1649.80,1240.98,C9418827,27668.69,28077.51,0,0,179.5,334.7,1,0.0,0.00,1.0,18.60
300,DEBIT,728.46,C1419134,4661.86,3933.41,C7285263,20961.71,21690.16,0,0,280.8,352.5,0,0.0,0.00,1.0,7.03
212,DEBIT,543.89,C7052778,3079.02,2535.14,C7894793,5055.46,5599.34,0,0,36.9,224.6,0,0.0,0.00,1.0,4.48
212,PAYMENT,74.86,C2032788,598.86,523.99,M1959549,4337.34,4412.20,0,0,153.3,330.9,0,0.0,0.00,1.0,15.70
537,DEBIT,273.59,C3449252,2013.91,1740.32,C8385265,28138.97,28412.56,0,0,316.9,49.9,0,0.0,0.00,1.0,20.16
381,DEBIT,105.03,C5100578,565.97,460.94,C4218219,49815.30,49920.33,0,0,120.8,189.0,0,0.0,0.00,1.0,9.79
466,PAYMENT,261.53,C4512742,2272.88,2011.36,M8870495,20836.96,21098.48,0,0,344.4,110.3,0,0.0,0.00,1.0,0.28
157,TRANSFER,34176.53,C8918255,34935.61,0.00,C1362453,0.00,34176.53,1,0,127.0,0.3,1,1.0,34176.53,1.0,90.57
248,CASH_IN,2188.87,C3097547,18760.51,16571.63,C1816258,20192.77,22381.65,0,0,312.6,332.4,0,1.0,1213.32,1.0,16.06
636,TRANSFER,713.27,C7420471,3180.02,2466.76,C6869364,32209.25,32922.52,0,0,298.2,296.7,1,0.0,0.00,1.0,14.64
224,PAYMENT,1033.08,C7067926,5239.25,4206.17,M3329750,32161.47,33194.55,0,0,319.1,323.3,0,0.0,0.00,1.0,19.82
371,TRANSFER,390.25,C6372103,2621.10,2230.85,C1277748,20203.25,20593.50,0,0,265.6,250.0,0,0.0,0.00,1.0,3.62
690,PAYMENT,1968.19,C4711470,15935.83,13967.64,M8359402,12500.35,14468.54,0,0,62.3,301.4,0,0.0,0.00,1.0,22.45
468,TRANSFER,137.88,C2549981,761.06,623.18,C4449641,38548.76,38686.64,0,0,97.1,65.9,0,0.0,0.00,1.0,7.65
40,PAYMENT,1475.93,C4686516,3531.57,2055.64,M5229482,33628.30,35104.23,0,0,112.1,285.9,1,1.0,1245.54,1.0,22.20
560,DEBIT,835.12,C4981951,4501.49,3666.37,C3689668,20799.05,21634.17,0,0,30.5,195.1,0,0.0,0.00,1.0,10.04
161,PAYMENT,757.85,C6492290,6486.24,5728.38,M9119148,4851.05,5608.90,0,0,284.3,141.9,0,1.0,558.56,1.0,6.38
397,PAYMENT,512.82,C7782205,3045.71,2532.89,M8016463,3010.60,3523.41,0,0,240.0,91.7,1,0.0,0.00,1.0,3.47
68,PAYMENT,1009.19,C1820265,6368.32,5359.13,M6843329,45830.66,46839.85,0,0,289.6,151.4,0,1.0,433.92,1.0,16.26
569,PAYMENT,945.94,C3250803,7824.58,6878.64,M1118590,22129.83,23075.77,0,0,44.9,31.3,1,0.0,0.00,1.0,12.04
354,TRANSFER,545.19,C2625443,4582.92,4037.74,C7825851,21554.89,22100.07,0,0,45.0,54.6,0,0.0,0.00,1.0,20.71
414,CASH_IN,977.45,C9507251,5262.37,4284.92,C7538859,16231.80,17209.25,0,0,85.1,45.0,0,2.0,2718.36,1.0,18.72
88,TRANSFER,864.64,C5293018,2547.00,1682.36,C8891551,16111.07,16975.70,0,0,312.3,249.2,0,0.0,0.00,1.0,8.40
492,TRANSFER,1036.71,C8939315,3625.56,2588.85,C1496600,6757.66,7794.38,0,0,125.0,315.0,0,0.0,0.00,1.0,15.01
402,DEBIT,464.83,C9797343,2818.08,2353.25,C7956760,36509.26,36974.09,0,0,202.7,340.3,0,0.0,0.00,1.0,9.02
134,TRANSFER,4898.73,C2831899,40613.89,35715.16,C7675855,48078.06,52976.79,0,0,188.6,119.4,0,0.0,0.00,1.0,0.54
373,CASH_IN,221.55,C8355438,1146.29,924.75,C1799536,42081.87,42303.42,0,0,284.7,136.5,0,0.0,0.00,1.0,4.59
332,CASH_IN,666.21,C2985413,3049.20,2382.99,C9036673,28342.10,29008.31,0,0,200.0,323.2,0,1.0,836.94,1.0,21.58
316,CASH_IN,604.19,C3944619,1037.67,433.47,C9361219,36157.98,36762.18,0,0,85.6,280.1,1,0.0,0.00,1.0,1.54
540,CASH_IN,796.04,C7419664,7022.70,6226.66,C8751629,41282.26,42078.30,0,0,159.1,310.0,1,0.0,0.00,1.0,21.16
117,TRANSFER,350.60,C6900447,1938.96,1588.36,C9193586,42416.87,42767.47,0,0,328.5,360.7,0,0.0,0.00,1.0,20.34
42,PAYMENT,410.91,C2891531,1250.40,839.49,M7932679,17406.80,17817.70,0,0,291.7,316.5,0,1.0,419.77,1.0,19.30
58,DEBIT,452.94,C9341786,2913.31,2460.38,C3733733,5752.08,6205.02,0,0,361.8,76.0,0,0.0,0.00,1.0,21.88
544,DEBIT,1724.68,C1976999,7682.10,5957.42,C3718615,5230.08,6954.76,0,0,309.2,264.0,1,1.0,859.10,1.0,8.68
447,DEBIT,173.37,C9115491,987.27,813.90,C3813691,8661.48,8834.85,0,0,113.3,327.0,1,0.0,0.00,1.0,15.37
233,DEBIT,239.44,C8124677,1238.28,998.84,C2377626,22135.80,22375.24,0,0,252.9,45.6,0,0.0,0.00,1.0,13.53
164,TRANSFER,711.94,C9169045,5997.93,5286.00,C4919488,39331.33,40043.26,0,0,140.3,181.1,0,0.0,0.00,1.0,13.86
688,DEBIT,1515.67,C4973788,7172.43,5656.77,C1284089,43230.05,44745.71,0,0,215.0,99.9,0,0.0,0.00,1.0,12.76
521,TRANSFER,559.95,C9547287,4909.71,4349.76,C7807815,45075.35,45635.30,0,0,134.2,131.6,1,0.0,0.00,1.0,10.30
203,CASH_IN,427.34,C4472618,3603.22,3175.88,C3287988,35407.15,35834.49,0,0,297.6,194.6,0,1.0,440.69,1.0,4.38
492,TRANSFER,1388.26,C4252612,9878.87,8490.61,C8965877,29431.36,30819.62,0,0,119.4,107.3,0,0.0,0.00,1.0,6.53
615,TRANSFER,646.34,C8802575,1947.35,1301.01,C8614508,10807.64,11453.98,0,0,235.6,106.5,0,0.0,0.00,1.0,3.45
160,PAYMENT,818.21,C6809103,7271.89,6453.68,M4524925,2873.85,3692.05,0,0,332.3,118.1,0,0.0,0.00,1.0,4.12
666,DEBIT,302.92,C2036388,1503.94,1201.02,C1902689,41135.17,41438.10,0,0,82.5,72.7,0,0.0,0.00,1.0,10.61
57,CASH_IN,259.21,C4891264,1672.14,1412.94,C1842592,44554.34,44813.55,0,0,71.6,151.5,0,2.0,1325.54,1.0,2.45
518,TRANSFER,20458.29,C9600734,23156.12,0.00,C9819369,0.00,20458.29,1,0,245.9,1.7,1,1.0,20458.29,1.0,67.80
315,CASH_OUT,68580.67,C9478208,80191.31,0.00,C5654642,0.00,68580.67,1,0,2.7,6.7,1,7.0,560145.56,9.0,74.29
392,CASH_IN,1416.93,C2037978,12466.06,11049.13,C8220470,43494.32,44911.25,0,0,290.7,318.3,0,0.0,0.00,1.0,6.88
276,DEBIT,257.22,C3958011,2309.07,2051.84,C3633754,5777.72,6034.94,0,0,298.3,70.5,0,0.0,0.00,1.0,16.04
373,CASH_OUT,17135.37,C8244895,19002.36,0.00,C2588174,0.00,17135.37,1,0,109.4,1.1,1,1.0,17135.37,1.0,87.23
501,CASH_IN,1011.33,C8588322,7068.35,6057.02,C8309589,41428.28,42439.61,0,0,107.4,236.4,0,0.0,0.00,1.0,22.13
351,PAYMENT,3207.52,C8998106,17176.17,13968.65,M8993404,1126.40,4333.92,0,0,208.9,70.1,0,0.0,0.00,1.0,4.81
663,TRANSFER,23083.45,C2314946,25968.30,0.00,C6135564,0.00,23083.45,1,0,137.9,0.5,1,1.0,23083.45,1.0,74.86
354,CASH_IN,273.93,C7922545,1722.76,1448.83,C6634989,35807.88,36081.81,0,0,231.2,246.7,0,2.0,2367.26,1.0,5.86
517,TRANSFER,16794.82,C5928406,18026.78,0.00,C5919340,0.00,16794.82,1,0,179.8,0.5,1,1.0,16794.82,1.0,68.06
714,TRANSFER,1220.55,C4098865,9718.98,8498.43,C8458156,15963.10,17183.64,0,0,300.3,318.9,0,0.0,0.00,1.0,21.42
617,PAYMENT,468.70,C2426564,3768.29,3299.59,M5752136,9254.93,9723.63,0,0,58.6,72.2,0,0.0,0.00,1.0,22.62
349,TRANSFER,1301.61,C6998134,9003.68,7702.07,C8158686,10715.75,12017.36,0,0,350.9,127.1,1,0.0,0.00,1.0,21.58
408,CASH_OUT,281246.48,C9608519,335092.42,0.00,C7405932,0.00,281246.48,1,1,5.5,5.6,1,1.0,281246.48,2.0,18.15
658,CASH_IN,349.75,C2830637,2989.60,2639.85,C6694681,11062.16,11411.91,0,0,180.5,68.0,0,0.0,0.00,1.0,1.78
205,TRANSFER,683.04,C7180224,5342.93,4659.89,C4849408,1321.02,2004.07,0,0,327.0,111.4,1,0.0,0.00,1.0,23.33
116,CASH_IN,736.13,C8967252,3986.44,3250.31,C5179142,11974.78,12710.91,0,0,91.4,349.6,0,2.0,495.68,1.0,9.56
683,DEBIT,74.71,C9191379,243.41,168.70,C9913018,18421.89,18496.60,0,0,247.0,43.6,0,0.0,0.00,1.0,5.95
436,CASH_OUT,140400.31,C8865851,141354.14,0.00,C5772987,0.00,140400.31,1,0,200.8,4.8,1,3.0,421200.92,4.0,91.36
63,PAYMENT,1111.17,C3762917,10393.03,9281.85,M4765932,22133.09,23244.27,0,0,83.2,202.3,0,0.0,0.00,1.0,18.03
260,TRANSFER,1115.10,C3482539,7064.14,5949.04,C8190594,7335.44,8450.54,0,0,262.4,314.0,0,0.0,0.00,1.0,1.18
420,TRANSFER,219.13,C7573195,1383.78,1164.65,C2666338,42056.16,42275.28,0,0,58.4,294.7,0,0.0,0.00,1.0,24.37
590,PAYMENT,3172.81,C7257208,16107.75,12934.94,M1526909,39327.80,42500.60,0,0,204.0,290.8,0,0.0,0.00,1.0,0.91
371,DEBIT,2793.06,C3081911,16078.06,13285.00,C6079472,28132.00,30925.06,0,0,84.8,131.2,1,2.0,721.93,1.0,9.58
480,TRANSFER,157401.48,C1069955,165264.34,0.00,C7797676,0.00,157401.48,1,0,310.3,2.8,1,2.0,314802.96,4.0,73.36
304,TRANSFER,1016.84,C6860402,6369.87,5353.03,C1416445,47248.94,48265.78,0,0,353.8,109.6,1,0.0,0.00,1.0,17.83
171,TRANSFER,47639.86,C2659414,51082.07,0.00,C1958044,0.00,47639.86,1,0,2.6,0.5,1,8.0,395265.86,7.0,71.95
138,DEBIT,278.83,C5406018,2696.99,2418.16,C9520448,15643.26,15922.09,0,0,226.0,356.7,0,0.0,0.00,1.0,0.86
422,PAYMENT,688.12,C9357600,6769.47,6081.35,M2928971,41813.01,42501.13,0,0,252.8,252.5,0,0.0,0.00,1.0,7.50
424,CASH_IN,424.64,C9460851,3518.41,3093.76,C4183765,16033.02,16457.66,0,0,179.2,222.0,0,1.0,349.70,1.0,14.56
205,CASH_IN,1427.53,C9020006,3926.12,2498.60,C3248247,5998.71,7426.24,0,0,48.0,62.2,1,0.0,0.00,1.0,12.50
107,CASH_IN,182.08,C5260086,840.48,658.40,C2759054,25417.18,25599.25,0,0,187.1,328.8,0,0.0,0.00,1.0,11.17
184,PAYMENT,560.05,C3981896,3936.47,3376.43,M7010565,5507.93,6067.97,0,0,48.6,359.2,0,0.0,0.00,1.0,22.05
229,TRANSFER,222.28,C5355833,1601.72,1379.44,C8614468,19148.30,19370.58,0,0,353.7,177.8,1,0.0,0.00,1.0,2.22
639,PAYMENT,1721.27,C5511782,15651.55,13930.28,M1382879,13506.19,15227.46,0,0,192.2,167.1,0,0.0,0.00,1.0,23.21
104,CASH_IN,546.51,C2376459,1861.96,1315.45,C8220827,23014.24,23560.74,0,0,352.5,60.4,0,0.0,0.00,1.0,12.90
499,DEBIT,741.76,C6091636,4898.06,4156.29,C5173759,48895.81,49637.57,0,0,245.7,85.0,0,0.0,0.00,1.0,0.59
326,TRANSFER,24115.46,C7295417,28067.62,0.00,C2991644,0.00,24115.46,1,0,156.1,1.6,1,1.0,24115.46,1.0,78.33
656,PAYMENT,1311.48,C8153908,2747.67,1436.18,M3935430,16462.21,17773.69,0,0,266.2,291.5,0,0.0,0.00,1.0,2.86
680,TRANSFER,588.12,C8807996,3847.54,3259.42,C9439899,37601.95,38190.07,0,0,128.2,360.5,0,0.0,0.00,1.0,9.91
119,TRANSFER,255837.23,C5441969,263531.88,0.00,C6308582,0.00,255837.23,1,1,1.4,1.1,1,2.0,511674.45,1.0,27.55
234,PAYMENT,290.44,C6959648,1350.98,1060.54,M8024904,31265.16,31555.60,0,0,107.4,323.5,0,0.0,0.00,1.0,22.96
213,PAYMENT,78.19,C4543007,561.22,483.04,M8736544,32328.90,32407.08,0,0,121.5,72.1,1,1.0,1088.74,1.0,1.26
374,TRANSFER,17468.84,C4353874,20089.48,0.00,C7767998,0.00,17468.84,1,0,116.6,1.3,1,1.0,17468.84,1.0,78.18
178,PAYMENT,2066.40,C3752736,14009.86,11943.46,M3469855,33790.59,35856.99,0,0,186.4,334.7,0,1.0,239.02,1.0,22.66
324,TRANSFER,1195.31,C5884260,6220.52,5025.21,C1006221,38698.13,39893.44,0,0,78.8,158.3,0,0.0,0.00,1.0,21.89
457,CASH_OUT,55526.55,C5305288,57573.71,0.00,C6821577,0.00,55526.55,1,0,280.8,4.2,1,1.0,55526.55,1.0,86.51
497,CASH_IN,474.73,C3960413,2734.25,2259.52,C3835523,27147.27,27622.01,0,0,64.3,111.7,0,0.0,0.00,1.0,4.86
520,TRANSFER,244.64,C4269611,1916.39,1671.75,C7943529,6673.40,6918.04,0,0,32.2,220.3,0,0.0,0.00,1.0,15.86
324,CASH_IN,269.05,C5237973,2426.26,2157.21,C5555610,13081.22,13350.27,0,0,226.1,310.6,1,0.0,0.00,1.0,2.65
657,PAYMENT,1301.65,C3247269,12048.50,10746.85,M6605876,33802.03,35103.69,0,0,345.4,346.4,0,2.0,788.95,1.0,2.37
282,CASH_IN,7079.48,C8563331,27728.87,20649.39,C8208296,30232.63,37312.11,0,0,342.4,30.2,0,0.0,0.00,1.0,11.25
27,PAYMENT,1322.99,C1533210,12766.82,11443.82,M9667168,44605.15,45928.15,0,0,285.1,339.1,0,0.0,0.00,1.0,10.42
56,DEBIT,1013.58,C7498590,4056.01,3042.42,C2081461,29119.62,30133.20,0,0,196.1,155.9,0,1.0,324.49,1.0,15.20
177,DEBIT,1106.53,C8811547,3104.84,1998.31,C3165012,43354.51,44461.04,0,0,258.5,169.9,0,0.0,0.00,1.0,22.76
489,PAYMENT,427.18,C2788798,898.22,471.04,M2675833,35597.12,36024.30,0,0,309.3,196.3,0,0.0,0.00,1.0,19.30
227,PAYMENT,2079.85,C2824383,6119.80,4039.95,M9470901,15359.18,17439.03,0,0,82.3,51.3,0,0.0,0.00,1.0,13.19
176,TRANSFER,241.84,C5345439,899.03,657.19,C1170112,8602.50,8844.34,0,0,312.8,41.4,1,0.0,0.00,1.0,3.73
329,TRANSFER,391.76,C2314898,954.15,562.39,C1926817,1447.90,1839.66,0,0,344.8,94.2,0,0.0,0.00,1.0,5.12
705,TRANSFER,509.37,C2642666,4015.06,3505.69,C7108064,3442.61,3951.99,0,0,63.2,295.9,0,1.0,1421.77,1.0,2.70
704,CASH_IN,90.32,C2441325,812.63,722.31,C8148408,9280.95,9371.27,0,0,279.1,257.1,0,0.0,0.00,1.0,0.96
499,DEBIT,390.13,C8228386,3823.32,3433.19,C2113913,40446.61,40836.74,0,0,282.0,358.9,0,0.0,0.00,1.0,17.42
541,DEBIT,2293.61,C7574952,19329.27,17035.66,C2486776,10695.03,12988.64,0,0,105.6,311.6,0,0.0,0.00,1.0,12.29
344,DEBIT,859.19,C5154518,2425.86,1566.67,C4647332,38877.46,39736.64,0,0,168.2,195.5,1,0.0,0.00,1.0,18.28
681,CASH_IN,278.04,C1321900,634.13,356.09,C5607201,36280.41,36558.45,0,0,162.7,107.1,0,0.0,0.00,1.0,12.18
58,DEBIT,2876.90,C8234714,8922.39,6045.48,C2765982,5556.87,8433.77,0,0,319.5,84.3,1,0.0,0.00,1.0,3.87
450,PAYMENT,4139.39,C7298970,40695.51,36556.12,M2807658,6230.55,10369.94,0,0,70.8,72.6,0,0.0,0.00,1.0,2.03
440,DEBIT,1673.14,C6687512,6018.96,4345.83,C7050787,11192.44,12865.57,0,0,101.8,264.3,0,1.0,818.35,1.0,4.79
387,TRANSFER,524.78,C1933486,4513.91,3989.13,C3593932,31949.64,32474.42,0,0,329.0,327.0,0,0.0,0.00,1.0,9.71
230,CASH_IN,656.09,C4672953,5816.20,5160.11,C7628235,18287.70,18943.79,0,0,66.4,144.5,1,0.0,0.00,1.0,4.27
257,TRANSFER,826.96,C3597655,5057.76,4230.81,C1544746,36711.63,37538.59,0,0,95.6,86.9,0,0.0,0.00,1.0,11.25
560,TRANSFER,1304.71,C3466682,3012.99,1708.28,C6470255,36277.78,37582.49,0,0,150.6,120.8,0,2.0,716.82,1.0,16.11
353,TRANSFER,3300.33,C8834787,7090.41,3790.08,C3835033,46297.54,49597.88,0,0,43.9,195.5,0,0.0,0.00,1.0,14.69
713,TRANSFER,153.14,C9710066,361.19,208.05,C3390880,28909.93,29063.07,0,0,263.6,229.1,0,0.0,0.00,1.0,16.67
328,CASH_OUT,230598.22,C4764900,262087.18,0.00,C1035234,0.00,230598.22,1,1,223.1,3.0,1,3.0,691794.67,1.0,86.68
229,CASH_IN,1548.65,C3226435,5374.72,3826.08,C6574303,866.82,2415.47,0,0,120.0,274.8,0,1.0,200.56,1.0,7.37
418,PAYMENT,1997.03,C1519548,18266.64,16269.61,M2882665,28711.70,30708.73,0,0,230.7,267.4,0,1.0,614.53,1.0,21.47
92,DEBIT,1844.46,C9894159,11333.78,9489.31,C5655179,8357.06,10201.53,0,0,267.7,231.5,0,0.0,0.00,1.0,20.51
372,CASH_OUT,153022.49,C1794512,166005.23,0.00,C4828109,0.00,153022.49,1,0,208.7,0.9,1,2.0,306044.98,4.0,83.57
212,TRANSFER,666.95,C7442025,2588.35,1921.40,C6210348,8173.00,8839.95,0,0,262.1,276.9,0,0.0,0.00,1.0,8.81
716,DEBIT,573.50,C8138356,4446.73,3873.23,C4607640,4899.75,5473.25,0,0,295.4,116.9,0,0.0,0.00,1.0,24.71
716,PAYMENT,2183.40,C7946937,8990.12,6806.72,M3612108,33501.89,35685.29,0,0,119.6,171.2,0,1.0,747.38,1.0,9.92
640,DEBIT,375.88,C1591386,2089.07,1713.19,C8954786,33491.49,33867.37,0,0,291.4,211.6,0,0.0,0.00,1.0,9.07
37,CASH_IN,1501.65,C7298433,13705.99,12204.33,C6103577,40422.46,41924.11,0,0,349.1,87.0,0,0.0,0.00,1.0,3.74
637,TRANSFER,71603.99,C2023090,75873.62,0.00,C8877978,0.00,71603.99,1,0,263.4,2.2,1,1.0,71603.99,4.0,83.64
370,PAYMENT,4015.11,C8734926,38152.45,34137.34,M7649838,16420.28,20435.40,0,0,306.5,257.4,0,0.0,0.00,1.0,9.18
230,TRANSFER,799.78,C3066559,7680.35,6880.57,C4179869,1920.05,2719.84,0,0,279.9,245.1,0,2.0,2506.88,1.0,3.17
402,DEBIT,670.62,C3117825,2568.11,1897.50,C9088765,13853.41,14524.03,0,0,121.2,169.2,0,0.0,0.00,1.0,14.97
26,DEBIT,257.27,C1033669,617.21,359.94,C3010556,29050.98,29308.25,0,0,339.7,183.6,0,0.0,0.00,1.0,11.15
266,TRANSFER,71619.71,C2527267,80434.72,0.00,C2114795,0.00,71619.71,1,0,5.0,6.4,1,9.0,200749.12,4.0,68.43
494,TRANSFER,1847.87,C8575765,6789.95,4942.09,C5990447,42710.73,44558.60,0,0,296.3,271.8,0,1.0,1455.51,1.0,5.02
281,PAYMENT,232.29,C3740475,2177.67,1945.39,M3387629,41162.54,41394.82,0,0,291.6,223.0,0,0.0,0.00,1.0,7.27
588,DEBIT,1900.16,C2741333,7174.60,5274.44,C4473669,14702.89,16603.06,0,0,169.7,117.3,1,0.0,0.00,1.0,17.89
63,PAYMENT,2490.90,C7880624,18282.29,15791.39,M9050161,27911.13,30402.03,0,0,180.5,359.5,0,0.0,0.00,1.0,22.15
421,PAYMENT,1186.73,C3959703,3497.24,2310.51,M2314978,17995.31,19182.03,0,0,34.5,311.8,0,1.0,1184.07,1.0,22.58
61,DEBIT,1432.06,C4280143,10881.25,9449.19,C7732391,39829.96,41262.03,0,0,168.1,179.4,1,0.0,0.00,1.0,24.53
379,PAYMENT,1039.94,C8020351,2803.24,1763.30,M8461171,21528.74,22568.67,0,0,317.0,363.0,1,0.0,0.00,1.0,13.24
135,TRANSFER,3252.47,C5065036,5143.08,1890.61,C2800567,33037.03,36289.49,0,0,209.8,158.6,1,1.0,793.57,1.0,17.52
444,CASH_IN,635.42,C8184221,1033.50,398.08,C4542475,25491.61,26127.03,0,0,103.7,260.0,1,0.0,0.00,1.0,16.52
91,DEBIT,562.49,C1209717,4294.81,3732.33,C8105700,1897.80,2460.29,0,0,192.0,133.8,0,0.0,0.00,1.0,10.41
181,CASH_OUT,28239.21,C9871991,31986.04,0.00,C9363669,0.00,28239.21,1,0,116.7,1.1,1,1.0,28239.21,1.0,65.35
517,DEBIT,994.62,C5276406,3342.57,2347.95,C4149308,19139.14,20133.76,0,0,224.4,57.2,0,0.0,0.00,1.0,11.12
80,CASH_IN,3104.77,C8654087,29826.13,26721.37,C3816451,30818.36,33923.12,0,0,313.8,184.5,0,0.0,0.00,1.0,13.71
709,DEBIT,1912.02,C4707862,14248.97,12336.95,C9158614,13377.42,15289.44,0,0,330.2,188.3,0,0.0,0.00,1.0,10.94
662,TRANSFER,473.29,C4563354,2786.64,2313.35,C9312676,24013.22,24486.51,0,0,345.3,69.5,1,1.0,1321.93,1.0,11.51
275,TRANSFER,2880.55,C2209046,12481.74,9601.19,C8979540,33041.99,35922.54,0,0,120.1,310.7,0,1.0,263.14,1.0,13.90
194,TRANSFER,218000.32,C7750456,227151.26,0.00,C9532309,0.00,218000.32,1,1,360.1,1.3,1,3.0,654000.96,4.0,70.37
520,DEBIT,975.13,C8885840,4331.13,3356.00,C5225804,17945.98,18921.11,0,0,268.2,323.5,0,0.0,0.00,1.0,13.76
368,CASH_IN,1065.46,C3024544,6679.24,5613.77,C1487501,38828.39,39893.85,0,0,115.4,213.3,0,0.0,0.00,1.0,17.90
159,DEBIT,625.88,C3020086,1247.65,621.77,C1389289,44060.60,44686.48,0,0,128.2,242.2,1,2.0,2763.65,1.0,2.12
131,PAYMENT,2303.39,C5934854,6982.89,4679.50,M4615858,11230.23,13533.63,0,0,35.8,68.3,0,0.0,0.00,1.0,2.64
471,CASH_IN,1031.20,C4548468,9370.64,8339.44,C5792407,26272.69,27303.89,0,0,193.4,363.9,1,0.0,0.00,1.0,11.53
133,TRANSFER,520.79,C6836442,4325.57,3804.78,C3709928,5613.26,6134.05,0,0,198.4,275.7,0,0.0,0.00,1.0,5.02
260,PAYMENT,230.18,C9725407,764.33,534.15,M2133643,29371.24,29601.42,0,0,42.5,170.3,0,0.0,0.00,1.0,9.23
68,PAYMENT,244.02,C1863483,2079.12,1835.10,M6472479,6003.13,6247.15,0,0,189.0,53.2,0,2.0,2595.35,1.0,19.10
275,TRANSFER,3248.94,C7680725,29627.44,26378.51,C1534872,35406.75,38655.68,0,0,255.8,280.3,1,2.0,541.49,1.0,20.64
209,DEBIT,249.36,C9543477,1251.34,1001.98,C7055037,14981.55,15230.91,0,0,224.7,108.5,0,0.0,0.00,1.0,11.67
86,CASH_IN,347.35,C7284277,1416.38,1069.03,C2406974,17647.66,17995.01,0,0,60.1,72.5,0,0.0,0.00,1.0,6.67
643,CASH_IN,733.32,C1190201,7064.61,6331.29,C9965854,20889.56,21622.88,0,0,277.8,248.2,0,0.0,0.00,1.0,16.19
618,PAYMENT,918.44,C6032014,7592.60,6674.16,M7192488,46412.60,47331.04,0,0,279.9,233.7,0,0.0,0.00,1.0,7.31
151,PAYMENT,1183.25,C7865359,5059.09,3875.84,M6415732,4374.72,5557.97,0,0,101.9,73.3,0,0.0,0.00,1.0,16.26
634,DEBIT,2500.59,C5373522,11716.31,9215.72,C3417761,8230.96,10731.55,0,0,102.4,40.8,0,0.0,0.00,1.0,14.21
212,CASH_IN,1004.13,C6059113,6362.36,5358.23,C7756341,11568.06,12572.19,0,0,150.8,258.9,0,2.0,1168.06,1.0,12.34
441,PAYMENT,1167.42,C1854064,7933.61,6766.19,M2144575,21342.38,22509.80,0,0,264.7,129.2,0,0.0,0.00,1.0,9.95
248,CASH_IN,548.79,C1421104,3962.80,3414.01,C8181934,22057.01,22605.81,0,0,91.6,103.7,0,1.0,1256.59,1.0,4.35
280,CASH_IN,1193.88,C2075360,4690.65,3496.77,C9496395,47684.70,48878.58,0,0,126.4,122.8,0,0.0,0.00,1.0,23.11
106,PAYMENT,1192.89,C5433676,11382.22,10189.33,M1959797,38796.57,39989.46,0,0,158.7,283.2,0,1.0,1161.49,1.0,19.10
441,CASH_IN,1718.04,C8697009,3087.46,1369.42,C9398687,29483.97,31202.00,0,0,137.5,36.8,0,0.0,0.00,1.0,13.11
426,TRANSFER,402.03,C4498870,2341.15,1939.12,C5868515,11455.26,11857.29,0,0,214.5,133.8,1,1.0,1008.61,1.0,6.58
616,DEBIT,2895.01,C9709366,9639.52,6744.50,C4191789,27718.99,30614.00,0,0,348.9,49.8,0,0.0,0.00,1.0,22.47
664,CASH_IN,901.40,C7053316,6731.06,5829.66,C4400227,34969.60,35871.01,0,0,167.5,323.2,0,0.0,0.00,1.0,20.19
328,CASH_IN,1084.55,C4668138,7628.94,6544.39,C6177306,34072.62,35157.16,0,0,340.1,62.1,0,0.0,0.00,1.0,12.55
471,CASH_OUT,25601.83,C2816855,26875.77,0.00,C1502261,0.00,25601.83,1,0,243.2,0.7,1,1.0,25601.83,1.0,89.83
493,DEBIT,353.40,C1466306,712.54,359.14,C6510563,45157.49,45510.89,0,0,343.3,78.7,0,1.0,678.22,1.0,15.81
329,DEBIT,2878.14,C5639980,18138.37,15260.22,C7491611,41068.34,43946.48,0,0,114.5,287.1,0,0.0,0.00,1.0,7.52
585,CASH_IN,496.62,C7024369,2278.63,1782.00,C3258147,242.67,739.29,0,0,317.3,185.0,0,0.0,0.00,1.0,3.49
579,CASH_OUT,74016.52,C6866790,78094.26,0.00,C7766671,0.00,74016.52,1,0,3.8,1.2,1,15.0,494593.10,4.0,62.17
372,CASH_IN,405.56,C2970535,1671.87,1266.31,C1422769,49555.56,49961.12,0,0,171.2,179.2,0,0.0,0.00,1.0,16.43
65,CASH_IN,447.70,C2571717,2427.85,1980.15,C2926865,3918.67,4366.37,0,0,110.7,305.8,0,0.0,0.00,1.0,2.30
346,CASH_IN,864.83,C1266229,2093.57,1228.74,C6625548,40071.15,40935.98,0,0,60.2,57.2,1,0.0,0.00,1.0,17.45
425,PAYMENT,141.67,C7010556,557.87,416.20,M8178410,6945.18,7086.84,0,0,213.3,48.7,0,0.0,0.00,1.0,11.89
36,CASH_IN,631.92,C3756471,963.07,331.16,C5345232,27190.89,27822.81,0,0,159.3,209.7,0,0.0,0.00,1.0,21.29
482,CASH_OUT,137706.99,C8086050,138666.65,0.00,C1318832,0.00,137706.99,1,0,2.8,0.1,1,1.0,137706.99,2.0,11.81
466,TRANSFER,790.49,C4383547,5812.13,5021.64,C3504371,33361.25,34151.74,0,0,356.1,323.9,1,0.0,0.00,1.0,24.39
469,PAYMENT,693.01,C6270431,5063.51,4370.50,M6011049,1452.93,2145.93,0,0,264.8,314.7,0,0.0,0.00,1.0,24.08
623,TRANSFER,104756.12,C8688005,109765.28,0.00,C5682682,0.00,104756.12,1,0,4.1,2.8,1,4.0,419024.48,4.0,12.31
690,PAYMENT,456.14,C6862404,2872.20,2416.06,M4651235,7533.79,7989.94,0,0,145.2,135.3,0,0.0,0.00,1.0,13.27
130,CASH_IN,719.41,C3343767,1272.96,553.55,C7752836,30574.79,31294.20,0,0,210.1,110.2,0,1.0,1031.99,1.0,22.58
619,DEBIT,118.48,C8880227,382.30,263.81,C3743477,10513.90,10632.38,0,0,192.6,319.1,0,2.0,2309.52,1.0,18.27
248,DEBIT,2621.04,C6360664,12995.88,10374.84,C7670626,15159.51,17780.55,0,0,128.1,208.7,0,0.0,0.00,1.0,15.92
198,PAYMENT,2756.25,C7991044,16992.07,14235.82,M6623723,22564.48,25320.73,0,0,334.4,181.3,0,2.0,630.43,1.0,15.15
532,CASH_OUT,64695.52,C6239575,68900.58,0.00,C6727754,0.00,64695.52,1,0,2.4,5.1,1,13.0,523578.21,8.0,50.98
431,CASH_OUT,292586.17,C4848272,300425.60,0.00,C8935534,0.00,292586.17,1,1,6.0,5.8,1,5.0,1462930.87,4.0,11.79
514,DEBIT,161.61,C1625676,1508.45,1346.84,C3203258,36048.19,36209.80,0,0,302.0,73.1,0,1.0,606.13,1.0,1.99
45,TRANSFER,505.69,C5297711,2421.45,1915.76,C4694932,1887.51,2393.21,0,0,132.3,295.1,0,0.0,0.00,1.0,1.67
314,TRANSFER,59373.44,C5302306,59420.04,0.00,C8624108,0.00,59373.44,1,0,2.2,1.8,1,7.0,343060.18,6.0,47.30
125,PAYMENT,2371.20,C3924866,13653.61,11282.40,M6440331,39255.42,41626.63,0,0,180.0,338.2,0,0.0,0.00,1.0,0.57
416,PAYMENT,824.88,C6584643,5571.89,4747.01,M8692879,37904.09,38728.96,0,0,113.8,310.6,0,0.0,0.00,1.0,15.21
597,TRANSFER,199.71,C5812512,357.16,157.44,C3031916,30436.62,30636.33,0,0,93.7,81.0,0,0.0,0.00,1.0,8.12
163,DEBIT,1056.26,C3160401,7688.53,6632.27,C9707779,38682.02,39738.29,0,0,182.0,333.8,1,0.0,0.00,1.0,11.35
118,CASH_IN,2315.11,C2406251,21268.12,18953.01,C2635698,32130.48,34445.59,0,0,135.4,149.0,0,0.0,0.00,1.0,22.46
322,DEBIT,2871.97,C3706564,21242.39,18370.41,C3190887,48899.19,51771.17,0,0,276.7,300.4,0,0.0,0.00,1.0,4.96
661,TRANSFER,394.74,C8704618,3348.41,2953.68,C6698797,3238.19,3632.93,0,0,265.8,166.0,0,1.0,497.70,1.0,17.92
230,CASH_IN,277.67,C6245525,814.95,537.28,C8291777,8339.57,8617.24,0,0,297.4,242.4,0,0.0,0.00,1.0,19.31
368,PAYMENT,1116.24,C4324816,8760.41,7644.17,M6847119,36660.09,37776.33,0,0,237.1,234.1,1,2.0,1563.92,1.0,5.13
57,TRANSFER,740.41,C2982450,1288.86,548.44,C2131364,40108.66,40849.07,0,0,244.4,66.0,1,0.0,0.00,1.0,14.84
442,TRANSFER,994.93,C8878726,9499.20,8504.28,C3296252,15162.87,16157.79,0,0,308.3,286.8,0,0.0,0.00,1.0,16.93
179,DEBIT,409.51,C7131345,913.37,503.87,C4944857,8118.45,8527.96,0,0,178.4,40.5,0,0.0,0.00,1.0,17.46
27,CASH_OUT,59000.89,C6506244,69436.48,0.00,C7800720,0.00,59000.89,1,0,2.9,4.7,1,14.0,438687.48,7.0,80.27
662,DEBIT,388.46,C1986441,638.31,249.85,C2047115,31013.38,31401.84,0,0,319.8,40.3,0,1.0,266.14,1.0,18.74
305,DEBIT,2120.81,C3079391,20041.89,17921.08,C8449375,15221.11,17341.92,0,0,278.6,197.4,0,0.0,0.00,1.0,22.78
542,CASH_IN,875.01,C1645940,2059.92,1184.90,C9784512,30178.13,31053.14,0,0,91.5,229.7,0,0.0,0.00,1.0,1.91
422,TRANSFER,1044.43,C1326040,1576.78,532.34,C4725850,48841.90,49886.34,0,0,153.1,137.4,0,0.0,0.00,1.0,3.43
496,TRANSFER,1065.60,C7388414,8052.97,6987.36,C3717879,30258.83,31324.43,0,0,53.2,140.6,0,1.0,802.41,1.0,10.13
124,PAYMENT,1758.17,C6520313,15001.74,13243.57,M7052267,24220.52,25978.69,0,0,248.5,163.5,0,1.0,668.41,1.0,18.91
58,DEBIT,159.55,C9488289,263.36,103.81,C7766156,42983.33,43142.88,0,0,143.0,203.5,0,0.0,0.00,1.0,12.98
255,DEBIT,2895.77,C5679761,10093.29,7197.51,C6953308,16188.87,19084.65,0,0,240.5,177.4,0,0.0,0.00,1.0,6.22
137,DEBIT,244.92,C3279521,2433.92,2189.00,C5853066,20895.21,21140.13,0,0,326.6,306.2,0,0.0,0.00,1.0,2.30
41,PAYMENT,350.18,C9295029,2590.93,2240.75,M8187843,41884.78,42234.97,0,0,48.4,224.9,1,1.0,402.02,1.0,15.16
553,TRANSFER,45494.12,C5622060,54258.69,0.00,C2083119,0.00,45494.12,1,0,4.7,3.6,1,13.0,463737.94,3.0,52.12
68,TRANSFER,115.94,C6949057,720.45,604.51,C7821016,26872.04,26987.98,0,0,84.9,157.7,0,0.0,0.00,1.0,3.55
627,CASH_OUT,149703.10,C6781161,152012.40,0.00,C2618664,0.00,149703.10,1,0,0.3,0.2,1,3.0,449109.29,1.0,12.12
280,CASH_IN,207.81,C4152219,1538.53,1330.72,C4199569,25757.31,25965.12,0,0,118.7,166.9,0,0.0,0.00,1.0,14.53
307,PAYMENT,623.15,C2260340,5097.36,4474.21,M5849101,24909.99,25533.14,0,0,118.4,284.7,0,0.0,0.00,1.0,13.51
476,TRANSFER,560.86,C5580672,2106.28,1545.42,C1571507,13891.04,14451.90,0,0,360.8,292.9,0,0.0,0.00,1.0,19.10
200,CASH_IN,67.13,C3513171,255.82,188.69,C9941500,14998.21,15065.34,0,0,136.1,79.6,0,1.0,540.08,1.0,4.21
472,TRANSFER,1065.15,C9769824,6221.46,5156.31,C3611719,19385.01,20450.16,0,0,73.8,81.1,0,0.0,0.00,1.0,16.76
332,PAYMENT,375.10,C2255083,3288.33,2913.23,M7479012,23710.37,24085.47,0,0,154.9,90.4,0,0.0,0.00,1.0,19.96
466,DEBIT,258.56,C8201638,394.06,135.50,C2067766,33784.48,34043.03,0,0,40.5,351.6,1,0.0,0.00,1.0,12.24
345,TRANSFER,587.74,C3108926,5111.92,4524.19,C9906520,3667.64,4255.38,0,0,224.6,324.1,0,1.0,494.07,1.0,0.82
105,CASH_IN,228.89,C3170810,1111.80,882.91,C6281407,1073.56,1302.45,0,0,311.0,296.3,0,0.0,0.00,1.0,18.64
37,TRANSFER,584.22,C7467727,1945.56,1361.34,C1115103,24573.33,25157.55,0,0,265.8,218.3,0,0.0,0.00,1.0,17.46
256,DEBIT,272.54,C4521601,1178.17,905.64,C8063002,24063.09,24335.62,0,0,312.3,353.0,0,1.0,1497.39,1.0,12.15
38,CASH_IN,178.92,C2158842,1619.73,1440.81,C2702600,47072.15,47251.08,0,0,144.1,257.4,0,0.0,0.00,1.0,18.76
664,TRANSFER,1689.65,C1664853,12398.59,10708.94,C7452503,2346.71,4036.37,0,0,113.6,241.9,1,0.0,0.00,1.0,24.72
90,PAYMENT,206.90,C6869482,1917.94,1711.03,M6089491,35936.66,36143.56,0,0,229.5,354.0,1,0.0,0.00,1.0,11.93
207,TRANSFER,3593.55,C8319558,35569.71,31976.16,C8265635,36851.94,40445.49,0,0,215.1,139.7,1,1.0,248.97,1.0,8.72
488,DEBIT,1151.88,C4054672,1942.00,790.12,C2785284,2828.75,3980.63,0,0,160.9,212.5,1,0.0,0.00,1.0,11.81
680,CASH_IN,1244.85,C8944790,8469.45,7224.60,C9756987,16325.66,17570.52,0,0,298.7,303.0,0,0.0,0.00,1.0,24.21
707,PAYMENT,280.35,C3954991,2271.40,1991.06,M4769507,24095.77,24376.12,0,0,267.5,310.5,0,1.0,1086.59,1.0,22.87
523,PAYMENT,52.44,C5692615,403.03,350.60,M3870617,38601.62,38654.05,0,0,162.2,81.2,1,0.0,0.00,1.0,23.80
350,CASH_IN,362.30,C5144763,2411.01,2048.72,C6540237,18445.50,18807.80,0,0,292.2,317.2,0,0.0,0.00,1.0,15.65
370,TRANSFER,84.55,C8291589,757.84,673.29,C1994499,35953.81,36038.36,0,0,180.9,269.4,0,0.0,0.00,1.0,22.21
447,CASH_OUT,130080.93,C8180225,138861.54,0.00,C9420114,0.00,130080.93,1,0,291.0,4.3,1,3.0,390242.80,2.0,74.60
713,CASH_IN,327.68,C2744576,568.33,240.65,C2176609,36744.70,37072.38,0,0,168.1,119.3,0,0.0,0.00,1.0,23.76
129,DEBIT,796.21,C9313204,7612.45,6816.24,C5795854,34793.27,35589.48,0,0,285.5,32.0,0,1.0,258.25,1.0,21.68
563,CASH_IN,276.47,C6360434,1422.49,1146.03,C9359590,4270.78,4547.25,0,0,358.5,213.0,1,1.0,269.24,1.0,20.93
61,TRANSFER,1215.20,C1221809,5054.26,3839.06,C9931673,9647.11,10862.31,0,0,266.9,332.2,0,1.0,1121.32,1.0,14.09
376,DEBIT,907.58,C2625744,4057.03,3149.46,C8248324,13074.27,13981.85,0,0,234.9,57.4,1,2.0,1263.81,1.0,8.74
409,TRANSFER,55719.58,C3521527,66504.53,0.00,C9110949,0.00,55719.58,1,0,5.4,6.8,1,15.0,280249.06,3.0,78.88
662,DEBIT,76.02,C4599940,172.13,96.11,C9885288,35136.17,35212.19,0,0,215.8,102.1,0,1.0,544.88,1.0,24.03
41,TRANSFER,364.05,C8800078,3273.99,2909.94,C9741915,20466.28,20830.32,0,0,84.6,203.9,0,0.0,0.00,1.0,0.35
667,CASH_IN,371.61,C5626422,862.23,490.62,C1447558,24004.38,24375.99,0,0,200.3,67.9,0,0.0,0.00,1.0,18.65
483,TRANSFER,214919.78,C4211953,254266.48,0.00,C3089819,0.00,214919.78,1,1,358.3,3.3,1,3.0,644759.33,2.0,96.26
379,DEBIT,568.88,C8973770,1336.49,767.61,C9691169,33274.10,33842.97,0,0,272.9,364.7,0,0.0,0.00,1.0,17.70
541,CASH_IN,1096.07,C9591861,10019.72,8923.66,C6776590,49552.42,50648.49,0,0,64.7,252.9,0,0.0,0.00,1.0,18.26
681,DEBIT,1748.73,C8861291,3098.53,1349.80,C3594387,21422.79,23171.52,0,0,197.2,280.4,0,0.0,0.00,1.0,8.56
277,DEBIT,156.18,C5382324,1133.78,977.60,C9384027,30759.27,30915.45,0,0,129.9,245.3,0,0.0,0.00,1.0,6.93
380,PAYMENT,4240.93,C9987034,40745.41,36504.48,M4123157,5128.16,9369.09,0,0,343.0,269.2,0,0.0,0.00,1.0,19.98
609,CASH_IN,185.33,C2389924,815.95,630.61,C7978766,34158.56,34343.90,0,0,137.0,175.3,0,0.0,0.00,1.0,0.15
135,DEBIT,627.64,C1690280,1898.26,1270.61,C1470826,9185.63,9813.27,0,0,47.1,271.2,0,1.0,1075.40,1.0,14.04
232,TRANSFER,813.95,C7820054,2172.46,1358.51,C8563908,15997.99,16811.94,0,0,75.2,47.2,0,0.0,0.00,1.0,24.04
38,DEBIT,253.63,C8967137,2152.73,1899.10,C6112217,132.35,385.99,0,0,113.8,207.1,0,1.0,512.12,1.0,5.00
63,TRANSFER,29905.91,C4981411,32153.32,0.00,C4851270,0.00,29905.91,1,0,191.2,0.7,1,1.0,29905.91,1.0,77.30
640,CASH_OUT,201280.74,C8776318,226792.63,0.00,C3408895,0.00,201280.74,1,1,238.1,4.2,1,2.0,402561.49,2.0,95.48
421,CASH_IN,1455.42,C3910439,13958.70,12503.28,C8343888,3052.04,4507.46,0,0,213.6,243.2,0,0.0,0.00,1.0,11.33
272,PAYMENT,1761.26,C3891945,4934.03,3172.77,M1016645,44953.46,46714.72,0,0,218.1,257.2,0,0.0,0.00,1.0,4.85
324,CASH_IN,1491.91,C6942053,3344.04,1852.12,C6588071,30937.97,32429.88,0,0,286.5,86.0,0,1.0,713.80,1.0,13.20
248,DEBIT,507.52,C4865556,4309.95,3802.43,C4424927,34289.70,34797.22,0,0,242.8,257.9,0,2.0,1851.78,1.0,24.24
333,PAYMENT,1117.33,C5273321,7713.24,6595.92,M1701480,24898.79,26016.12,0,0,357.6,255.5,0,0.0,0.00,1.0,11.03
638,DEBIT,1602.32,C1919037,6685.77,5083.45,C9115211,206.82,1809.14,0,0,211.5,186.8,0,0.0,0.00,1.0,0.24
165,CASH_IN,1087.30,C7460980,8405.93,7318.63,C4641450,7718.05,8805.35,0,0,319.3,215.3,0,0.0,0.00,1.0,19.98
708,CASH_IN,364.46,C7676789,1324.14,959.69,C3102534,35104.80,35469.25,0,0,40.3,287.7,0,0.0,0.00,1.0,22.46
202,PAYMENT,3704.84,C5392209,5923.33,2218.49,M3220630,14167.15,17871.99,0,0,105.9,257.2,0,0.0,0.00,1.0,22.28
322,DEBIT,497.36,C7160013,3154.49,2657.14,C6113146,8973.44,9470.80,0,0,154.7,298.1,0,0.0,0.00,1.0,6.78
446,PAYMENT,487.31,C3411436,2493.45,2006.14,M7473305,44421.58,44908.89,0,0,81.3,122.7,1,0.0,0.00,1.0,20.68
128,CASH_IN,405.01,C2121721,1576.54,1171.53,C7776540,6316.63,6721.63,0,0,316.4,170.9,0,0.0,0.00,1.0,19.84
284,CASH_IN,1094.66,C6676933,7436.55,6341.89,C4134887,48758.15,49852.82,0,0,164.6,61.6,0,1.0,1078.51,1.0,11.12
227,DEBIT,693.79,C3001622,4336.99,3643.20,C1475994,11839.47,12533.26,0,0,225.5,115.7,0,1.0,320.54,1.0,12.82
84,CASH_IN,694.20,C1768052,2797.43,2103.24,C7306543,34804.37,35498.57,0,0,37.4,298.3,0,1.0,1041.00,1.0,12.01
659,TRANSFER,433.64,C4287147,2627.59,2193.95,C5217444,31364.69,31798.33,0,0,42.4,138.5,0,0.0,0.00,1.0,9.78
38,CASH_OUT,27670.82,C8038466,28091.05,0.00,C9818362,0.00,27670.82,1,0,283.3,1.5,1,1.0,27670.82,1.0,86.88
395,PAYMENT,914.48,C3987075,2989.28,2074.80,M1764642,35444.56,36359.05,0,0,139.2,120.9,0,0.0,0.00,1.0,17.24
493,TRANSFER,204051.07,C9155898,210334.89,0.00,C7512143,0.00,204051.07,1,1,189.4,3.2,1,3.0,612153.21,2.0,88.80
172,CASH_OUT,47469.82,C8378809,48081.98,0.00,C5141207,0.00,47469.82,1,0,299.8,4.3,1,2.0,94939.64,4.0,89.91
693,PAYMENT,656.12,C4528684,6381.09,5724.96,M6382495,5485.11,6141.23,0,0,37.7,178.8,1,1.0,293.58,1.0,23.02
465,TRANSFER,207.51,C9453482,1330.90,1123.39,C4071536,47828.99,48036.50,0,0,314.0,363.3,0,1.0,608.65,1.0,10.04
228,CASH_IN,549.69,C9223900,2915.29,2365.59,C4290917,33072.00,33621.70,0,0,248.0,161.3,0,1.0,594.29,1.0,24.82
538,PAYMENT,994.70,C8921429,2199.02,1204.32,M9634871,5177.39,6172.09,0,0,181.0,281.7,0,0.0,0.00,1.0,6.95
589,DEBIT,865.25,C8348696,3099.47,2234.22,C7428093,26504.45,27369.70,0,0,293.4,180.5,0,0.0,0.00,1.0,4.08
524,TRANSFER,267.96,C2789199,1404.09,1136.13,C3047088,35947.26,36215.22,0,0,168.9,324.4,0,0.0,0.00,1.0,4.65
52,CASH_OUT,78924.55,C7406386,82240.78,0.00,C1027698,0.00,78924.55,1,0,314.5,2.9,1,1.0,78924.55,2.0,80.45
636,CASH_IN,163.59,C7719137,1228.82,1065.23,C2629138,49786.56,49950.15,0,0,333.1,222.7,0,0.0,0.00,1.0,18.00
662,CASH_IN,5066.69,C7031141,48425.99,43359.30,C9668264,32264.56,37331.25,0,0,259.7,254.6,0,0.0,0.00,1.0,23.92
419,CASH_OUT,91633.24,C3208433,106324.33,0.00,C9993572,0.00,91633.24,1,0,187.6,3.9,1,3.0,274899.73,2.0,90.52
567,CASH_OUT,32578.67,C2296253,35817.35,0.00,C9258725,0.00,32578.67,1,0,198.9,1.1,1,1.0,32578.67,1.0,88.89
285,DEBIT,930.62,C1978928,2266.93,1336.32,C3345805,15205.86,16136.48,0,0,173.3,292.7,0,0.0,0.00,1.0,24.93
396,DEBIT,552.88,C7624419,1925.45,1372.57,C5669097,15271.83,15824.71,0,0,290.8,95.2,0,0.0,0.00,1.0,17.08
42,PAYMENT,468.38,C7849726,4529.48,4061.10,M2713903,24604.03,25072.42,0,0,344.8,213.6,0,0.0,0.00,1.0,18.83
43,TRANSFER,1550.46,C9189884,12843.53,11293.07,C5181633,31736.92,33287.38,0,0,341.4,68.6,0,0.0,0.00,1.0,14.95
181,TRANSFER,479.27,C3534285,4388.08,3908.81,C7463007,38650.97,39130.24,0,0,358.2,143.0,0,0.0,0.00,1.0,14.99
242,TRANSFER,183204.16,C6023785,219154.68,0.00,C7390631,0.00,183204.16,1,0,2.0,6.3,1,4.0,732816.62,1.0,3.20
443,TRANSFER,3509.21,C5061002,33915.48,30406.27,C7659686,44796.68,48305.89,0,0,194.0,267.5,0,0.0,0.00,1.0,23.53
382,DEBIT,419.22,C8191581,2138.40,1719.17,C2723925,25416.79,25836.01,0,0,49.1,236.5,1,0.0,0.00,1.0,1.83
541,CASH_IN,723.04,C1296131,3358.03,2634.98,C9534052,17437.17,18160.22,0,0,71.8,177.2,0,0.0,0.00,1.0,24.87
330,PAYMENT,1077.12,C5385865,9214.52,8137.40,M1257900,14145.28,15222.40,0,0,141.6,287.8,0,0.0,0.00,1.0,18.29
426,PAYMENT,572.38,C2580152,2946.61,2374.23,M3882259,22777.60,23349.98,0,0,309.8,50.2,0,0.0,0.00,1.0,4.00
106,CASH_IN,421.86,C8489442,2373.12,1951.27,C4132640,3798.24,4220.10,0,0,256.2,119.1,0,0.0,0.00,1.0,23.49
233,PAYMENT,333.67,C1621435,678.95,345.28,M7305178,10494.50,10828.17,0,0,203.6,259.9,0,0.0,0.00,1.0,19.46
280,CASH_IN,1009.54,C9420994,8905.97,7896.43,C5819460,37845.32,38854.86,0,0,45.6,86.6,0,0.0,0.00,1.0,13.65
256,TRANSFER,844.04,C1231116,1307.75,463.71,C3607418,32392.16,33236.20,0,0,33.6,106.2,0,0.0,0.00,1.0,4.40
464,TRANSFER,1539.58,C9166849,15066.31,13526.74,C1291912,8794.59,10334.16,0,0,291.2,331.0,0,0.0,0.00,1.0,19.19
368,DEBIT,657.27,C5877082,2695.49,2038.22,C1728414,19731.66,20388.93,0,0,311.2,88.0,1,0.0,0.00,1.0,24.29
405,TRANSFER,328.36,C6317804,3206.11,2877.75,C5264423,34731.58,35059.95,0,0,264.3,286.9,0,0.0,0.00,1.0,13.74
93,TRANSFER,144.06,C4194620,664.29,520.24,C3290050,30600.28,30744.34,0,0,354.5,107.5,0,0.0,0.00,1.0,14.28
522,PAYMENT,1107.87,C7650400,8218.11,7110.24,M9113849,43486.54,44594.41,0,0,93.4,110.8,0,1.0,430.38,1.0,20.31
489,DEBIT,327.10,C4627663,1965.91,1638.81,C9337200,39462.67,39789.77,0,0,294.9,39.4,1,0.0,0.00,1.0,12.14
257,PAYMENT,154.76,C1647716,774.23,619.47,M9970918,10285.86,10440.62,0,0,144.5,218.0,0,0.0,0.00,1.0,19.24
614,DEBIT,956.77,C7019888,7958.93,7002.17,C9568919,14864.40,15821.17,0,0,219.9,94.9,0,0.0,0.00,1.0,3.72
337,PAYMENT,286.63,C8190306,888.09,601.45,M8137059,30882.00,31168.63,0,0,113.3,150.3,0,0.0,0.00,1.0,12.64
639,DEBIT,828.48,C7443888,3358.94,2530.45,C5093446,19601.15,20429.63,0,0,251.1,217.0,0,0.0,0.00,1.0,4.89
353,PAYMENT,1979.45,C7090681,17505.73,15526.28,M2793505,16963.63,18943.07,0,0,150.4,32.9,0,1.0,236.47,1.0,0.45
470,TRANSFER,509.11,C7517329,3838.58,3329.47,C2938387,43558.69,44067.80,0,0,245.0,90.9,0,0.0,0.00,1.0,6.09
228,PAYMENT,1255.60,C4259820,11956.05,10700.44,M4291947,27589.56,28845.16,0,0,146.1,36.4,0,0.0,0.00,1.0,18.46
685,PAYMENT,387.37,C9098256,3858.03,3470.66,M2960967,35987.30,36374.66,0,0,203.6,148.5,1,2.0,854.41,1.0,6.38
716,PAYMENT,1151.27,C6701601,3677.03,2525.77,M1999770,12462.36,13613.62,0,0,115.0,117.4,0,0.0,0.00,1.0,6.96
518,TRANSFER,12966.95,C9732164,13269.80,0.00,C4399584,0.00,12966.95,1,0,199.3,1.9,1,1.0,12966.95,1.0,86.25
440,TRANSFER,484.65,C6782239,2602.54,2117.89,C3285958,41477.58,41962.23,0,0,167.4,174.1,1,0.0,0.00,1.0,12.84
87,CASH_OUT,34120.09,C7892832,40317.14,0.00,C9638196,0.00,34120.09,1,0,150.8,1.5,1,1.0,34120.09,1.0,68.96
503,PAYMENT,419.33,C9062962,1504.92,1085.59,M2268024,31229.23,31648.56,0,0,350.1,50.9,0,1.0,316.32,1.0,11.29
464,PAYMENT,991.91,C7650423,2109.22,1117.31,M8242102,30346.87,31338.78,0,0,357.1,31.8,0,0.0,0.00,1.0,9.54
392,TRANSFER,1195.81,C8000958,11282.55,10086.74,C1697143,39617.58,40813.40,0,0,180.9,85.2,0,0.0,0.00,1.0,4.29
429,TRANSFER,732.89,C9178112,1523.05,790.15,C7685218,45768.19,46501.08,0,0,107.5,250.3,0,0.0,0.00,1.0,15.13
89,CASH_IN,1169.43,C2102607,8540.30,7370.87,C9401851,14330.61,15500.04,0,0,276.9,286.3,0,1.0,242.46,1.0,22.31
422,DEBIT,2796.98,C8859360,21776.29,18979.31,C1424041,23499.62,26296.59,0,0,90.5,349.0,0,1.0,1000.25,1.0,20.27
683,TRANSFER,235039.65,C5708259,241533.06,0.00,C6361881,0.00,235039.65,1,1,243.8,1.2,1,1.0,235039.65,2.0,71.16
476,DEBIT,495.02,C2401179,4733.36,4238.34,C3479750,8850.57,9345.59,0,0,145.0,106.2,0,0.0,0.00,1.0,3.44
442,PAYMENT,2528.98,C6366583,25054.36,22525.38,M5326426,39067.66,41596.64,0,0,258.1,59.4,0,1.0,1017.02,1.0,10.89
542,CASH_IN,355.70,C9756739,2233.27,1877.57,C2668516,12792.60,13148.30,0,0,90.6,317.4,0,2.0,707.22,1.0,20.91
446,TRANSFER,1808.48,C6558611,6512.00,4703.52,C3773824,27920.65,29729.14,0,0,166.5,99.7,0,0.0,0.00,1.0,24.59
429,CASH_IN,563.76,C5832596,3567.17,3003.41,C9561642,26659.96,27223.72,0,0,295.5,69.0,0,0.0,0.00,1.0,7.06
273,TRANSFER,643.57,C7344198,4440.47,3796.91,C7632312,102.53,746.09,0,0,148.4,166.8,0,0.0,0.00,1.0,18.86
648,CASH_OUT,216835.85,C5137062,225872.91,0.00,C1013595,0.00,216835.85,1,1,198.2,1.1,1,3.0,650507.54,1.0,75.97
381,CASH_IN,285.47,C8018609,2036.24,1750.77,C4937092,33303.82,33589.29,0,0,175.8,86.7,0,0.0,0.00,1.0,18.72
451,CASH_IN,442.33,C3851853,2811.60,2369.27,C5668911,12020.86,12463.19,0,0,233.2,282.6,0,0.0,0.00,1.0,2.82
459,CASH_OUT,69234.17,C5912323,80638.74,0.00,C4901400,0.00,69234.17,1,0,2.3,1.7,1,6.0,307093.26,4.0,63.70
630,TRANSFER,904.89,C5651673,8928.98,8024.08,C3180573,44733.75,45638.64,0,0,292.3,66.0,0,0.0,0.00,1.0,2.74
276,DEBIT,179.67,C6829408,480.20,300.53,C2649910,42684.21,42863.88,0,0,292.0,302.6,0,0.0,0.00,1.0,10.42
451,TRANSFER,5394.53,C4075469,53208.01,47813.48,C8558089,4942.74,10337.27,0,0,263.5,288.5,1,0.0,0.00,1.0,16.36
332,TRANSFER,230.40,C1857804,562.96,332.56,C5943081,47629.32,47859.72,0,0,105.4,340.2,0,0.0,0.00,1.0,24.57
498,DEBIT,129.91,C5184064,1154.58,1024.66,C3383566,830.27,960.18,0,0,72.7,291.7,0,0.0,0.00,1.0,12.65
549,TRANSFER,2517.56,C5973179,15222.01,12704.46,C4500701,3686.11,6203.67,0,0,313.4,169.2,0,0.0,0.00,1.0,1.01
63,DEBIT,177.05,C7348027,526.21,349.16,C5142964,35093.70,35270.75,0,0,174.0,87.8,0,0.0,0.00,1.0,17.43
259,PAYMENT,396.64,C7179391,1192.98,796.33,M6577459,7137.43,7534.08,0,0,60.7,70.9,1,0.0,0.00,1.0,0.95
259,PAYMENT,3732.18,C3575860,31708.24,27976.06,M1720557,40352.29,44084.47,0,0,85.2,188.7,0,0.0,0.00,1.0,17.09
457,DEBIT,562.35,C6125461,5428.30,4865.95,C9552965,2269.06,2831.41,0,0,220.2,266.0,1,0.0,0.00,1.0,11.41
709,TRANSFER,115.12,C9780988,823.20,708.07,C8357101,8823.31,8938.43,0,0,60.6,59.3,0,1.0,489.59,1.0,19.00
50,CASH_OUT,51895.84,C2884417,62050.21,0.00,C9932800,0.00,51895.84,1,0,5.1,1.2,1,13.0,257266.46,3.0,55.31
68,PAYMENT,1682.01,C4508807,11929.95,10247.94,M2130199,13725.00,15407.01,0,0,38.0,48.9,0,0.0,0.00,1.0,10.66
153,PAYMENT,259.17,C2233822,2451.65,2192.48,M1454148,34214.10,34473.26,0,0,161.1,225.1,1,0.0,0.00,1.0,10.19
278,DEBIT,925.46,C8309225,7742.76,6817.31,C5237799,15528.05,16453.51,0,0,281.8,135.1,0,0.0,0.00,1.0,7.57
546,CASH_IN,129.57,C3728619,938.93,809.36,C5611508,23207.74,23337.31,0,0,52.4,192.1,0,0.0,0.00,1.0,24.35
251,PAYMENT,470.20,C7529294,2706.19,2235.98,M3565460,17078.32,17548.52,0,0,168.7,110.8,1,0.0,0.00,1.0,18.37
464,TRANSFER,3399.70,C7803735,23852.46,20452.76,C4832221,21519.96,24919.66,0,0,166.6,191.0,0,0.0,0.00,1.0,15.77
589,TRANSFER,34025.63,C3183340,40571.23,0.00,C3015335,0.00,34025.63,1,0,179.6,0.4,1,1.0,34025.63,1.0,69.55
682,TRANSFER,268.00,C9053605,835.30,567.30,C4925158,35186.83,35454.83,0,0,177.2,67.6,0,0.0,0.00,1.0,3.31
84,TRANSFER,740.55,C2487721,6619.29,5878.73,C5678874,37998.04,38738.60,0,0,68.0,117.9,0,1.0,522.42,1.0,21.74
409,TRANSFER,443.00,C8618531,4278.97,3835.98,C7342937,47827.46,48270.46,0,0,249.1,87.2,0,1.0,933.06,1.0,2.27
290,CASH_OUT,273891.74,C7401394,323142.56,0.00,C9678777,0.00,273891.74,1,1,5.7,0.7,1,2.0,547783.48,4.0,27.11
329,PAYMENT,2477.38,C6627963,24717.81,22240.42,M6334703,35180.81,37658.19,0,0,209.3,363.1,0,0.0,0.00,1.0,9.40
61,TRANSFER,335.57,C3012506,1462.85,1127.28,C6889914,40230.09,40565.66,0,0,142.1,351.9,0,1.0,1432.08,1.0,5.97
183,TRANSFER,172693.81,C2777531,193759.39,0.00,C2270494,0.00,172693.81,1,0,329.8,4.6,1,1.0,172693.81,1.0,96.61
64,TRANSFER,108.72,C2867516,702.25,593.53,C2307359,31820.64,31929.35,0,0,33.6,286.0,0,0.0,0.00,1.0,22.68
76,TRANSFER,72914.14,C8203906,76686.84,0.00,C6463267,0.00,72914.14,1,0,0.3,3.5,1,7.0,237411.47,6.0,79.27
209,DEBIT,95.63,C9611140,776.80,681.16,C3972090,37310.96,37406.59,0,0,357.5,130.4,0,0.0,0.00,1.0,18.48
617,PAYMENT,189.84,C4064933,1724.01,1534.17,M1904597,25092.59,25282.43,0,0,214.7,294.7,0,2.0,1940.23,1.0,0.20
171,CASH_IN,963.53,C1937388,6976.94,6013.41,C1083240,16063.01,17026.55,0,0,201.8,238.9,0,0.0,0.00,1.0,7.36
303,CASH_OUT,106328.31,C2979681,107180.97,0.00,C4895139,0.00,106328.31,1,0,4.7,5.2,1,3.0,318984.93,4.0,19.76
283,DEBIT,5780.12,C1786083,57744.56,51964.44,C1181142,18578.12,24358.23,0,0,359.8,113.1,1,0.0,0.00,1.0,15.79
666,TRANSFER,296.71,C6925756,1141.84,845.13,C7403527,44649.47,44946.18,0,0,238.7,234.7,0,0.0,0.00,1.0,12.15
404,TRANSFER,1440.41,C3766960,11490.50,10050.09,C5695871,17126.17,18566.58,0,0,171.7,267.0,1,0.0,0.00,1.0,13.37
714,DEBIT,1769.01,C4206949,5663.19,3894.18,C8970339,15721.59,17490.60,0,0,54.0,201.6,0,0.0,0.00,1.0,7.56
195,TRANSFER,48133.36,C6618835,51193.58,0.00,C1335687,0.00,48133.36,1,0,6.2,1.2,1,16.0,323125.94,5.0,45.59
703,TRANSFER,5082.02,C1159921,29247.58,24165.56,C3497132,20376.01,25458.03,0,0,307.6,210.7,0,1.0,379.37,1.0,14.78
297,TRANSFER,173.38,C9750421,1206.88,1033.50,C6847081,44574.86,44748.24,0,0,143.5,326.2,0,1.0,1071.15,1.0,7.21
291,CASH_OUT,221663.41,C5814783,257877.67,0.00,C2486284,0.00,221663.41,1,1,225.9,3.1,1,2.0,443326.83,4.0,93.49
321,TRANSFER,608.81,C3715004,1175.03,566.21,C9989413,17546.93,18155.74,0,0,313.0,33.5,0,2.0,693.53,1.0,19.02
207,TRANSFER,19753.83,C1511660,23150.59,0.00,C1771999,0.00,19753.83,1,0,249.6,0.6,1,1.0,19753.83,1.0,88.62
93,TRANSFER,494.41,C6531404,2218.64,1724.23,C4352555,10158.98,10653.40,0,0,33.9,193.0,0,0.0,0.00,1.0,0.83
109,CASH_OUT,59617.50,C9461679,65463.69,0.00,C8599005,0.00,59617.50,1,0,285.8,0.8,1,2.0,119235.01,2.0,71.83
62,CASH_OUT,263697.16,C9115128,289111.91,0.00,C9835535,0.00,263697.16,1,1,1.5,0.2,1,3.0,791091.48,4.0,4.97
44,PAYMENT,858.50,C3869389,3304.27,2445.77,M6244313,20893.89,21752.39,0,0,194.0,335.2,0,1.0,720.00,1.0,11.84
619,CASH_IN,368.04,C9526703,2328.90,1960.86,C3498086,44822.91,45190.95,0,0,141.9,361.3,0,1.0,1385.50,1.0,5.07
668,DEBIT,575.88,C1402467,3595.23,3019.35,C3694720,24575.48,25151.36,0,0,315.3,316.9,0,0.0,0.00,1.0,3.58
443,TRANSFER,1821.61,C2228035,8747.52,6925.91,C5290595,38199.17,40020.79,0,0,181.5,338.8,0,0.0,0.00,1.0,11.56
163,PAYMENT,1411.28,C4404978,11232.18,9820.90,M9543147,33202.66,34613.95,0,0,142.0,161.0,0,0.0,0.00,1.0,22.28
369,CASH_IN,2371.01,C3861331,16745.48,14374.47,C7127021,24018.58,26389.59,0,0,108.4,238.7,0,0.0,0.00,1.0,12.35
488,TRANSFER,468.67,C7602966,1252.19,783.52,C7483272,49335.49,49804.17,0,0,196.8,56.2,0,1.0,1235.92,1.0,16.81
639,CASH_IN,1531.81,C5711938,8565.97,7034.17,C2140974,35600.31,37132.11,0,0,81.2,106.2,1,0.0,0.00,1.0,17.86
597,TRANSFER,198.69,C1877231,508.63,309.94,C1192127,6388.65,6587.34,0,0,184.9,100.5,0,1.0,672.62,1.0,18.92
234,DEBIT,116.65,C7361911,400.37,283.71,C9139909,41617.19,41733.84,0,0,241.8,364.6,0,0.0,0.00,1.0,10.64
312,TRANSFER,126020.65,C1236405,143886.95,0.00,C5142751,0.00,126020.65,1,0,276.6,3.2,1,1.0,126020.65,2.0,76.03
276,DEBIT,124.38,C7991962,698.69,574.31,C3651085,19005.81,19130.18,0,0,137.1,355.1,0,0.0,0.00,1.0,23.53
547,DEBIT,394.74,C6768611,1351.02,956.28,C2747686,41402.97,41797.71,0,0,124.6,37.1,0,0.0,0.00,1.0,20.59
277,CASH_IN,431.19,C1258902,2300.01,1868.81,C2133396,5319.97,5751.17,0,0,64.1,351.4,0,0.0,0.00,1.0,17.86
297,TRANSFER,515.65,C5877469,4133.72,3618.07,C2846082,36474.11,36989.76,0,0,124.0,118.0,0,0.0,0.00,1.0,18.69
687,TRANSFER,9884.44,C3249853,22975.28,13090.84,C8139717,35825.72,45710.16,0,0,93.3,88.0,0,0.0,0.00,1.0,10.78
547,DEBIT,1443.17,C4153681,13030.19,11587.01,C3290804,16960.83,18404.00,0,0,109.1,179.5,0,0.0,0.00,1.0,10.14
345,CASH_OUT,68227.01,C2181798,70219.33,0.00,C1534096,0.00,68227.01,1,0,4.3,5.7,1,3.0,204681.02,1.0,2.20
452,TRANSFER,1533.74,C7880528,12212.48,10678.74,C9883496,34740.57,36274.31,0,0,303.4,256.3,0,1.0,1318.15,1.0,19.36
520,TRANSFER,1140.75,C9415241,4385.83,3245.09,C8040305,18972.56,20113.31,0,0,277.0,61.9,0,0.0,0.00,1.0,5.15
434,TRANSFER,41613.16,C8215025,49500.91,0.00,C5612943,0.00,41613.16,1,0,247.9,0.3,1,3.0,124839.47,2.0,84.60
637,DEBIT,472.41,C1175374,4030.47,3558.06,C7672341,23992.87,24465.28,0,0,107.6,295.8,0,0.0,0.00,1.0,0.48
245,TRANSFER,2451.93,C3636013,20578.75,18126.82,C6095851,41212.76,43664.69,0,0,361.9,281.8,0,0.0,0.00,1.0,2.32
636,PAYMENT,192.45,C4214456,1875.74,1683.30,M6578384,47354.30,47546.74,0,0,282.3,324.1,0,1.0,1148.80,1.0,9.44
379,DEBIT,396.84,C4960666,2291.24,1894.40,C5144526,18836.67,19233.51,0,0,311.0,347.3,0,0.0,0.00,1.0,13.17
570,PAYMENT,647.89,C4887253,3995.87,3347.98,M1985679,33345.00,33992.89,0,0,238.0,319.0,0,0.0,0.00,1.0,4.16
272,TRANSFER,329.50,C2245695,2514.09,2184.60,C9872802,39700.15,40029.65,0,0,360.2,355.0,0,1.0,1336.15,1.0,13.21
337,TRANSFER,73557.42,C7389769,85936.24,0.00,C2548926,0.00,73557.42,1,0,1.0,2.9,1,15.0,446591.51,6.0,60.27
714,PAYMENT,99.20,C9336516,763.63,664.44,M8145310,22349.03,22448.23,0,0,340.0,361.7,0,0.0,0.00,1.0,5.58
683,TRANSFER,65144.13,C8252941,67921.80,0.00,C5939188,0.00,65144.13,1,0,6.5,2.8,1,3.0,195432.40,2.0,15.74
436,TRANSFER,40649.46,C6383141,42915.66,0.00,C2496132,0.00,40649.46,1,0,3.1,5.6,1,11.0,515081.66,4.0,83.90
661,TRANSFER,202.75,C3519144,1623.37,1420.62,C6506819,6125.04,6327.79,0,0,215.8,242.2,0,0.0,0.00,1.0,15.87
402,CASH_IN,144.21,C1822637,875.94,731.73,C6974744,24263.96,24408.16,0,0,268.4,203.6,0,0.0,0.00,1.0,15.14
426,DEBIT,604.49,C9624077,1739.31,1134.82,C1553280,40725.15,41329.64,0,0,315.5,161.3,0,0.0,0.00,1.0,17.93
497,TRANSFER,1743.23,C8533822,10193.48,8450.25,C1807057,9959.53,11702.77,0,0,297.9,37.4,1,0.0,0.00,1.0,24.33
514,PAYMENT,15000.00,C7213317,27247.33,12247.33,M2399271,28722.29,43722.29,0,0,105.7,254.6,1,0.0,0.00,1.0,9.12
661,DEBIT,4548.64,C1435850,41579.56,37030.92,C2480197,14691.17,19239.81,0,0,86.3,326.3,0,2.0,1421.91,1.0,3.17
622,TRANSFER,1383.10,C4134574,12438.69,11055.59,C1975026,20050.98,21434.08,0,0,264.5,56.4,0,0.0,0.00,1.0,4.03
616,DEBIT,589.76,C4658943,3389.48,2799.72,C9042586,17184.34,17774.09,0,0,209.7,185.1,0,0.0,0.00,1.0,22.33
309,DEBIT,1106.80,C9667252,6334.05,5227.24,C5343703,15405.15,16511.95,0,0,329.0,351.0,0,0.0,0.00,1.0,4.48
634,PAYMENT,1698.29,C3817956,9451.02,7752.73,M6599824,11548.61,13246.90,0,0,360.5,255.1,0,2.0,2162.83,1.0,1.00
229,DEBIT,1280.35,C5411651,12470.81,11190.46,C1775213,42144.27,43424.62,0,0,326.0,258.5,0,0.0,0.00,1.0,5.93
512,PAYMENT,146.40,C6607392,881.21,734.82,M1129286,12953.79,13100.19,0,0,74.5,82.7,0,0.0,0.00,1.0,1.35
164,DEBIT,435.59,C9807015,1978.03,1542.44,C5579527,3398.39,3833.98,0,0,349.8,71.6,0,1.0,748.61,1.0,6.80
242,CASH_OUT,91571.90,C1813036,103998.92,0.00,C2428894,0.00,91571.90,1,0,1.4,3.9,1,12.0,443780.92,4.0,45.95
57,CASH_IN,621.65,C6635485,5697.15,5075.51,C6741038,2806.76,3428.40,0,0,78.9,172.0,0,0.0,0.00,1.0,16.13
442,CASH_IN,1112.59,C1719518,8326.76,7214.17,C9165505,7593.50,8706.10,0,0,284.7,262.6,0,0.0,0.00,1.0,9.46
326,TRANSFER,1437.60,C2971101,2788.67,1351.07,C5118195,4252.72,5690.33,0,0,261.5,266.7,0,1.0,496.12,1.0,10.04
266,PAYMENT,699.33,C4241696,5682.89,4983.56,M1120358,43304.59,44003.92,0,0,347.7,324.9,0,0.0,0.00,1.0,20.50
97,CASH_OUT,93968.67,C8099678,112409.21,0.00,C1273313,0.00,93968.67,1,0,6.6,6.9,1,16.0,275891.09,4.0,53.81
251,CASH_IN,2915.73,C8564401,29134.80,26219.08,C5548212,39876.22,42791.94,0,0,150.4,236.7,0,0.0,0.00,1.0,11.45
586,DEBIT,549.58,C8809487,4131.44,3581.86,C3018877,14693.34,15242.92,0,0,329.5,158.9,0,0.0,0.00,1.0,12.38
329,CASH_IN,770.00,C9898881,3596.23,2826.23,C2601323,16540.45,17310.45,0,0,278.4,264.1,0,1.0,447.98,1.0,8.73
305,DEBIT,1753.82,C7697270,13140.68,11386.87,C3139003,16632.94,18386.76,0,0,240.0,33.2,0,0.0,0.00,1.0,2.15
537,PAYMENT,301.11,C1364078,739.63,438.52,M1979354,31311.36,31612.47,0,0,64.6,320.2,0,0.0,0.00,1.0,10.79
160,CASH_OUT,129389.05,C3491258,136612.46,0.00,C1232243,0.00,129389.05,1,0,235.5,3.6,1,3.0,388167.16,2.0,82.01
145,CASH_OUT,315356.53,C1190936,338540.75,0.00,C4086692,0.00,315356.53,1,1,4.3,0.9,1,5.0,1576782.65,1.0,29.24
309,PAYMENT,141.28,C3483816,1005.00,863.72,M8406949,18003.79,18145.07,0,0,187.5,73.3,1,0.0,0.00,1.0,5.87
273,CASH_IN,369.71,C2179865,3319.76,2950.05,C8013503,31165.80,31535.52,0,0,138.8,65.3,0,0.0,0.00,1.0,22.45
52,CASH_OUT,51102.57,C1687014,55830.50,0.00,C7198065,0.00,51102.57,1,0,6.7,4.4,1,6.0,410418.43,9.0,62.18
350,CASH_IN,1674.16,C6982979,2606.63,932.47,C3359435,34962.03,36636.19,0,0,303.9,110.3,1,0.0,0.00,1.0,13.82
525,CASH_IN,593.15,C7445065,1451.04,857.89,C1136077,1248.82,1841.97,0,0,97.0,205.9,1,0.0,0.00,1.0,21.08
66,PAYMENT,80.22,C8228846,133.89,53.67,M6032561,6706.63,6786.85,0,0,194.4,74.6,0,0.0,0.00,1.0,11.49
86,TRANSFER,902.09,C4369538,8873.31,7971.21,C2320981,40453.85,41355.94,0,0,61.5,356.8,0,1.0,366.55,1.0,11.26
188,TRANSFER,130.69,C3099168,674.76,544.08,C5460307,18169.63,18300.31,0,0,66.9,340.0,0,0.0,0.00,1.0,1.48
109,CASH_IN,5989.03,C6497607,41609.14,35620.11,C7345409,17919.25,23908.27,0,0,247.0,117.4,0,0.0,0.00,1.0,16.49
660,TRANSFER,263.00,C8114122,2262.19,1999.19,C3652629,48222.16,48485.17,0,0,259.5,298.1,0,0.0,0.00,1.0,16.93
519,DEBIT,621.06,C8755700,5225.65,4604.59,C1789725,24589.09,25210.15,0,0,341.1,155.3,0,0.0,0.00,1.0,16.71
481,CASH_OUT,57381.42,C5653280,62057.76,0.00,C2872641,0.00,57381.42,1,0,0.2,3.2,1,7.0,192876.18,5.0,79.86
633,CASH_IN,633.01,C7717940,3300.51,2667.50,C9853070,4469.87,5102.88,0,0,324.7,57.6,0,0.0,0.00,1.0,17.02
236,PAYMENT,298.02,C2888265,1741.38,1443.36,M2035804,33397.68,33695.70,0,0,79.5,313.9,0,0.0,0.00,1.0,13.50
346,CASH_IN,618.51,C7416437,4336.05,3717.54,C5754969,24738.27,25356.78,0,0,321.5,79.5,0,0.0,0.00,1.0,7.45
181,CASH_OUT,33079.76,C7520996,39106.21,0.00,C2007849,0.00,33079.76,1,0,132.2,1.0,1,1.0,33079.76,1.0,85.09
202,TRANSFER,333.58,C2062006,1965.64,1632.06,C8349069,46006.79,46340.38,0,0,41.0,105.5,0,1.0,305.02,1.0,22.05
608,TRANSFER,1386.46,C2671633,12523.62,11137.16,C3440736,18970.07,20356.54,0,0,213.3,337.8,0,0.0,0.00,1.0,0.91
105,CASH_IN,1632.25,C1101238,7386.21,5753.96,C4687156,31158.14,32790.39,0,0,53.7,192.6,0,0.0,0.00,1.0,9.68
634,DEBIT,331.57,C5134548,3186.89,2855.33,C5590090,13588.43,13919.99,0,0,88.7,210.5,0,0.0,0.00,1.0,6.75
563,CASH_IN,1027.54,C7768690,2925.82,1898.28,C6246747,39815.72,40843.25,0,0,326.7,151.0,0,0.0,0.00,1.0,16.06
80,PAYMENT,1702.59,C6285497,15118.92,13416.33,M2589573,21392.39,23094.98,0,0,349.1,259.2,0,0.0,0.00,1.0,5.04
453,PAYMENT,968.47,C8165027,7918.95,6950.49,M4404248,46792.24,47760.70,0,0,298.8,136.5,0,0.0,0.00,1.0,16.48
347,PAYMENT,476.96,C9268422,1124.19,647.23,M4336765,32758.48,33235.44,0,0,166.1,245.4,0,1.0,402.96,1.0,2.44
636,TRANSFER,386.28,C5307138,1686.05,1299.78,C6791944,23330.37,23716.65,0,0,73.0,95.4,0,0.0,0.00,1.0,3.87
420,CASH_IN,1007.21,C9750269,2916.94,1909.73,C5145517,24615.30,25622.52,0,0,177.0,129.1,1,0.0,0.00,1.0,8.01
444,CASH_IN,2599.88,C8812282,6345.52,3745.64,C5772197,7761.00,10360.89,0,0,329.4,347.2,0,0.0,0.00,1.0,16.23
656,TRANSFER,41.86,C3824730,286.63,244.77,C2986612,18700.29,18742.16,0,0,240.2,196.4,0,0.0,0.00,1.0,11.87
113,CASH_IN,3405.52,C7093339,16510.71,13105.18,C8279280,7964.86,11370.38,0,0,302.7,357.4,0,0.0,0.00,1.0,10.06
395,TRANSFER,246187.29,C9907187,291243.03,0.00,C2740608,0.00,246187.29,1,1,362.7,1.7,1,2.0,492374.59,4.0,95.06
357,DEBIT,609.48,C6511297,5141.09,4531.61,C5785131,5285.40,5894.88,0,0,132.0,193.5,0,1.0,1123.71,1.0,11.41
233,CASH_IN,360.84,C6527565,2060.97,1700.13,C9494578,19574.13,19934.97,0,0,211.1,187.6,0,1.0,486.89,1.0,17.85
689,CASH_IN,281.93,C8858278,2737.51,2455.58,C8354181,42326.89,42608.82,0,0,289.8,160.5,0,0.0,0.00,1.0,0.72
559,CASH_IN,613.03,C6711865,4286.10,3673.07,C6520687,44354.42,44967.45,0,0,207.4,278.7,0,0.0,0.00,1.0,6.03
541,PAYMENT,185.22,C3102626,1194.98,1009.77,M9543708,5231.47,5416.69,0,0,104.9,91.4,0,0.0,0.00,1.0,17.78
517,CASH_IN,1138.24,C6099247,7083.24,5945.00,C5641902,9971.27,11109.51,0,0,287.2,141.8,0,0.0,0.00,1.0,17.30
263,TRANSFER,62259.40,C5229309,70669.23,0.00,C6439687,0.00,62259.40,1,0,2.6,1.6,1,2.0,124518.81,4.0,4.62
177,TRANSFER,362.03,C9467098,1320.81,958.77,C5155271,26334.58,26696.62,0,0,87.5,50.6,0,0.0,0.00,1.0,22.66
669,DEBIT,722.17,C2302609,6573.12,5850.95,C3876759,37986.53,38708.71,0,0,121.2,343.9,0,1.0,984.87,1.0,5.36
429,PAYMENT,68.98,C1793452,646.00,577.03,M2143186,49601.41,49670.39,0,0,250.5,73.1,0,0.0,0.00,1.0,5.55
554,CASH_IN,165.97,C7226530,848.71,682.74,C9982910,7511.17,7677.13,0,0,303.0,101.1,0,1.0,402.41,1.0,19.43
453,DEBIT,2394.64,C4263270,23592.40,21197.76,C5427320,7280.42,9675.06,0,0,203.7,312.1,0,0.0,0.00,1.0,8.31
61,DEBIT,91.43,C6483992,661.88,570.45,C5650247,21786.63,21878.06,0,0,321.8,239.7,0,0.0,0.00,1.0,20.55
567,TRANSFER,62249.19,C1822305,69862.48,0.00,C8737438,0.00,62249.19,1,0,0.6,6.4,1,3.0,186747.58,2.0,4.35
464,PAYMENT,982.03,C5340703,2808.32,1826.29,M6048678,25947.71,26929.74,0,0,163.5,122.3,1,0.0,0.00,1.0,13.01
373,TRANSFER,476.63,C3158399,828.12,351.49,C3186325,37205.64,37682.27,0,0,261.7,216.1,0,0.0,0.00,1.0,22.83
300,CASH_IN,469.81,C7773963,2937.63,2467.81,C6312604,21598.82,22068.63,0,0,33.0,107.5,1,0.0,0.00,1.0,18.45
586,CASH_IN,762.10,C3380986,4850.05,4087.95,C4924699,27920.52,28682.62,0,0,117.3,255.4,0,1.0,361.39,1.0,7.81
140,TRANSFER,1341.66,C7647589,7611.53,6269.86,C4951220,22658.69,24000.35,0,0,194.0,141.6,0,1.0,1293.56,1.0,6.51
656,PAYMENT,299.27,C9053061,2292.71,1993.45,M9178392,6734.33,7033.59,0,0,191.0,222.8,0,0.0,0.00,1.0,7.42
218,CASH_OUT,75455.24,C5727473,76193.21,0.00,C6930987,0.00,75455.24,1,0,5.0,3.5,1,14.0,397383.37,8.0,77.53
158,TRANSFER,284.91,C8345580,2678.97,2394.07,C8613354,46810.17,47095.07,0,0,91.4,309.3,1,1.0,259.69,1.0,7.49
49,CASH_OUT,87543.97,C7668216,103637.67,0.00,C6848273,0.00,87543.97,1,0,0.6,5.6,1,16.0,265586.42,5.0,54.19
36,CASH_OUT,101173.87,C8866450,104412.51,0.00,C9137621,0.00,101173.87,1,0,213.9,4.5,1,3.0,303521.60,4.0,71.61
370,CASH_IN,486.57,C9407744,1984.14,1497.57,C7181955,49890.90,50377.46,0,0,215.0,57.8,1,0.0,0.00,1.0,24.46
282,DEBIT,117.67,C6200544,182.09,64.42,C7412792,27661.69,27779.36,0,0,245.6,235.6,0,2.0,1599.77,1.0,24.33
377,PAYMENT,464.53,C4968280,3707.76,3243.23,M3472836,32607.26,33071.79,0,0,90.9,188.4,0,0.0,0.00,1.0,16.66
231,CASH_IN,198.52,C6391360,518.67,320.15,C8796025,41219.46,41417.98,0,0,338.5,230.9,0,0.0,0.00,1.0,21.61
369,TRANSFER,1032.26,C6829015,6000.77,4968.51,C4108005,20162.51,21194.77,0,0,294.7,142.6,1,2.0,2841.17,1.0,16.30
294,DEBIT,725.58,C7899594,2968.67,2243.09,C3699246,20202.22,20927.80,0,0,80.6,32.2,0,0.0,0.00,1.0,16.85
354,CASH_IN,847.55,C7037025,7137.07,6289.52,C3292682,8300.36,9147.90,0,0,81.9,193.4,0,0.0,0.00,1.0,23.13
296,PAYMENT,259.82,C1383157,743.48,483.66,M7982885,20403.39,20663.21,0,0,276.7,273.5,0,0.0,0.00,1.0,19.27
436,CASH_OUT,170893.54,C1500626,172714.45,0.00,C6625780,0.00,170893.54,1,0,342.8,1.6,1,1.0,170893.54,1.0,79.62
542,DEBIT,1146.74,C8083260,5555.35,4408.61,C7875438,12326.13,13472.87,0,0,49.9,47.2,0,0.0,0.00,1.0,9.46
373,PAYMENT,2199.27,C6757698,18545.41,16346.14,M8991872,40232.55,42431.82,0,0,129.0,245.6,1,2.0,2984.17,1.0,9.01
469,PAYMENT,539.80,C9712962,1304.13,764.33,M5277364,43650.37,44190.17,0,0,107.9,329.7,0,0.0,0.00,1.0,13.18
234,TRANSFER,428.12,C6490424,2728.43,2300.31,C6793444,3023.30,3451.42,0,0,55.5,307.9,0,0.0,0.00,1.0,22.52
493,DEBIT,8593.24,C4910430,62246.18,53652.93,C9647927,23280.30,31873.54,0,0,291.4,42.5,0,0.0,0.00,1.0,1.00
356,CASH_IN,809.16,C3073536,1605.50,796.34,C1537262,33535.32,34344.48,0,0,95.2,259.5,0,1.0,1377.43,1.0,8.48
690,TRANSFER,355.11,C9040796,2391.05,2035.95,C1343702,10859.24,11214.35,0,0,362.4,282.7,0,1.0,1149.35,1.0,20.05
539,CASH_IN,226.21,C9013017,888.96,662.75,C3350309,26694.91,26921.13,0,0,251.0,221.5,0,0.0,0.00,1.0,22.63
453,CASH_IN,2389.41,C3357092,21775.76,19386.36,C8076867,4419.58,6808.99,0,0,128.6,310.4,0,0.0,0.00,1.0,4.58
589,TRANSFER,147668.09,C3641992,157396.76,0.00,C4216287,0.00,147668.09,1,0,358.2,1.2,1,3.0,443004.28,4.0,94.08
497,PAYMENT,355.90,C4453066,761.45,405.55,M8142647,38447.48,38803.38,0,0,57.8,212.8,0,1.0,1302.27,1.0,4.99
546,DEBIT,90.25,C2217599,852.29,762.04,C2200491,21788.66,21878.90,0,0,196.8,245.4,0,2.0,1995.14,1.0,22.24
370,PAYMENT,100.08,C9769922,602.30,502.21,M3411133,43042.26,43142.35,0,0,256.7,203.4,0,2.0,1383.08,1.0,22.80
256,PAYMENT,1395.49,C9217588,7299.98,5904.48,M5065064,44687.29,46082.78,0,0,132.1,50.3,0,0.0,0.00,1.0,9.41
481,CASH_OUT,35704.56,C5951679,39007.41,0.00,C4356629,0.00,35704.56,1,0,3.0,6.4,1,17.0,215777.62,3.0,62.49
356,TRANSFER,1230.16,C9403041,9879.87,8649.72,C4885823,37744.86,38975.02,0,0,346.6,77.5,0,0.0,0.00,1.0,4.44
68,TRANSFER,617.67,C3914044,1656.95,1039.28,C2019318,168.35,786.02,0,0,363.8,273.9,0,0.0,0.00,1.0,19.61
116,PAYMENT,1572.18,C4527766,11578.30,10006.12,M7632510,40914.00,42486.19,0,0,294.5,302.4,1,0.0,0.00,1.0,13.19
403,CASH_IN,913.38,C7312615,9089.66,8176.28,C3419624,48133.63,49047.00,0,0,304.1,301.1,0,0.0,0.00,1.0,20.29
693,PAYMENT,549.26,C8368998,1539.58,990.33,M1921121,44790.77,45340.03,0,0,348.0,233.7,1,0.0,0.00,1.0,23.50
203,TRANSFER,738.25,C6172300,4435.34,3697.10,C6361593,30711.18,31449.43,0,0,190.4,356.4,0,0.0,0.00,1.0,14.59
664,DEBIT,300.62,C6788671,1911.77,1611.15,C1761671,42567.22,42867.84,0,0,84.2,184.2,0,0.0,0.00,1.0,21.12
328,DEBIT,437.13,C4096845,2847.93,2410.80,C9799687,11224.34,11661.47,0,0,136.7,41.4,0,0.0,0.00,1.0,17.00
447,DEBIT,663.21,C3940720,5762.43,5099.22,C4439275,45588.65,46251.86,0,0,54.5,228.1,0,0.0,0.00,1.0,4.40
58,PAYMENT,61.56,C4406798,188.06,126.50,M8439681,43700.62,43762.19,0,0,275.7,274.3,0,1.0,250.80,1.0,6.83
588,DEBIT,520.87,C8298345,4536.85,4015.98,C2280535,31655.06,32175.93,0,0,57.8,82.0,0,0.0,0.00,1.0,2.05
56,PAYMENT,2190.53,C1135769,12105.86,9915.33,M2559478,38413.00,40603.53,0,0,337.8,219.3,0,0.0,0.00,1.0,9.08
347,DEBIT,1390.39,C5030753,10166.86,8776.47,C8971835,15684.22,17074.62,0,0,233.4,279.2,0,0.0,0.00,1.0,7.85
544,CASH_IN,8260.46,C7065137,63868.63,55608.17,C4541954,19333.57,27594.03,0,0,324.1,240.0,0,0.0,0.00,1.0,21.56
417,PAYMENT,713.24,C4758139,4330.89,3617.66,M9719419,38063.76,38777.00,0,0,211.7,342.1,0,0.0,0.00,1.0,17.52
208,DEBIT,492.74,C6779801,1103.45,610.71,C2345326,49027.95,49520.69,0,0,301.5,203.2,1,0.0,0.00,1.0,22.92
699,TRANSFER,55344.13,C1479099,63633.91,0.00,C9152977,0.00,55344.13,1,0,2.5,3.3,1,12.0,341884.57,3.0,77.01
497,DEBIT,454.05,C3179620,3864.98,3410.93,C2386026,10324.82,10778.87,0,0,304.2,260.5,1,0.0,0.00,1.0,9.02
489,PAYMENT,369.13,C3007770,2379.66,2010.54,M1983552,24412.34,24781.46,0,0,341.4,189.6,0,0.0,0.00,1.0,13.93
711,TRANSFER,798.81,C4385907,5050.27,4251.46,C4727777,36175.44,36974.25,0,0,63.7,352.1,0,0.0,0.00,1.0,12.57
593,TRANSFER,960.38,C8212186,6874.69,5914.31,C3433856,34242.76,35203.14,0,0,341.6,59.1,0,0.0,0.00,1.0,14.09
665,PAYMENT,1137.17,C6435560,10846.74,9709.57,M2809938,37788.79,38925.96,0,0,296.4,351.8,0,1.0,1479.44,1.0,8.80
370,CASH_IN,285.20,C2530166,1870.10,1584.89,C2724913,6386.83,6672.04,0,0,40.6,234.6,0,2.0,928.13,1.0,5.22
75,CASH_OUT,88729.06,C4317732,97744.12,0.00,C2722979,0.00,88729.06,1,0,3.3,3.4,1,8.0,598633.57,9.0,51.45
680,DEBIT,86.37,C5387863,475.04,388.67,C3677513,31956.76,32043.14,0,0,154.1,157.7,0,0.0,0.00,1.0,22.16
253,PAYMENT,3711.19,C1413819,10769.98,7058.79,M6612295,48654.54,52365.74,0,0,237.2,49.7,0,0.0,0.00,1.0,18.54
50,CASH_OUT,131419.55,C7951323,131985.17,0.00,C7889161,0.00,131419.55,1,0,0.2,0.5,1,2.0,262839.11,1.0,5.45
663,TRANSFER,450.94,C3637198,3226.53,2775.59,C6587818,17974.43,18425.37,0,0,115.6,271.6,0,2.0,1058.38,1.0,21.04
545,PAYMENT,365.00,C7216952,688.95,323.94,M2120187,39961.94,40326.94,0,0,282.1,67.7,0,0.0,0.00,1.0,24.10
513,PAYMENT,2509.20,C2187408,23224.88,20715.68,M6241438,13350.03,15859.24,0,0,292.0,121.0,0,0.0,0.00,1.0,18.76
402,DEBIT,977.86,C9301774,7666.61,6688.76,C6048537,2426.73,3404.59,0,0,283.5,80.0,0,0.0,0.00,1.0,19.37
181,CASH_IN,2424.17,C2474368,10849.81,8425.64,C9676049,37702.79,40126.96,0,0,190.4,197.6,0,1.0,282.71,1.0,17.31
62,PAYMENT,88.13,C4868982,241.00,152.86,M5089747,36763.33,36851.46,0,0,170.3,264.7,0,0.0,0.00,1.0,17.81
712,DEBIT,644.34,C3266331,1739.19,1094.84,C7281405,2088.89,2733.24,0,0,62.4,50.3,0,0.0,0.00,1.0,20.28
306,DEBIT,1786.89,C1955209,4120.18,2333.29,C4467607,43230.46,45017.35,0,0,213.3,180.3,0,1.0,580.95,1.0,23.84
689,PAYMENT,1074.77,C7955507,6271.49,5196.72,M7240627,14014.82,15089.60,0,0,67.8,64.3,0,0.0,0.00,1.0,20.84
139,TRANSFER,669.23,C6014769,3743.97,3074.74,C8452914,10108.21,10777.44,0,0,348.1,82.2,0,0.0,0.00,1.0,19.65
302,DEBIT,649.96,C7810128,3203.23,2553.27,C9844152,22499.11,23149.07,0,0,146.7,298.3,0,0.0,0.00,1.0,15.40
567,PAYMENT,1167.94,C3204875,9779.44,8611.50,M8926608,28407.20,29575.14,0,0,275.1,75.2,0,0.0,0.00,1.0,23.89
358,TRANSFER,3514.93,C7067595,14120.69,10605.76,C1149679,16358.42,19873.35,0,0,222.1,224.0,0,2.0,1063.05,1.0,18.12
282,PAYMENT,401.50,C5618619,3996.54,3595.04,M1179253,12522.53,12924.04,0,0,172.7,85.3,0,0.0,0.00,1.0,8.09
305,TRANSFER,161.08,C9450035,800.77,639.69,C1617094,27434.59,27595.66,0,0,109.9,181.3,0,0.0,0.00,1.0,8.75
690,DEBIT,297.00,C1007246,2529.47,2232.47,C8185762,10736.71,11033.71,0,0,226.7,162.0,0,0.0,0.00,1.0,5.36
281,TRANSFER,826.99,C3988649,4214.72,3387.73,C9027138,46825.77,47652.77,0,0,191.5,112.4,0,0.0,0.00,1.0,2.75
394,TRANSFER,538.27,C8609655,3040.67,2502.40,C5638907,14397.54,14935.81,0,0,130.6,90.8,0,1.0,803.91,1.0,16.53
426,CASH_IN,275.55,C2144313,630.36,354.82,C7469864,46000.07,46275.62,0,0,200.8,199.9,0,0.0,0.00,1.0,13.19
704,PAYMENT,3255.19,C8175148,28926.94,25671.75,M3818141,37209.78,40464.97,0,0,324.4,337.0,1,0.0,0.00,1.0,23.27
216,CASH_OUT,290977.38,C6331325,341033.10,0.00,C9713129,0.00,290977.38,1,1,6.1,5.0,1,4.0,1163909.53,1.0,18.63
187,TRANSFER,320.77,C7946422,2254.95,1934.18,C9893500,43026.32,43347.09,0,0,320.8,236.8,1,0.0,0.00,1.0,23.71
685,PAYMENT,300.49,C6248589,1737.04,1436.56,M1028423,43695.92,43996.41,0,0,298.5,194.6,0,0.0,0.00,1.0,2.40
642,TRANSFER,99.53,C2868962,643.54,544.01,C7594953,26371.87,26471.40,0,0,304.2,248.1,0,0.0,0.00,1.0,7.14
470,TRANSFER,33175.23,C8956879,38386.51,0.00,C3548534,0.00,33175.23,1,0,141.7,1.0,1,1.0,33175.23,1.0,90.53
398,DEBIT,309.40,C7210779,1567.33,1257.92,C9675231,2241.64,2551.04,0,0,215.0,310.0,0,0.0,0.00,1.0,22.12
447,DEBIT,447.76,C3008869,1995.40,1547.65,C6300672,13574.37,14022.12,0,0,180.6,151.0,1,2.0,2899.79,1.0,7.79
467,DEBIT,558.29,C8033318,2214.42,1656.13,C3973483,47418.73,47977.02,0,0,276.8,127.8,0,0.0,0.00,1.0,16.30
706,CASH_IN,773.98,C2548566,3672.32,2898.34,C9425703,4344.11,5118.08,0,0,126.1,320.2,0,0.0,0.00,1.0,17.13
154,PAYMENT,286.31,C8550305,2728.49,2442.18,M3402526,5255.01,5541.32,0,0,64.2,351.0,1,0.0,0.00,1.0,20.95
35,DEBIT,1130.82,C8926989,8026.07,6895.25,C6328839,9555.22,10686.04,0,0,110.5,121.8,1,0.0,0.00,1.0,9.47
709,PAYMENT,525.83,C1940748,4697.10,4171.27,M5767998,2586.45,3112.28,0,0,281.4,178.9,0,1.0,736.89,1.0,24.18
117,PAYMENT,676.64,C2283235,5012.35,4335.71,M8479597,46796.28,47472.92,0,0,268.7,232.5,0,0.0,0.00,1.0,12.08
69,TRANSFER,346.17,C8281862,1216.32,870.15,C8862615,6139.27,6485.44,0,0,159.5,127.2,1,1.0,815.10,1.0,18.00
496,PAYMENT,359.57,C5222500,2461.25,2101.68,M9962003,18426.65,18786.21,0,0,296.2,251.7,0,0.0,0.00,1.0,7.18
36,CASH_IN,84.41,C5112995,520.34,435.93,C9726731,45902.65,45987.06,0,0,33.5,176.1,0,0.0,0.00,1.0,7.81
138,CASH_IN,229.16,C2330359,1894.59,1665.43,C4846603,31774.86,32004.02,0,0,243.0,30.9,1,0.0,0.00,1.0,23.30
62,PAYMENT,3376.03,C6362536,25660.60,22284.57,M2050320,35043.11,38419.14,0,0,358.0,275.9,0,0.0,0.00,1.0,17.12
560,PAYMENT,1353.46,C5943144,10452.89,9099.43,M7218414,7570.63,8924.09,0,0,318.7,177.4,0,0.0,0.00,1.0,19.77
379,CASH_IN,1993.28,C8282062,8976.57,6983.29,C4357354,12983.27,14976.55,0,0,241.8,152.3,0,0.0,0.00,1.0,20.77
509,TRANSFER,307.54,C9317284,2048.10,1740.56,C8755772,37218.03,37525.57,0,0,252.0,217.9,0,0.0,0.00,1.0,1.37
670,TRANSFER,282390.73,C4711611,323425.01,0.00,C3827673,0.00,282390.73,1,1,2.1,6.3,1,2.0,564781.46,1.0,10.54
60,CASH_OUT,94808.12,C6239260,96243.84,0.00,C5960570,0.00,94808.12,1,0,195.3,1.0,1,1.0,94808.12,1.0,97.62
140,CASH_IN,3148.62,C5092994,13461.46,10312.83,C1962308,48518.30,51666.92,0,0,252.3,270.9,0,0.0,0.00,1.0,4.13
224,PAYMENT,659.60,C9982621,4601.53,3941.92,M3380203,25763.53,26423.13,0,0,62.1,279.9,0,0.0,0.00,1.0,21.63
635,TRANSFER,46.77,C6307690,132.57,85.80,C6125669,43401.43,43448.20,0,0,220.4,68.8,1,0.0,0.00,1.0,13.28
374,PAYMENT,2001.76,C1418997,9696.68,7694.92,M8981569,45343.58,47345.34,0,0,283.6,163.7,0,0.0,0.00,1.0,1.35
205,PAYMENT,346.98,C3701599,2449.66,2102.67,M2897950,7733.26,8080.25,0,0,206.5,83.4,0,0.0,0.00,1.0,0.46
471,DEBIT,619.94,C3901800,5647.13,5027.19,C8865309,4226.33,4846.27,0,0,73.0,271.0,0,0.0,0.00,1.0,24.78
597,CASH_IN,719.53,C6019947,5823.55,5104.02,C5565098,39611.58,40331.12,0,0,313.6,163.7,1,0.0,0.00,1.0,19.57
716,DEBIT,799.65,C7094127,2561.31,1761.67,C3866972,25297.76,26097.41,0,0,271.2,198.3,1,0.0,0.00,1.0,16.70
58,DEBIT,181.91,C7843783,400.73,218.83,C7961298,21740.56,21922.46,0,0,315.7,334.0,0,0.0,0.00,1.0,23.04
252,TRANSFER,1089.16,C1542154,3860.05,2770.89,C7422310,13201.20,14290.37,0,0,248.4,227.9,1,0.0,0.00,1.0,9.04
562,TRANSFER,179068.52,C1199232,193490.11,0.00,C5911012,0.00,179068.52,1,0,0.1,2.2,1,1.0,179068.52,2.0,18.74
354,DEBIT,1975.58,C4137946,16302.41,14326.83,C8947757,9345.56,11321.14,0,0,178.0,105.7,1,0.0,0.00,1.0,12.40
196,CASH_OUT,87843.55,C7772537,100936.18,0.00,C5652153,0.00,87843.55,1,0,6.8,2.8,1,8.0,466062.90,9.0,61.88
448,TRANSFER,112093.06,C1933284,128044.03,0.00,C5665079,0.00,112093.06,1,0,266.7,0.2,1,2.0,224186.13,1.0,71.85
381,TRANSFER,412.37,C2907300,653.39,241.02,C6451210,11629.34,12041.71,0,0,40.4,161.3,0,0.0,0.00,1.0,16.87
328,PAYMENT,659.21,C7819703,4661.33,4002.12,M3863604,41001.64,41660.85,0,0,280.9,267.3,0,0.0,0.00,1.0,24.36
518,PAYMENT,308.06,C1392797,827.90,519.84,M8320907,17959.66,18267.72,0,0,213.3,207.0,0,0.0,0.00,1.0,2.09
518,CASH_IN,1013.58,C7541110,8997.58,7984.00,C2823095,49721.91,50735.49,0,0,162.8,130.0,0,0.0,0.00,1.0,3.42
156,CASH_IN,327.73,C5314900,1791.19,1463.46,C3930232,24724.56,25052.29,0,0,248.8,200.6,0,0.0,0.00,1.0,11.98
659,TRANSFER,151503.81,C6564591,171995.67,0.00,C6587225,0.00,151503.81,1,0,4.6,4.1,1,1.0,151503.81,4.0,15.64
377,TRANSFER,514.62,C4655055,1290.63,776.01,C7654566,28954.24,29468.86,0,0,293.1,322.4,0,0.0,0.00,1.0,10.41
580,CASH_OUT,89802.24,C3056164,89867.81,0.00,C3540839,0.00,89802.24,1,0,2.6,0.7,1,2.0,179604.48,2.0,20.67
90,DEBIT,466.56,C2232730,3644.62,3178.06,C5232665,619.47,1086.03,0,0,294.2,229.7,1,0.0,0.00,1.0,16.08
353,TRANSFER,246.14,C5190163,1733.92,1487.78,C6592736,6336.50,6582.65,0,0,330.9,193.2,0,0.0,0.00,1.0,4.03
419,DEBIT,12429.34,C6131817,57919.13,45489.79,C1254461,16934.09,29363.43,0,0,240.3,232.3,0,1.0,1088.27,1.0,10.89
122,TRANSFER,76368.84,C1641529,90597.46,0.00,C9779515,0.00,76368.84,1,0,5.1,5.3,1,6.0,209419.91,8.0,55.10
631,PAYMENT,343.74,C9584475,3147.25,2803.51,M6052227,8780.61,9124.35,0,0,85.1,120.5,0,1.0,808.77,1.0,13.50
474,CASH_IN,275.58,C9885833,1254.45,978.87,C6647879,26496.51,26772.09,0,0,302.3,160.6,0,0.0,0.00,1.0,2.96
520,PAYMENT,1602.73,C7478903,15949.06,14346.33,M1093046,10273.70,11876.43,0,0,130.4,276.8,0,1.0,1227.54,1.0,22.33
160,DEBIT,115.46,C3322540,594.32,478.86,C3481041,19991.12,20106.58,0,0,314.3,146.0,0,2.0,1485.21,1.0,20.18
567,PAYMENT,401.39,C1313356,1504.73,1103.34,M5682962,19725.69,20127.07,0,0,338.5,262.3,0,1.0,465.87,1.0,1.33
470,TRANSFER,27854.14,C8723672,32751.10,0.00,C9201967,0.00,27854.14,1,0,137.5,1.3,1,1.0,27854.14,1.0,65.80
682,TRANSFER,599.97,C6829385,5793.42,5193.46,C9348712,43260.22,43860.18,0,0,141.4,174.9,0,0.0,0.00,1.0,2.21
26,CASH_OUT,162245.77,C7618691,168679.52,0.00,C2757049,0.00,162245.77,1,0,256.0,2.4,1,2.0,324491.53,4.0,72.28
665,DEBIT,166.87,C3882480,969.52,802.64,C7484930,44534.32,44701.19,0,0,337.7,275.6,0,0.0,0.00,1.0,7.08
108,PAYMENT,736.05,C9686989,3511.31,2775.26,M1176244,48394.48,49130.53,0,0,239.9,338.7,0,1.0,1491.18,1.0,8.48
169,CASH_OUT,163060.80,C7482366,194980.92,0.00,C1937322,0.00,163060.80,1,0,360.0,2.5,1,2.0,326121.59,1.0,95.89
536,TRANSFER,690.27,C9899666,4244.89,3554.62,C5558606,42203.87,42894.14,0,0,355.8,37.1,1,0.0,0.00,1.0,1.59
591,PAYMENT,457.14,C4882270,1179.91,722.77,M3902865,18859.57,19316.71,0,0,292.3,302.1,0,0.0,0.00,1.0,22.88
397,PAYMENT,457.38,C3954425,3952.28,3494.90,M8464097,1441.40,1898.78,0,0,102.7,131.7,0,1.0,800.36,1.0,5.69
159,CASH_OUT,19627.92,C5275103,22101.48,0.00,C6628152,0.00,19627.92,1,0,191.2,1.0,1,1.0,19627.92,1.0,91.89
592,PAYMENT,92.58,C8972560,586.11,493.53,M3061447,18821.20,18913.78,0,0,197.3,74.8,0,0.0,0.00,1.0,14.71
164,CASH_IN,377.45,C2084302,570.00,192.55,C6904377,13893.00,14270.45,0,0,178.9,105.0,0,1.0,358.46,1.0,17.46
346,TRANSFER,134.98,C5348583,369.57,234.59,C3433953,165.77,300.75,0,0,315.4,110.7,0,0.0,0.00,1.0,3.81
467,CASH_IN,450.95,C9147748,2725.41,2274.45,C6523273,6640.49,7091.44,0,0,259.8,316.9,1,1.0,599.97,1.0,5.42
471,DEBIT,1266.51,C3141116,8196.04,6929.53,C6603697,26429.14,27695.65,0,0,120.9,125.2,1,2.0,2199.72,1.0,2.77
663,DEBIT,2336.52,C4629294,22292.75,19956.22,C2844944,2147.57,4484.09,0,0,320.1,173.9,0,0.0,0.00,1.0,4.26
674,TRANSFER,97258.99,C1997818,112282.66,0.00,C1410065,0.00,97258.99,1,0,2.2,1.6,1,8.0,366632.45,4.0,71.97
417,DEBIT,248.90,C7312593,416.85,167.94,C3480185,30167.09,30415.99,0,0,122.8,244.0,0,1.0,757.58,1.0,15.38
252,TRANSFER,190.51,C8821684,1001.31,810.80,C5469778,37469.77,37660.28,0,0,36.1,229.6,0,1.0,529.76,1.0,15.27
565,TRANSFER,238.92,C1949496,1841.43,1602.51,C8145300,46297.77,46536.68,0,0,38.3,168.5,0,0.0,0.00,1.0,11.07
521,CASH_IN,1434.69,C3077560,8099.72,6665.03,C5376820,45020.77,46455.45,0,0,166.2,232.1,0,0.0,0.00,1.0,14.72
639,CASH_OUT,12180.74,C8512852,14136.78,0.00,C2352341,0.00,12180.74,1,0,264.5,0.6,1,1.0,12180.74,1.0,88.16
34,PAYMENT,134.28,C1808812,1047.01,912.73,M6418799,34323.37,34457.65,0,0,97.4,50.6,0,1.0,205.53,1.0,20.09
544,DEBIT,1012.33,C6758132,6211.60,5199.27,C6084692,17460.20,18472.54,0,0,232.7,200.1,1,0.0,0.00,1.0,0.66
613,TRANSFER,28316.36,C6163917,31596.89,0.00,C9121870,0.00,28316.36,1,0,221.8,0.8,1,1.0,28316.36,1.0,77.64
488,PAYMENT,1702.38,C5296864,14785.31,13082.93,M1954928,40116.25,41818.63,0,0,46.9,114.5,0,0.0,0.00,1.0,1.95
173,DEBIT,788.12,C9553457,6297.21,5509.09,C3206925,24603.22,25391.34,0,0,220.3,271.1,1,0.0,0.00,1.0,11.25
33,TRANSFER,40.67,C6289091,272.67,232.00,C3928200,12390.57,12431.24,0,0,129.5,254.3,0,0.0,0.00,1.0,24.59
464,DEBIT,383.56,C1610774,2953.17,2569.61,C9603426,36830.10,37213.66,0,0,50.0,170.7,0,1.0,1387.27,1.0,7.87
423,PAYMENT,518.44,C1249987,1855.06,1336.61,M4944443,32932.90,33451.34,0,0,249.6,310.1,0,0.0,0.00,1.0,20.40
52,TRANSFER,75515.20,C4718179,87314.20,0.00,C1423652,0.00,75515.20,1,0,251.3,4.8,1,2.0,151030.39,4.0,72.82
536,CASH_IN,1551.05,C9528244,9742.06,8191.01,C3840636,31834.47,33385.52,0,0,114.8,31.3,0,0.0,0.00,1.0,4.98
544,PAYMENT,623.04,C1842740,5642.47,5019.43,M5337898,46467.32,47090.36,0,0,87.9,333.1,0,0.0,0.00,1.0,15.20
162,PAYMENT,819.92,C5431807,5278.13,4458.22,M2642370,15864.90,16684.82,0,0,276.1,364.8,0,1.0,1167.56,1.0,21.40
531,PAYMENT,2488.22,C9968508,7523.56,5035.34,M3525581,16608.97,19097.19,0,0,132.5,77.9,0,0.0,0.00,1.0,16.71
681,DEBIT,520.58,C5193907,2972.59,2452.01,C2312501,21439.61,21960.19,0,0,263.9,99.4,0,0.0,0.00,1.0,0.04
254,DEBIT,1178.90,C6884950,2317.70,1138.80,C6593249,12052.61,13231.51,0,0,130.4,238.4,0,2.0,823.97,1.0,17.04
645,CASH_IN,655.15,C4033865,5444.19,4789.04,C4120660,20573.54,21228.69,0,0,45.9,280.7,0,1.0,1456.58,1.0,1.13
281,TRANSFER,354.16,C7381771,2241.40,1887.24,C3952847,17496.92,17851.08,0,0,48.6,161.5,0,0.0,0.00,1.0,9.41
98,TRANSFER,185262.47,C7142979,220399.95,0.00,C1545348,0.00,185262.47,1,0,261.8,1.5,1,3.0,555787.42,2.0,89.65
428,TRANSFER,776.37,C5508092,7245.13,6468.76,C6203257,36793.87,37570.24,0,0,309.4,207.1,0,0.0,0.00,1.0,12.15
667,CASH_IN,582.70,C4282688,1354.79,772.09,C3250960,40451.50,41034.20,0,0,96.3,34.4,0,0.0,0.00,1.0,17.88
717,DEBIT,486.49,C9100733,1686.52,1200.02,C5907919,31305.68,31792.18,0,0,273.6,55.4,1,0.0,0.00,1.0,12.64
422,TRANSFER,15560.55,C2849184,16690.02,0.00,C8031634,0.00,15560.55,1,0,288.1,1.3,1,1.0,15560.55,1.0,79.52
283,PAYMENT,102.84,C2456353,995.96,893.12,M6640494,14844.63,14947.48,0,0,329.4,315.2,0,0.0,0.00,1.0,20.41
453,CASH_IN,667.38,C8160514,3671.68,3004.30,C7692191,32802.49,33469.87,0,0,53.8,282.5,0,0.0,0.00,1.0,2.03
63,CASH_IN,806.83,C6039973,5050.70,4243.88,C4617602,30370.71,31177.54,0,0,98.5,347.9,1,0.0,0.00,1.0,1.92
713,PAYMENT,1714.46,C6741431,4898.96,3184.50,M9344564,30374.53,32088.99,0,0,202.9,89.1,0,1.0,1331.29,1.0,12.99
219,TRANSFER,98113.81,C4216285,108789.28,0.00,C3268552,0.00,98113.81,1,0,2.1,1.2,1,16.0,379135.98,5.0,81.60
667,CASH_IN,2132.20,C9673779,16784.90,14652.70,C7523971,36799.11,38931.32,0,0,219.0,317.6,0,1.0,1264.14,1.0,21.99
237,DEBIT,700.39,C5228120,1482.85,782.47,C3356006,25527.93,26228.32,0,0,168.5,120.9,0,0.0,0.00,1.0,10.87
208,DEBIT,1727.14,C1568971,14083.94,12356.80,C3189214,5466.49,7193.63,0,0,235.1,71.7,0,0.0,0.00,1.0,16.93
603,TRANSFER,92043.60,C1432941,109769.51,0.00,C1987058,0.00,92043.60,1,0,4.4,5.0,1,12.0,361796.55,6.0,67.53
664,CASH_IN,4006.33,C3319439,17631.62,13625.30,C6838359,32352.38,36358.71,0,0,80.1,301.1,0,1.0,1268.12,1.0,3.43
32,PAYMENT,465.48,C9158097,3807.33,3341.85,M8363249,4654.00,5119.48,0,0,295.8,282.2,0,1.0,1341.33,1.0,8.71
322,PAYMENT,1103.90,C1914292,7187.97,6084.07,M6488017,17430.76,18534.66,0,0,293.7,250.7,0,1.0,288.74,1.0,17.27
516,TRANSFER,303.95,C3765707,1925.90,1621.95,C4370089,509.09,813.05,0,0,139.0,341.8,0,0.0,0.00,1.0,0.14
613,DEBIT,1486.38,C8125235,8079.28,6592.91,C6594190,25013.13,26499.51,0,0,89.7,301.1,0,2.0,618.10,1.0,15.40
447,TRANSFER,482.23,C8559569,4277.49,3795.26,C9482970,20225.90,20708.14,0,0,211.7,153.0,0,0.0,0.00,1.0,14.10
596,DEBIT,936.13,C7601436,4754.85,3818.72,C7089651,18353.46,19289.60,0,0,261.6,137.8,1,1.0,237.17,1.0,11.15
41,DEBIT,188.22,C9666755,579.67,391.46,C2316272,12128.16,12316.37,0,0,363.6,43.7,0,0.0,0.00,1.0,15.94
131,DEBIT,41.09,C6219074,311.16,270.07,C5831872,9533.79,9574.88,0,0,154.1,171.3,0,0.0,0.00,1.0,8.27
86,DEBIT,812.08,C8425845,7755.11,6943.03,C3738967,9008.28,9820.36,0,0,152.3,136.8,0,1.0,920.10,1.0,23.61
456,TRANSFER,233793.70,C2849706,263016.85,0.00,C2227769,0.00,233793.70,1,1,269.2,0.7,1,1.0,233793.70,1.0,98.94
402,PAYMENT,3538.03,C2290711,28777.30,25239.27,M2443475,27148.48,30686.51,0,0,211.1,192.0,0,0.0,0.00,1.0,24.34
306,TRANSFER,1420.89,C8346024,3755.69,2334.80,C4601793,18198.23,19619.12,0,0,306.9,147.9,0,0.0,0.00,1.0,14.36
353,PAYMENT,324.21,C4254549,651.19,326.99,M8988831,44091.93,44416.14,0,0,55.9,190.6,0,0.0,0.00,1.0,7.58
520,PAYMENT,1483.33,C7161714,10309.48,8826.15,M8291273,4774.58,6257.91,0,0,173.5,356.5,0,0.0,0.00,1.0,14.16
87,DEBIT,2280.84,C5090262,15375.68,13094.84,C4343333,30696.46,32977.30,0,0,69.0,77.3,1,0.0,0.00,1.0,11.25
569,PAYMENT,643.78,C9861966,3697.73,3053.95,M7050023,6772.49,7416.27,0,0,218.7,220.7,0,0.0,0.00,1.0,9.31
683,TRANSFER,1897.81,C7607247,5711.68,3813.87,C8157949,29456.88,31354.69,0,0,128.9,38.1,0,0.0,0.00,1.0,6.53
566,CASH_OUT,23782.40,C8374819,26301.72,0.00,C8629456,0.00,23782.40,1,0,131.6,0.2,1,1.0,23782.40,1.0,72.90
608,PAYMENT,849.02,C1876279,5724.41,4875.39,M2742095,20543.64,21392.66,0,0,213.2,199.1,1,1.0,320.70,1.0,5.55
43,DEBIT,996.63,C4906583,4915.78,3919.15,C2521075,16829.61,17826.24,0,0,352.3,112.9,0,1.0,823.98,1.0,15.09
497,DEBIT,592.43,C5963387,5199.43,4607.00,C6091784,3591.62,4184.05,0,0,291.7,274.3,0,0.0,0.00,1.0,19.13
83,PAYMENT,819.30,C1676847,6213.66,5394.37,M1993500,24255.76,25075.06,0,0,325.8,138.6,0,0.0,0.00,1.0,21.74
420,CASH_IN,171.29,C8702871,1582.85,1411.56,C1457250,17125.61,17296.91,0,0,221.0,196.2,0,0.0,0.00,1.0,12.12
621,DEBIT,1675.14,C9888328,4531.75,2856.61,C5902093,23805.09,25480.24,0,0,222.2,330.6,0,1.0,284.74,1.0,8.07
470,PAYMENT,883.21,C9034856,2656.76,1773.54,M1629597,5745.63,6628.85,0,0,308.1,342.9,0,1.0,1079.26,1.0,14.79
375,CASH_IN,336.32,C2158384,2911.61,2575.29,C7305570,6425.26,6761.59,0,0,340.5,44.0,0,0.0,0.00,1.0,23.11
443,TRANSFER,1166.26,C4272913,2098.58,932.32,C3268074,26845.02,28011.28,0,0,63.9,358.3,0,0.0,0.00,1.0,7.75
283,CASH_IN,650.34,C1493093,2906.52,2256.18,C9266529,33355.97,34006.31,0,0,259.1,206.2,0,1.0,524.44,1.0,0.33
408,TRANSFER,165050.03,C1523890,196074.17,0.00,C2838779,0.00,165050.03,1,0,347.5,0.7,1,2.0,330100.06,1.0,92.17
121,TRANSFER,36483.49,C4451853,37889.57,0.00,C8334249,0.00,36483.49,1,0,0.0,3.5,1,15.0,451936.51,8.0,84.62
436,CASH_OUT,51315.81,C1744460,61279.64,0.00,C7388445,0.00,51315.81,1,0,5.6,1.6,1,17.0,403264.34,6.0,77.04
464,TRANSFER,270.89,C3170081,2461.22,2190.33,C8124893,47910.61,48181.50,0,0,364.0,146.5,0,0.0,0.00,1.0,18.21
589,CASH_IN,421.52,C4911083,3590.89,3169.38,C9103149,9034.33,9455.85,0,0,163.8,331.2,0,0.0,0.00,1.0,1.60
160,DEBIT,316.70,C5250761,2265.61,1948.90,C2299929,9874.86,10191.57,0,0,133.2,301.9,1,0.0,0.00,1.0,1.73
279,DEBIT,499.00,C3539090,4444.38,3945.37,C9542072,37459.07,37958.08,0,0,128.7,267.9,1,0.0,0.00,1.0,8.60
202,CASH_IN,1789.31,C6958906,16185.80,14396.49,C2645287,8224.73,10014.04,0,0,74.3,235.8,1,0.0,0.00,1.0,23.40
314,CASH_OUT,38122.60,C1115325,40657.83,0.00,C4892672,0.00,38122.60,1,0,1.7,3.2,1,8.0,481558.75,9.0,53.23
668,DEBIT,2901.41,C6014885,5669.26,2767.84,C1794063,36070.11,38971.52,0,0,249.8,126.8,0,0.0,0.00,1.0,20.71
236,DEBIT,356.21,C8454340,1145.64,789.42,C6326913,36773.45,37129.67,0,0,258.1,232.5,0,0.0,0.00,1.0,3.55
375,TRANSFER,249316.71,C2932731,262656.96,0.00,C1517133,0.00,249316.71,1,1,344.6,4.9,1,1.0,249316.71,1.0,92.75
536,TRANSFER,337.62,C7099570,1081.89,744.27,C7646482,6882.03,7219.65,0,0,361.1,175.1,0,0.0,0.00,1.0,14.74
249,PAYMENT,4859.76,C9699098,16507.85,11648.09,M5163877,17090.02,21949.79,0,0,273.6,338.5,0,0.0,0.00,1.0,16.77
212,CASH_IN,1455.55,C4926915,10405.18,8949.63,C5335154,29467.25,30922.80,0,0,247.9,138.0,0,0.0,0.00,1.0,22.16
323,TRANSFER,796.12,C5751677,2992.75,2196.63,C3857511,35526.14,36322.25,0,0,184.6,159.8,0,2.0,1216.90,1.0,13.00
373,DEBIT,856.00,C2297389,5548.90,4692.90,C5579111,31733.82,32589.82,0,0,242.7,257.3,0,1.0,916.96,1.0,22.60
148,CASH_OUT,337312.07,C8717498,365753.93,0.00,C4842715,0.00,337312.07,1,1,4.4,6.7,1,4.0,1349248.28,2.0,7.79
163,DEBIT,472.30,C5133791,3136.86,2664.56,C3359359,22512.52,22984.82,0,0,192.2,143.3,0,0.0,0.00,1.0,5.36
422,PAYMENT,161.28,C2867789,1340.61,1179.33,M1051639,14045.36,14206.64,0,0,89.4,257.2,0,0.0,0.00,1.0,22.31
280,PAYMENT,710.11,C7970887,6970.74,6260.63,M5401221,28035.91,28746.02,0,0,333.6,83.4,0,0.0,0.00,1.0,2.04
447,CASH_OUT,13215.28,C2071312,14144.81,0.00,C8154977,0.00,13215.28,1,0,192.8,1.4,1,1.0,13215.28,1.0,87.37
588,CASH_IN,677.92,C9045904,3766.07,3088.15,C9692004,38754.13,39432.05,0,0,207.2,337.8,0,0.0,0.00,1.0,4.60
259,PAYMENT,398.11,C9611601,656.42,258.31,M4632283,41090.57,41488.69,0,0,89.7,278.4,0,1.0,612.04,1.0,15.54
372,CASH_IN,2253.38,C4943133,7641.05,5387.67,C7490855,42105.26,44358.64,0,0,189.2,219.7,0,0.0,0.00,1.0,10.15
162,DEBIT,229.76,C8273105,1272.77,1043.02,C5597698,48830.59,49060.35,0,0,236.1,83.6,1,1.0,1224.94,1.0,2.86
205,CASH_IN,625.46,C1433488,4522.11,3896.66,C6065021,24539.60,25165.05,0,0,148.2,271.4,0,0.0,0.00,1.0,24.16
619,PAYMENT,1323.04,C2638715,6059.62,4736.59,M1350900,35129.46,36452.50,0,0,321.7,260.7,0,0.0,0.00,1.0,17.74
692,CASH_IN,284.81,C5929531,1162.61,877.81,C7241395,13664.61,13949.42,0,0,43.2,314.7,0,0.0,0.00,1.0,16.00
252,PAYMENT,339.75,C1056489,3286.85,2947.10,M5122903,49534.88,49874.63,0,0,170.3,104.5,0,0.0,0.00,1.0,3.86
339,TRANSFER,193668.50,C1289554,196729.91,0.00,C8003967,0.00,193668.50,1,0,226.1,1.7,1,1.0,193668.50,4.0,72.14
322,PAYMENT,1082.64,C2453533,10210.32,9127.67,M2101687,49530.58,50613.22,0,0,58.8,93.9,0,1.0,930.44,1.0,9.69
431,CASH_IN,503.69,C3762684,2750.60,2246.92,C2616171,27103.18,27606.87,0,0,295.6,278.3,0,0.0,0.00,1.0,2.84
87,CASH_OUT,32278.49,C6029927,33354.09,0.00,C8967698,0.00,32278.49,1,0,166.1,1.5,1,1.0,32278.49,1.0,68.04
590,TRANSFER,660.13,C5979974,4552.49,3892.36,C7641454,46097.38,46757.50,0,0,144.4,298.2,0,0.0,0.00,1.0,7.13
403,CASH_IN,508.66,C9563724,2504.02,1995.35,C4075057,23160.54,23669.20,0,0,116.9,168.3,0,0.0,0.00,1.0,13.41
355,DEBIT,1341.24,C4070252,4894.58,3553.34,C8004014,20526.38,21867.62,0,0,210.3,40.4,0,0.0,0.00,1.0,8.20
372,TRANSFER,2385.50,C1361678,21555.82,19170.32,C1282103,12229.32,14614.82,0,0,119.1,333.7,0,0.0,0.00,1.0,23.09
328,CASH_IN,393.73,C6432126,2291.57,1897.84,C4808190,46659.60,47053.33,0,0,41.1,55.0,0,0.0,0.00,1.0,14.63
450,PAYMENT,197.77,C6750931,850.98,653.21,M6248185,19721.27,19919.04,0,0,332.8,311.2,1,0.0,0.00,1.0,13.76
690,TRANSFER,204.12,C7367619,1261.01,1056.89,C4813572,45411.49,45615.61,0,0,357.1,267.2,0,0.0,0.00,1.0,16.90
386,CASH_OUT,149741.35,C8856866,156596.47,0.00,C8211942,0.00,149741.35,1,0,311.9,0.8,1,2.0,299482.71,2.0,71.09
91,TRANSFER,325.57,C2702589,2092.87,1767.30,C1606621,15082.35,15407.92,0,0,278.4,312.2,0,0.0,0.00,1.0,9.27
345,TRANSFER,458.21,C8245251,1513.13,1054.92,C3395458,44644.42,45102.63,0,0,156.3,337.8,0,1.0,816.74,1.0,11.37
131,DEBIT,1182.13,C4853187,6720.32,5538.19,C4522096,11131.14,12313.27,0,0,270.0,84.8,0,0.0,0.00,1.0,7.14
524,PAYMENT,1454.65,C8390938,12490.04,11035.40,M8861748,6086.47,7541.11,0,0,339.5,88.2,0,0.0,0.00,1.0,0.52
328,TRANSFER,113247.30,C6286849,120033.26,0.00,C2258980,0.00,113247.30,1,0,182.1,0.6,1,2.0,226494.61,1.0,95.69
592,CASH_IN,972.38,C3391998,5693.01,4720.63,C4295626,46973.04,47945.42,0,0,58.8,83.0,1,1.0,1387.61,1.0,19.94
655,PAYMENT,104.38,C6224813,832.35,727.97,M8446916,29017.08,29121.46,0,0,247.3,232.9,1,0.0,0.00,1.0,15.77
448,TRANSFER,5956.17,C5376773,46306.46,40350.29,C9995737,8636.18,14592.35,0,0,38.2,173.3,0,0.0,0.00,1.0,11.61
106,PAYMENT,1552.86,C7217408,13282.06,11729.20,M8042571,10700.66,12253.52,0,0,36.6,47.4,0,0.0,0.00,1.0,11.28
529,CASH_OUT,54928.76,C6364045,64559.32,0.00,C5281465,0.00,54928.76,1,0,5.4,5.8,1,6.0,451937.11,8.0,74.22
472,TRANSFER,1485.69,C1051588,12757.92,11272.23,C6591490,29016.51,30502.20,0,0,71.3,233.6,0,0.0,0.00,1.0,22.40
206,PAYMENT,174.66,C6461545,924.36,749.70,M6987893,18535.50,18710.16,0,0,104.7,341.9,0,0.0,0.00,1.0,13.09
638,PAYMENT,178.47,C2222407,883.22,704.75,M5918010,42451.73,42630.20,0,0,206.3,100.4,1,0.0,0.00,1.0,24.89
296,DEBIT,196.02,C1097322,681.46,485.44,C5503745,22051.18,22247.20,0,0,270.0,44.1,1,0.0,0.00,1.0,17.34
179,TRANSFER,1394.24,C3859917,10203.28,8809.05,C5674602,7521.12,8915.35,0,0,247.6,347.5,0,1.0,634.05,1.0,16.53
644,PAYMENT,2778.84,C6088985,19029.97,16251.13,M1179973,41529.38,44308.22,0,0,217.5,132.5,0,0.0,0.00,1.0,18.20
423,TRANSFER,19734.83,C6053673,21679.52,0.00,C7482287,0.00,19734.83,1,0,154.8,1.0,1,1.0,19734.83,1.0,78.08
145,TRANSFER,78224.61,C5571490,84576.78,0.00,C8069330,0.00,78224.61,1,0,3.5,0.9,1,8.0,594012.44,8.0,69.75
322,CASH_IN,1299.53,C2369793,10232.06,8932.54,C9280788,18264.09,19563.61,0,0,88.4,308.5,0,1.0,939.61,1.0,12.86
421,PAYMENT,245.13,C8064721,557.65,312.52,M5237414,26471.45,26716.58,0,0,319.9,239.3,0,0.0,0.00,1.0,4.78
43,CASH_IN,394.92,C7224158,1361.27,966.35,C7741985,11378.81,11773.73,0,0,92.0,218.3,1,0.0,0.00,1.0,12.82
106,TRANSFER,505.06,C4758206,3879.84,3374.78,C1749944,32071.28,32576.34,0,0,350.8,195.9,0,0.0,0.00,1.0,8.70
640,CASH_OUT,303330.97,C7379537,356687.82,0.00,C8349815,0.00,303330.97,1,1,0.9,1.3,1,1.0,303330.97,2.0,2.91
155,PAYMENT,343.60,C9648735,2091.70,1748.09,M6388530,45675.53,46019.13,0,0,345.9,112.2,0,0.0,0.00,1.0,10.21
466,TRANSFER,527.75,C5527976,1664.34,1136.59,C7941284,34278.88,34806.64,0,0,75.4,177.1,0,0.0,0.00,1.0,12.42
128,DEBIT,306.31,C6635570,2817.61,2511.30,C6434891,17030.08,17336.39,0,0,96.4,330.1,0,1.0,1191.89,1.0,6.02
160,PAYMENT,1478.57,C6599429,3405.04,1926.48,M9344297,3666.28,5144.85,0,0,199.5,149.3,0,0.0,0.00,1.0,5.25
380,PAYMENT,253.40,C5789008,1419.01,1165.60,M3922939,21710.31,21963.72,0,0,181.1,294.5,1,0.0,0.00,1.0,19.83
670,CASH_IN,265.18,C3241096,404.07,138.88,C5314096,19069.45,19334.64,0,0,80.0,287.8,0,0.0,0.00,1.0,24.21
373,DEBIT,671.50,C1055886,5008.15,4336.66,C4386683,42503.11,43174.61,0,0,51.6,65.1,0,0.0,0.00,1.0,13.45
521,PAYMENT,605.58,C1956993,2972.76,2367.19,M2928948,48156.68,48762.25,0,0,316.1,97.5,0,1.0,1034.54,1.0,10.79
572,PAYMENT,836.63,C2209607,7970.51,7133.87,M2343131,47501.16,48337.80,0,0,274.5,97.9,0,2.0,1529.99,1.0,4.55
161,DEBIT,415.85,C9465366,2142.78,1726.93,C5488192,24661.56,25077.41,0,0,287.9,209.8,0,0.0,0.00,1.0,13.65
291,DEBIT,395.91,C8546304,1215.31,819.39,C1051066,38675.88,39071.80,0,0,253.1,282.2,1,0.0,0.00,1.0,3.89
107,CASH_IN,423.18,C6212759,2982.48,2559.30,C9333660,37709.94,38133.12,0,0,106.0,228.5,0,0.0,0.00,1.0,0.08
278,CASH_OUT,28216.02,C7584885,32347.66,0.00,C3284087,0.00,28216.02,1,0,262.0,0.2,1,1.0,28216.02,1.0,82.16
57,DEBIT,1251.00,C8388641,6857.31,5606.32,C5516897,20930.76,22181.76,0,0,129.7,269.9,0,0.0,0.00,1.0,1.25
190,TRANSFER,136056.68,C1036938,152210.35,0.00,C4146620,0.00,136056.68,1,0,4.7,2.0,1,2.0,272113.36,4.0,7.35
63,PAYMENT,1567.15,C7147706,14712.32,13145.17,M5466208,46398.64,47965.79,0,0,339.3,221.3,0,0.0,0.00,1.0,23.37
165,DEBIT,126.59,C4547055,637.22,510.63,C9252154,19430.21,19556.80,0,0,73.1,326.1,1,1.0,280.30,1.0,18.82
66,CASH_IN,1211.33,C4078451,9668.08,8456.75,C4663014,20695.92,21907.24,0,0,39.4,259.1,0,0.0,0.00,1.0,21.12
93,PAYMENT,405.24,C8179162,3937.87,3532.63,M5448403,11475.15,11880.39,0,0,226.5,111.4,0,0.0,0.00,1.0,18.97
281,PAYMENT,1300.86,C6517416,9104.84,7803.99,M7908956,19604.68,20905.54,0,0,226.1,296.1,0,1.0,661.41,1.0,2.78
668,CASH_IN,20.00,C6022918,52.01,32.01,C2912037,635.95,655.95,0,0,225.3,156.8,0,0.0,0.00,1.0,7.23
170,CASH_IN,732.20,C1464224,6254.74,5522.54,C5823325,17132.62,17864.82,0,0,250.5,343.7,0,0.0,0.00,1.0,13.96
108,PAYMENT,346.92,C7810041,3116.69,2769.76,M7776459,48263.84,48610.76,0,0,168.4,46.0,0,1.0,1304.81,1.0,2.63
706,PAYMENT,2116.64,C1891130,11039.35,8922.71,M3064463,49526.23,51642.87,0,0,364.8,271.2,0,0.0,0.00,1.0,22.75
234,CASH_IN,4057.41,C4739923,38455.24,34397.83,C6479740,38682.85,42740.25,0,0,216.6,302.6,0,0.0,0.00,1.0,13.12
132,CASH_IN,416.48,C4625051,3912.83,3496.35,C9111420,19797.20,20213.68,0,0,104.2,237.7,0,0.0,0.00,1.0,7.75
681,TRANSFER,477.62,C3992671,3787.84,3310.22,C5955785,45794.12,46271.75,0,0,91.7,325.5,0,0.0,0.00,1.0,5.35
235,TRANSFER,1309.40,C2492023,2531.58,1222.18,C6598088,40482.07,41791.47,0,0,241.0,156.9,1,0.0,0.00,1.0,7.49
574,TRANSFER,214346.51,C8519324,251960.53,0.00,C9282723,0.00,214346.51,1,1,1.2,0.8,1,3.0,643039.53,1.0,12.80
476,DEBIT,2202.11,C4314077,14562.31,12360.21,C8873249,48831.42,51033.53,0,0,116.3,93.1,0,0.0,0.00,1.0,1.83
368,PAYMENT,263.96,C9345691,2597.20,2333.24,M9280322,27485.44,27749.40,0,0,114.1,178.0,0,0.0,0.00,1.0,1.92
292,CASH_OUT,56748.70,C7484610,64098.41,0.00,C3940051,0.00,56748.70,1,0,0.9,4.9,1,15.0,207320.50,6.0,67.36
231,PAYMENT,1585.30,C7331697,6106.99,4521.69,M8768033,34322.43,35907.74,0,0,206.5,198.4,0,2.0,2113.45,1.0,21.37
644,PAYMENT,1282.39,C1483243,4190.57,2908.18,M3552715,33686.08,34968.47,0,0,118.7,142.9,0,0.0,0.00,1.0,20.37
667,PAYMENT,394.39,C8571564,866.26,471.87,M6353737,31930.16,32324.55,0,0,40.5,184.9,0,1.0,662.77,1.0,22.98
233,DEBIT,120.12,C4206899,501.65,381.53,C8192394,6922.26,7042.38,0,0,340.3,38.7,0,0.0,0.00,1.0,0.10
447,DEBIT,180.38,C6677452,823.12,642.74,C7862908,43280.95,43461.32,0,0,117.9,211.4,0,2.0,1683.91,1.0,22.93
379,DEBIT,130.58,C6543963,666.87,536.30,C2065205,5154.95,5285.52,0,0,318.4,144.7,0,0.0,0.00,1.0,13.22
183,DEBIT,661.67,C1604623,5848.01,5186.35,C1536137,22905.14,23566.80,0,0,103.0,281.3,0,1.0,1452.18,1.0,18.42
568,PAYMENT,3613.08,C4489114,23803.33,20190.25,M4596251,45939.36,49552.43,0,0,203.8,248.9,0,0.0,0.00,1.0,18.91
308,CASH_IN,2647.26,C6390545,16166.97,13519.71,C8491487,44498.92,47146.17,0,0,133.6,98.1,0,0.0,0.00,1.0,10.43
323,PAYMENT,1087.62,C1081652,7895.18,6807.56,M9372243,42390.41,43478.03,0,0,252.0,97.1,0,0.0,0.00,1.0,17.91
429,CASH_IN,1985.83,C2148931,5948.04,3962.21,C6992370,27955.78,29941.61,0,0,318.5,274.8,1,0.0,0.00,1.0,8.54
531,TRANSFER,2600.42,C9657452,25407.45,22807.03,C9202171,11543.38,14143.80,0,0,327.5,290.4,0,0.0,0.00,1.0,13.41
340,TRANSFER,408.54,C6886404,614.73,206.19,C6654572,27210.12,27618.66,0,0,270.9,103.0,1,0.0,0.00,1.0,2.78
275,DEBIT,386.63,C7388379,2356.42,1969.79,C9341321,4797.06,5183.69,0,0,257.8,177.4,1,1.0,224.86,1.0,10.77
500,CASH_IN,213.26,C5159910,812.08,598.82,C2088221,44953.04,45166.30,0,0,69.0,277.0,0,1.0,622.75,1.0,10.90
371,PAYMENT,569.91,C5839902,3446.58,2876.67,M5598631,31281.72,31851.63,0,0,223.9,314.2,0,0.0,0.00,1.0,2.32
436,CASH_OUT,36206.26,C3157874,38109.41,0.00,C9912114,0.00,36206.26,1,0,4.7,3.2,1,12.0,581942.07,6.0,62.77
474,PAYMENT,5460.39,C3291532,13692.14,8231.75,M1716181,9365.25,14825.64,0,0,183.1,85.1,0,1.0,329.37,1.0,18.79
613,TRANSFER,650.26,C2766661,5758.50,5108.24,C7702810,41055.89,41706.15,0,0,43.9,98.7,0,0.0,0.00,1.0,0.06
715,PAYMENT,1153.00,C2790425,10213.86,9060.85,M7584739,19885.30,21038.31,0,0,327.4,135.4,0,0.0,0.00,1.0,0.12
466,CASH_IN,77.06,C8661768,231.88,154.82,C9335627,25818.20,25895.27,0,0,167.9,45.1,0,0.0,0.00,1.0,22.99
353,TRANSFER,509.62,C3216455,3861.75,3352.13,C4245680,47906.75,48416.36,0,0,128.0,308.3,0,0.0,0.00,1.0,7.41
56,TRANSFER,426.72,C5403448,2281.57,1854.85,C4953562,40471.06,40897.78,0,0,345.3,243.9,0,0.0,0.00,1.0,8.09
638,TRANSFER,435.02,C7754154,1474.60,1039.58,C9031186,49418.42,49853.44,0,0,203.9,152.2,0,0.0,0.00,1.0,6.75
543,CASH_IN,1976.26,C1712788,19100.11,17123.85,C9631949,34381.19,36357.45,0,0,75.7,259.9,0,1.0,1454.63,1.0,19.19
554,TRANSFER,107995.26,C3876505,112864.92,0.00,C8966641,0.00,107995.26,1,0,288.6,2.9,1,1.0,107995.26,1.0,90.10
357,TRANSFER,468.24,C3313087,2179.59,1711.35,C6672930,37741.33,38209.58,0,0,356.0,345.6,0,0.0,0.00,1.0,23.20
353,TRANSFER,162.41,C5651128,792.85,630.44,C2136981,20478.35,20640.76,0,0,287.4,108.7,0,1.0,734.63,1.0,16.76
532,PAYMENT,666.69,C1615692,4046.15,3379.46,M4771434,39113.17,39779.87,0,0,325.1,98.6,0,0.0,0.00,1.0,22.23
58,TRANSFER,176.05,C3815634,1237.53,1061.48,C4426752,7946.97,8123.02,0,0,337.1,76.1,0,2.0,2570.66,1.0,16.76
423,PAYMENT,819.84,C6355000,5770.88,4951.04,M5030404,5706.96,6526.81,0,0,347.9,31.2,0,0.0,0.00,1.0,21.11
495,CASH_IN,588.69,C4231281,5054.64,4465.95,C9485767,36255.11,36843.80,0,0,273.7,108.0,1,0.0,0.00,1.0,21.39
309,CASH_IN,738.94,C3194108,3301.66,2562.72,C1509241,11663.02,12401.96,0,0,343.4,150.5,0,1.0,215.83,1.0,20.11
397,TRANSFER,1156.50,C9770269,3079.99,1923.50,C7323202,18524.32,19680.81,0,0,183.1,249.7,0,0.0,0.00,1.0,23.57
515,CASH_IN,329.66,C1011777,1386.03,1056.37,C2950943,25476.76,25806.42,0,0,329.0,205.7,0,0.0,0.00,1.0,2.76
544,CASH_IN,467.73,C2966722,2729.51,2261.78,C3335209,15134.71,15602.44,0,0,125.9,84.3,0,0.0,0.00,1.0,10.33
578,CASH_OUT,30143.33,C5233722,33381.47,0.00,C6058689,0.00,30143.33,1,0,3.6,1.3,1,6.0,358417.17,6.0,68.73
186,PAYMENT,596.41,C7155173,1816.45,1220.04,M9693825,17895.44,18491.84,0,0,161.1,269.8,0,1.0,1497.09,1.0,20.47
489,PAYMENT,706.89,C6900717,2882.68,2175.79,M5329977,49508.83,50215.73,0,0,74.7,209.1,0,1.0,954.31,1.0,5.04
333,TRANSFER,188.37,C2664720,1298.28,1109.90,C9617040,24865.48,25053.86,0,0,315.0,38.0,0,0.0,0.00,1.0,9.35
254,PAYMENT,244.11,C3603201,2006.50,1762.39,M8260023,14026.41,14270.52,0,0,121.7,308.1,0,1.0,905.03,1.0,15.10
676,CASH_OUT,49160.83,C3786726,57510.53,0.00,C8800260,0.00,49160.83,1,0,1.7,3.6,1,8.0,274874.38,9.0,78.95
716,CASH_IN,1893.73,C6870268,5132.82,3239.10,C4066886,2689.94,4583.67,0,0,102.8,48.2,0,1.0,1058.00,1.0,0.69
699,TRANSFER,434.14,C2995660,1767.94,1333.80,C7501990,37136.13,37570.27,0,0,227.5,136.4,0,0.0,0.00,1.0,5.85
349,DEBIT,655.61,C2131977,3215.68,2560.07,C7670798,39307.81,39963.42,0,0,194.3,68.4,0,0.0,0.00,1.0,10.46
370,DEBIT,1101.89,C8065687,8898.58,7796.69,C1137451,14250.37,15352.26,0,0,89.2,95.5,0,1.0,691.72,1.0,1.97
427,DEBIT,699.10,C1131982,5303.82,4604.71,C8139196,40649.07,41348.18,0,0,39.0,95.3,1,0.0,0.00,1.0,20.07
154,CASH_IN,375.61,C8086872,2962.63,2587.02,C9227000,46479.96,46855.57,0,0,324.1,261.5,0,0.0,0.00,1.0,19.57
125,TRANSFER,301.96,C7905024,532.41,230.45,C5019744,2030.21,2332.18,0,0,218.1,236.8,0,0.0,0.00,1.0,20.30
538,DEBIT,3330.58,C9666318,28991.66,25661.08,C3714504,20279.04,23609.62,0,0,199.4,278.9,0,0.0,0.00,1.0,12.95
686,CASH_IN,382.62,C5125352,3281.56,2898.95,C2258252,31861.16,32243.77,0,0,199.2,363.5,0,0.0,0.00,1.0,9.18
373,TRANSFER,304.21,C3034049,1892.54,1588.33,C8475705,26959.30,27263.51,0,0,235.1,105.9,0,0.0,0.00,1.0,2.28
686,DEBIT,304.96,C1870391,717.86,412.90,C4529411,11297.94,11602.90,0,0,244.9,298.9,0,0.0,0.00,1.0,22.62
326,TRANSFER,124094.23,C2398246,134227.53,0.00,C1366491,0.00,124094.23,1,0,270.1,2.5,1,1.0,124094.23,4.0,98.06
348,PAYMENT,445.14,C5184876,3839.80,3394.66,M8416675,5218.83,5663.97,0,0,346.1,311.0,0,1.0,998.74,1.0,15.04
428,TRANSFER,538.55,C7353991,2223.37,1684.81,C1119370,5127.28,5665.83,0,0,150.9,174.7,0,0.0,0.00,1.0,21.87
656,TRANSFER,102.54,C5371642,881.87,779.33,C1554269,46005.78,46108.31,0,0,291.6,275.8,0,0.0,0.00,1.0,19.53
184,PAYMENT,1017.82,C6263596,2900.58,1882.76,M2843944,38337.86,39355.68,0,0,341.2,140.3,0,0.0,0.00,1.0,23.56
440,PAYMENT,252.93,C3438938,2290.56,2037.62,M7032602,43759.96,44012.89,0,0,135.8,38.0,1,0.0,0.00,1.0,5.21
194,TRANSFER,239119.47,C5567195,257347.51,0.00,C3125596,0.00,239119.47,1,1,1.6,4.4,1,5.0,1195597.36,2.0,24.35
715,CASH_IN,269.21,C6292779,2188.54,1919.32,C9081601,7192.47,7461.68,0,0,60.8,199.4,0,0.0,0.00,1.0,19.82
89,TRANSFER,1330.57,C8212100,10987.24,9656.67,C4245230,2676.72,4007.29,0,0,191.5,154.4,0,1.0,512.33,1.0,6.27
685,PAYMENT,267.44,C2440629,2034.45,1767.01,M4044571,4064.60,4332.04,0,0,301.7,236.4,0,0.0,0.00,1.0,10.11
58,DEBIT,742.28,C6155132,5838.97,5096.68,C7246185,32050.45,32792.74,0,0,336.5,94.8,0,1.0,335.09,1.0,13.29
353,CASH_IN,2560.24,C8910177,17795.80,15235.57,C1253491,17547.77,20108.00,0,0,302.5,129.7,0,0.0,0.00,1.0,7.81
372,TRANSFER,1282.63,C8339047,2419.57,1136.94,C5176710,23496.48,24779.12,0,0,83.2,362.4,0,0.0,0.00,1.0,9.05
468,PAYMENT,463.27,C2164750,3783.19,3319.91,M6035855,35240.05,35703.32,0,0,189.7,60.5,0,0.0,0.00,1.0,8.27
515,DEBIT,175.79,C7413388,692.81,517.02,C2650922,13175.41,13351.20,0,0,357.6,41.6,0,0.0,0.00,1.0,12.58
128,CASH_IN,282.15,C1730837,915.72,633.57,C3738787,43457.89,43740.04,0,0,230.0,126.3,0,0.0,0.00,1.0,13.34
417,TRANSFER,539.12,C2971212,3235.19,2696.07,C7645775,15451.56,15990.69,0,0,259.5,307.4,1,0.0,0.00,1.0,4.09
420,CASH_IN,1877.38,C5090399,14956.87,13079.49,C5141640,30335.43,32212.81,0,0,149.3,197.5,0,1.0,1388.17,1.0,22.69
200,TRANSFER,1735.24,C7596619,13171.40,11436.16,C4935337,18914.06,20649.30,0,0,225.0,76.2,1,0.0,0.00,1.0,8.90
264,TRANSFER,99865.07,C2947941,113439.34,0.00,C1692322,0.00,99865.07,1,0,181.0,3.9,1,1.0,99865.07,2.0,85.49
209,DEBIT,177.96,C9282699,484.38,306.41,C3140025,19210.62,19388.59,0,0,79.8,357.6,0,0.0,0.00,1.0,4.32
321,TRANSFER,1818.83,C8111159,7713.41,5894.58,C2590743,35945.00,37763.83,0,0,189.4,77.4,1,0.0,0.00,1.0,3.87
374,TRANSFER,19479.56,C4682456,19873.85,0.00,C3983139,0.00,19479.56,1,0,192.5,0.4,1,1.0,19479.56,1.0,81.23
281,DEBIT,497.60,C2303345,2354.10,1856.50,C5155334,38889.18,39386.78,0,0,362.9,289.4,0,0.0,0.00,1.0,15.02
303,TRANSFER,26071.95,C9963566,30368.45,0.00,C1241375,0.00,26071.95,1,0,169.5,1.7,1,1.0,26071.95,1.0,68.29
615,CASH_OUT,173472.75,C1918630,190306.84,0.00,C4160144,0.00,173472.75,1,0,2.3,1.1,1,1.0,173472.75,4.0,16.93
179,DEBIT,70.08,C8356043,307.55,237.47,C9427207,48887.10,48957.17,0,0,62.7,39.0,0,0.0,0.00,1.0,14.12
230,TRANSFER,983.92,C1853826,4324.45,3340.53,C2760490,40627.16,41611.08,0,0,179.9,317.2,0,0.0,0.00,1.0,16.92
676,CASH_OUT,246597.04,C3256996,252966.69,0.00,C2850449,0.00,246597.04,1,1,202.1,3.1,1,1.0,246597.04,1.0,77.36
467,CASH_IN,417.94,C1952016,3276.66,2858.72,C6480299,36997.49,37415.43,0,0,278.1,290.8,0,0.0,0.00,1.0,6.85
181,TRANSFER,225.05,C9751186,1132.14,907.09,C3493156,12386.09,12611.14,0,0,219.9,284.1,0,0.0,0.00,1.0,0.31
152,TRANSFER,755.56,C7319295,4979.28,4223.72,C1383125,10458.98,11214.54,0,0,233.0,136.1,0,0.0,0.00,1.0,14.84
323,CASH_IN,103.12,C7949109,173.79,70.67,C4152569,48542.16,48645.28,0,0,154.2,163.3,0,0.0,0.00,1.0,10.72
637,TRANSFER,30391.50,C7067960,35768.27,0.00,C6398240,0.00,30391.50,1,0,292.1,0.9,1,1.0,30391.50,1.0,77.68
258,DEBIT,338.55,C6177835,1759.66,1421.12,C6896704,17773.68,18112.22,0,0,191.5,339.4,0,1.0,1018.31,1.0,13.01
588,TRANSFER,490.67,C1659674,3055.76,2565.09,C3993808,13963.36,14454.03,0,0,244.8,334.7,0,0.0,0.00,1.0,17.82
81,PAYMENT,3750.20,C3291650,30532.84,26782.64,M9774991,17507.66,21257.85,0,0,61.3,103.9,0,0.0,0.00,1.0,10.69
325,TRANSFER,348.31,C2146218,1928.93,1580.62,C7245327,15346.06,15694.37,0,0,200.8,34.8,0,0.0,0.00,1.0,15.50
704,DEBIT,1969.01,C1288730,11104.42,9135.41,C7702761,18409.69,20378.70,0,0,88.0,135.2,0,0.0,0.00,1.0,21.41
662,TRANSFER,14319.56,C4760569,16036.37,0.00,C7602619,0.00,14319.56,1,0,216.3,1.2,1,1.0,14319.56,1.0,68.60
498,TRANSFER,2139.57,C6765768,15134.14,12994.57,C2056749,36787.78,38927.36,0,0,33.8,343.0,0,0.0,0.00,1.0,17.30
131,TRANSFER,700.52,C2543434,3470.10,2769.58,C6107545,38820.27,39520.79,0,0,148.7,155.6,0,1.0,1285.20,1.0,0.25
490,TRANSFER,395.53,C4696763,1665.01,1269.48,C1181980,302.66,698.19,0,0,338.1,344.6,0,0.0,0.00,1.0,10.44
711,TRANSFER,223782.03,C3468039,229004.69,0.00,C2076279,0.00,223782.03,1,1,355.1,3.8,1,2.0,447564.07,1.0,90.98
274,CASH_IN,399.27,C4818705,2653.69,2254.42,C6345416,2334.13,2733.40,0,0,254.8,257.1,0,0.0,0.00,1.0,12.18
399,PAYMENT,948.43,C4315863,4463.70,3515.28,M5698047,49485.22,50433.65,0,0,259.8,167.8,0,0.0,0.00,1.0,14.23
235,PAYMENT,627.94,C3326432,2797.53,2169.59,M3021380,33577.82,34205.76,0,0,271.7,123.8,0,0.0,0.00,1.0,1.96
301,DEBIT,97.38,C4031296,498.11,400.73,C5865094,1152.26,1249.64,0,0,191.5,227.2,0,1.0,870.77,1.0,22.06
371,CASH_IN,502.49,C5276570,2701.32,2198.84,C9117388,46415.72,46918.21,0,0,111.5,66.2,1,1.0,793.99,1.0,4.05
468,PAYMENT,1313.30,C1622140,2862.41,1549.11,M6473193,15684.22,16997.52,0,0,32.3,234.4,0,0.0,0.00,1.0,20.70
304,CASH_IN,1962.37,C3850798,7474.60,5512.23,C3765985,47559.92,49522.29,0,0,298.2,126.2,1,0.0,0.00,1.0,11.48
374,DEBIT,343.68,C4656871,2945.97,2602.29,C3092975,5011.91,5355.59,0,0,102.8,200.8,1,0.0,0.00,1.0,11.59
42,PAYMENT,1041.04,C9622330,9699.37,8658.33,M8528241,17620.14,18661.17,0,0,291.7,288.8,0,0.0,0.00,1.0,13.12
210,TRANSFER,722.50,C6943989,3891.65,3169.15,C4968112,45180.73,45903.23,0,0,313.5,362.7,0,1.0,1167.95,1.0,11.32
639,CASH_IN,1069.33,C9589426,5461.30,4391.97,C1477853,5183.30,6252.63,0,0,360.0,317.3,0,0.0,0.00,1.0,16.48
614,PAYMENT,626.32,C9325719,4784.67,4158.34,M5086967,18745.12,19371.45,0,0,357.6,88.5,0,0.0,0.00,1.0,21.52
641,PAYMENT,674.13,C4221306,4581.29,3907.16,M6622148,40192.07,40866.20,0,0,78.0,159.5,0,0.0,0.00,1.0,23.98
468,DEBIT,196.33,C2762683,321.76,125.43,C5500049,881.92,1078.25,0,0,83.6,259.9,0,0.0,0.00,1.0,19.76
213,TRANSFER,629.73,C2431209,4619.32,3989.58,C1921923,39681.19,40310.92,0,0,42.0,314.0,1,0.0,0.00,1.0,11.89
137,DEBIT,448.68,C4257975,787.14,338.46,C4460506,34451.36,34900.04,0,0,337.9,82.6,0,1.0,1020.31,1.0,22.63
82,CASH_IN,93.18,C6494797,217.09,123.92,C9436674,46860.31,46953.49,0,0,249.8,97.9,0,0.0,0.00,1.0,7.67
301,CASH_IN,3338.85,C1240444,19470.39,16131.54,C6220619,31776.93,35115.78,0,0,281.7,206.8,0,1.0,1413.91,1.0,22.02
267,CASH_OUT,75389.38,C8796110,84273.13,0.00,C8727670,0.00,75389.38,1,0,2.2,3.6,1,16.0,589071.41,9.0,59.40
707,CASH_IN,487.70,C1335274,1543.38,1055.68,C2943645,45704.21,46191.91,0,0,157.0,200.0,0,0.0,0.00,1.0,2.16
486,PAYMENT,470.36,C9900580,4691.86,4221.50,M1900840,10749.49,11219.86,0,0,111.1,33.7,0,2.0,2173.54,1.0,10.19
595,CASH_IN,824.97,C2759841,7037.92,6212.95,C5410937,3131.46,3956.43,0,0,249.7,47.4,0,0.0,0.00,1.0,7.85
674,TRANSFER,94328.68,C2768453,102416.25,0.00,C4095640,0.00,94328.68,1,0,3.3,4.9,1,12.0,501318.98,5.0,63.08
160,PAYMENT,1161.75,C7031309,10936.30,9774.55,M8587505,31780.86,32942.61,0,0,299.0,357.5,0,0.0,0.00,1.0,3.03
590,DEBIT,403.53,C5438587,3795.83,3392.30,C3762534,37430.92,37834.45,0,0,283.3,319.3,1,2.0,2913.72,1.0,0.89
417,DEBIT,979.80,C6194831,5801.91,4822.12,C4471963,13655.53,14635.33,0,0,336.6,278.8,0,0.0,0.00,1.0,23.34
347,TRANSFER,275.83,C2009205,1506.81,1230.98,C5363805,39088.62,39364.46,0,0,69.0,291.3,1,0.0,0.00,1.0,6.62
614,TRANSFER,503.91,C5333363,1130.22,626.32,C4756317,42802.23,43306.13,0,0,228.5,292.0,0,0.0,0.00,1.0,13.94
547,TRANSFER,181.64,C3413257,1451.63,1269.99,C5600303,42501.35,42683.00,0,0,330.0,301.5,0,0.0,0.00,1.0,14.64
205,CASH_IN,115.83,C1252281,409.19,293.37,C6111290,46759.89,46875.72,0,0,208.5,161.0,0,0.0,0.00,1.0,1.73
515,CASH_IN,446.54,C3605420,1103.33,656.78,C4320547,31882.36,32328.90,0,0,222.6,149.6,0,0.0,0.00,1.0,5.94
396,TRANSFER,1459.62,C1073865,10652.84,9193.23,C4144286,39836.74,41296.36,0,0,311.0,249.6,1,0.0,0.00,1.0,8.14
42,DEBIT,748.20,C1462924,2515.02,1766.82,C2361389,28188.62,28936.82,0,0,121.6,91.5,0,0.0,0.00,1.0,20.82
594,TRANSFER,111.40,C1754931,1014.99,903.58,C9240499,676.68,788.09,0,0,258.8,60.6,0,0.0,0.00,1.0,24.58
452,TRANSFER,196.95,C6345745,1460.25,1263.30,C6771442,4676.74,4873.69,0,0,224.8,292.6,0,0.0,0.00,1.0,23.81
418,DEBIT,203.07,C2355984,1262.94,1059.87,C8142197,18169.86,18372.93,0,0,100.2,181.1,0,2.0,467.41,1.0,0.01
521,CASH_IN,543.69,C1267909,1359.43,815.74,C6981901,33318.51,33862.20,0,0,148.5,204.3,0,0.0,0.00,1.0,24.54
704,DEBIT,390.95,C7630401,1637.52,1246.58,C9640341,20123.77,20514.72,0,0,207.9,309.2,0,0.0,0.00,1.0,15.93
297,CASH_IN,3472.39,C5866894,20217.26,16744.87,C3066018,49343.80,52816.19,0,0,167.0,186.9,0,0.0,0.00,1.0,10.45
427,TRANSFER,124.96,C1297746,994.59,869.63,C9700304,35683.72,35808.68,0,0,168.6,342.9,0,1.0,1358.47,1.0,22.92
378,CASH_IN,334.94,C7125808,1393.79,1058.85,C1807416,19942.83,20277.77,0,0,158.8,245.0,0,0.0,0.00,1.0,1.42
131,DEBIT,216.42,C1052827,561.33,344.91,C4612555,27330.62,27547.04,0,0,312.1,91.3,0,0.0,0.00,1.0,5.89
256,PAYMENT,873.54,C3451630,3485.80,2612.26,M1281263,31715.09,32588.63,0,0,253.8,133.5,1,0.0,0.00,1.0,7.76
32,DEBIT,252.99,C5909611,2334.40,2081.42,C8815181,4321.61,4574.60,0,0,303.1,64.4,0,2.0,2147.47,1.0,10.75
86,TRANSFER,121.09,C8259656,251.11,130.02,C8279986,15375.03,15496.12,0,0,162.0,228.9,0,0.0,0.00,1.0,23.20
520,CASH_IN,2284.36,C3169327,8058.68,5774.31,C7370389,35986.91,38271.27,0,0,197.5,280.0,0,0.0,0.00,1.0,14.72
534,CASH_IN,1554.19,C1134706,9473.69,7919.50,C6772259,40965.39,42519.58,0,0,77.2,233.3,0,0.0,0.00,1.0,16.39
578,TRANSFER,91475.70,C6884887,106299.45,0.00,C3913912,0.00,91475.70,1,0,5.3,3.6,1,16.0,497403.18,4.0,73.47
161,CASH_IN,406.32,C5558703,2941.17,2534.85,C2455152,16862.03,17268.35,0,0,268.8,185.3,0,0.0,0.00,1.0,21.23
577,CASH_OUT,45262.29,C7451555,52948.04,0.00,C8544081,0.00,45262.29,1,0,182.0,0.3,1,2.0,90524.58,2.0,84.44
446,CASH_IN,530.20,C3618507,1820.16,1289.96,C7791648,15878.88,16409.08,0,0,204.9,233.1,1,0.0,0.00,1.0,14.90
393,TRANSFER,2619.03,C3189963,20235.21,17616.18,C1056864,15541.55,18160.58,0,0,66.3,298.3,0,0.0,0.00,1.0,3.43
130,CASH_IN,10243.99,C8943378,67690.12,57446.13,C3413670,31414.98,41658.97,0,0,65.5,359.9,0,0.0,0.00,1.0,9.17
255,DEBIT,1677.37,C3658582,9466.19,7788.82,C6499840,38143.16,39820.53,0,0,246.3,257.0,0,0.0,0.00,1.0,4.40
292,TRANSFER,72108.50,C1110949,81909.87,0.00,C6174795,0.00,72108.50,1,0,2.3,5.7,1,17.0,585584.76,9.0,74.84
477,CASH_IN,1285.17,C6426105,9012.58,7727.41,C9192348,4388.35,5673.52,0,0,271.4,125.1,0,0.0,0.00,1.0,23.76
302,TRANSFER,251.47,C2635933,857.50,606.02,C3080996,38612.64,38864.11,0,0,138.0,35.2,0,0.0,0.00,1.0,15.45
710,DEBIT,308.37,C2375656,1564.74,1256.37,C1558585,14901.56,15209.93,0,0,133.1,147.1,0,0.0,0.00,1.0,9.30
451,PAYMENT,6392.04,C4580446,14757.28,8365.23,M3943809,351.14,6743.18,0,0,172.6,129.6,0,0.0,0.00,1.0,9.35
244,TRANSFER,60597.68,C8283112,65810.19,0.00,C3096306,0.00,60597.68,1,0,5.5,4.3,1,10.0,478769.83,7.0,63.25
376,PAYMENT,347.80,C2430648,732.09,384.28,M3849305,9189.10,9536.91,0,0,354.6,351.6,0,0.0,0.00,1.0,4.45
551,TRANSFER,202727.79,C4624713,217531.70,0.00,C9299980,0.00,202727.79,1,1,3.3,2.9,1,3.0,608183.38,4.0,5.62
356,TRANSFER,3299.56,C3409617,9672.32,6372.76,C5417928,33272.34,36571.90,0,0,93.5,162.6,0,0.0,0.00,1.0,19.94
381,PAYMENT,1950.10,C1982293,15983.72,14033.62,M9795684,35795.61,37745.71,0,0,201.8,58.0,0,2.0,2232.06,1.0,1.27
468,DEBIT,835.96,C5610261,5405.39,4569.44,C4685561,34332.46,35168.42,0,0,77.7,307.8,0,0.0,0.00,1.0,20.27
513,DEBIT,1129.10,C4077150,6999.16,5870.06,C1085423,16345.01,17474.11,0,0,182.5,307.8,0,1.0,1380.56,1.0,23.99
255,CASH_IN,2932.89,C2689341,17498.15,14565.26,C2683041,40612.67,43545.56,0,0,69.3,203.2,0,0.0,0.00,1.0,3.43
397,DEBIT,424.58,C7172507,692.03,267.45,C4571671,29406.94,29831.52,0,0,201.4,225.1,0,0.0,0.00,1.0,16.48
109,TRANSFER,21788.22,C9001473,23676.37,0.00,C3012323,0.00,21788.22,1,0,213.1,1.2,1,1.0,21788.22,1.0,65.11
261,PAYMENT,811.41,C4868054,6769.91,5958.50,M7632747,11465.14,12276.55,0,0,86.3,125.7,0,0.0,0.00,1.0,4.81
62,CASH_IN,2431.49,C7128046,4337.54,1906.05,C8104195,44065.51,46497.00,0,0,93.8,298.9,0,1.0,661.07,1.0,20.99
506,CASH_OUT,46796.19,C1509358,54369.60,0.00,C6242978,0.00,46796.19,1,0,1.9,2.1,1,13.0,420127.59,7.0,81.83
533,DEBIT,628.99,C7989409,1901.30,1272.31,C7337506,3709.56,4338.55,0,0,310.9,333.3,0,0.0,0.00,1.0,17.72
512,TRANSFER,461.31,C2689573,3076.92,2615.61,C4001717,19645.91,20107.22,0,0,149.5,88.9,0,0.0,0.00,1.0,14.12
607,DEBIT,849.35,C1087698,2299.50,1450.15,C7010567,9530.38,10379.73,0,0,61.2,290.2,0,0.0,0.00,1.0,18.19
465,DEBIT,70.12,C9243754,601.20,531.08,C8939019,11634.37,11704.49,0,0,304.6,206.2,0,0.0,0.00,1.0,8.10
448,CASH_IN,535.23,C2665196,4548.08,4012.84,C4212048,3519.24,4054.48,0,0,258.6,247.9,1,2.0,1272.57,1.0,6.16
184,CASH_IN,566.67,C3584012,3629.06,3062.39,C5847923,5043.67,5610.35,0,0,41.3,109.5,1,0.0,0.00,1.0,13.18
60,CASH_IN,1691.80,C8820855,7737.57,6045.76,C3633097,25086.89,26778.69,0,0,300.0,243.4,1,1.0,1382.74,1.0,21.79
620,DEBIT,1482.61,C8915582,9775.22,8292.61,C9499215,27608.57,29091.18,0,0,72.5,137.2,0,0.0,0.00,1.0,6.93
158,CASH_OUT,19185.12,C8517204,20258.81,0.00,C6775777,0.00,19185.12,1,0,283.4,0.4,1,1.0,19185.12,1.0,85.39
296,DEBIT,1105.04,C8890652,1878.83,773.80,C2411514,31366.89,32471.93,0,0,81.3,125.6,0,0.0,0.00,1.0,11.67
390,DEBIT,174.91,C8506535,1214.92,1040.01,C7026200,46855.78,47030.69,0,0,250.6,93.5,0,0.0,0.00,1.0,1.25
697,TRANSFER,128720.32,C7039310,141858.90,0.00,C9133011,0.00,128720.32,1,0,4.5,3.5,1,4.0,514881.28,1.0,10.05
496,PAYMENT,338.91,C9670121,747.18,408.26,M5522576,36022.40,36361.32,0,0,250.2,77.8,0,2.0,1480.53,1.0,3.69
107,PAYMENT,389.75,C2930905,1511.93,1122.19,M7010752,16404.76,16794.50,0,0,254.2,252.9,0,0.0,0.00,1.0,1.64
545,TRANSFER,1802.72,C7398952,10169.33,8366.61,C3505753,40349.52,42152.24,0,0,203.4,81.8,0,0.0,0.00,1.0,2.81
213,CASH_IN,5586.32,C4023078,25832.47,20246.15,C6003121,20976.67,26562.99,0,0,253.5,222.5,0,0.0,0.00,1.0,12.07
156,CASH_IN,233.42,C5311455,2225.50,1992.07,C1933706,13523.66,13757.08,0,0,298.4,353.1,0,1.0,1349.05,1.0,5.45
491,TRANSFER,108.57,C4643363,667.40,558.83,C9014461,11477.38,11585.95,0,0,167.8,164.7,0,0.0,0.00,1.0,22.72
519,DEBIT,778.10,C2298265,4432.16,3654.06,C1366671,22558.19,23336.29,0,0,107.9,206.9,0,0.0,0.00,1.0,24.94
612,CASH_IN,2848.36,C5229989,18696.21,15847.85,C5509882,44592.43,47440.79,0,0,114.4,287.2,1,1.0,291.19,1.0,21.98
402,PAYMENT,901.74,C3017028,2732.72,1830.98,M9446812,8077.38,8979.13,0,0,118.6,228.4,0,0.0,0.00,1.0,8.58
285,DEBIT,419.53,C3595401,3570.44,3150.91,C1860711,42037.63,42457.17,0,0,99.2,59.7,0,0.0,0.00,1.0,24.80
234,CASH_IN,2589.27,C4997574,19385.54,16796.27,C5415991,11318.60,13907.88,0,0,130.2,325.1,0,0.0,0.00,1.0,9.64
128,CASH_IN,131.70,C2562299,1202.04,1070.34,C9029737,5610.23,5741.93,0,0,334.6,190.8,0,1.0,327.76,1.0,11.02
616,DEBIT,2068.40,C4942746,19340.93,17272.54,C2988988,341.26,2409.66,0,0,165.7,338.4,0,0.0,0.00,1.0,9.38
207,CASH_IN,595.95,C7311843,2523.74,1927.78,C7866477,3148.06,3744.01,0,0,67.1,193.8,1,0.0,0.00,1.0,14.97
422,TRANSFER,33772.02,C3397184,36784.63,0.00,C9528183,0.00,33772.02,1,0,209.0,0.7,1,1.0,33772.02,1.0,73.42
610,TRANSFER,31.07,C6133637,287.42,256.35,C4120174,20509.31,20540.38,0,0,196.8,224.4,0,1.0,380.15,1.0,10.71
253,TRANSFER,32628.71,C8537405,34965.52,0.00,C4032878,0.00,32628.71,1,0,168.8,1.9,1,1.0,32628.71,1.0,84.67
138,DEBIT,659.09,C9295459,6142.24,5483.15,C1884307,1194.31,1853.40,0,0,202.7,226.3,0,0.0,0.00,1.0,4.60
38,CASH_IN,252.19,C5330333,1417.39,1165.20,C3339163,14914.24,15166.43,0,0,360.5,248.3,0,0.0,0.00,1.0,5.44
183,PAYMENT,2006.76,C5135740,11972.98,9966.22,M7649958,972.25,2979.01,0,0,77.2,335.5,0,0.0,0.00,1.0,24.22
33,TRANSFER,580.34,C4697244,2976.00,2395.67,C2902236,26399.90,26980.24,0,0,152.8,200.0,0,0.0,0.00,1.0,2.71
91,DEBIT,975.45,C5259642,7118.60,6143.16,C5279054,43527.79,44503.23,0,0,147.5,167.4,0,1.0,1137.19,1.0,4.35
639,TRANSFER,194.46,C6210164,683.65,489.19,C6338471,27287.53,27481.99,0,0,172.5,353.9,1,0.0,0.00,1.0,3.67
186,TRANSFER,2860.60,C3661510,7825.89,4965.29,C1128263,13727.91,16588.51,0,0,227.8,185.7,1,0.0,0.00,1.0,0.14
491,TRANSFER,52005.18,C6707742,58045.68,0.00,C9601398,0.00,52005.18,1,0,205.0,4.7,1,1.0,52005.18,4.0,86.22
417,PAYMENT,1676.32,C7500067,3304.78,1628.46,M2411179,14885.93,16562.26,0,0,161.6,338.8,0,0.0,0.00,1.0,16.50
307,CASH_IN,140.84,C5759641,218.15,77.30,C8700999,49045.27,49186.11,0,0,273.4,256.5,0,0.0,0.00,1.0,12.52
85,TRANSFER,3117.69,C3641102,29081.80,25964.11,C9943882,31440.16,34557.85,0,0,246.8,162.2,0,0.0,0.00,1.0,2.59
253,TRANSFER,1401.14,C8338448,13974.51,12573.38,C4180764,9094.34,10495.48,0,0,263.9,147.0,0,1.0,957.71,1.0,1.51
189,DEBIT,1690.43,C5870998,7859.84,6169.41,C1535383,10570.84,12261.27,0,0,70.6,234.4,0,1.0,736.01,1.0,19.55
186,PAYMENT,288.97,C1117263,1305.99,1017.02,M5882059,21119.48,21408.45,0,0,202.3,112.2,1,0.0,0.00,1.0,24.49
659,DEBIT,1551.32,C9295658,2503.87,952.55,C6195243,42071.69,43623.01,0,0,284.2,50.2,0,1.0,1214.22,1.0,10.30
339,CASH_OUT,70379.30,C3559310,81034.44,0.00,C9128823,0.00,70379.30,1,0,6.9,1.6,1,10.0,507515.01,9.0,63.19
57,PAYMENT,124.04,C8837715,788.64,664.60,M7472856,45460.57,45584.61,0,0,249.0,62.3,0,0.0,0.00,1.0,22.88
141,PAYMENT,590.45,C1928056,3967.06,3376.61,M3473755,40014.06,40604.51,0,0,188.3,314.8,0,0.0,0.00,1.0,12.95
260,CASH_IN,1995.19,C9395979,17245.44,15250.25,C2747684,26240.96,28236.15,0,0,32.8,360.5,0,0.0,0.00,1.0,9.26
494,CASH_IN,801.13,C2475476,5205.74,4404.61,C7116548,20202.35,21003.48,0,0,341.5,331.7,0,0.0,0.00,1.0,20.58
701,TRANSFER,83.19,C6066992,745.23,662.04,C8242945,39602.11,39685.30,0,0,139.7,149.0,1,0.0,0.00,1.0,3.36
250,CASH_IN,671.38,C1267992,2127.58,1456.20,C1620292,36248.65,36920.03,0,0,197.6,109.7,0,0.0,0.00,1.0,9.76
25,CASH_OUT,57369.47,C8142526,57977.35,0.00,C5755767,0.00,57369.47,1,0,1.7,4.3,1,15.0,314094.52,7.0,56.88
39,CASH_IN,3145.93,C1696954,15928.44,12782.51,C2105144,20903.47,24049.40,0,0,66.2,131.0,0,0.0,0.00,1.0,23.38
57,TRANSFER,1841.06,C1104464,9714.05,7872.99,C9081818,43191.75,45032.81,0,0,172.5,329.6,0,0.0,0.00,1.0,4.30
179,DEBIT,117.23,C9473811,275.75,158.52,C5166215,14880.92,14998.15,0,0,273.3,79.5,0,1.0,235.86,1.0,18.19
129,CASH_IN,2821.79,C2361492,21089.44,18267.65,C5462863,39322.21,42144.00,0,0,160.7,364.5,0,0.0,0.00,1.0,15.49
471,CASH_IN,436.96,C5760090,4223.17,3786.21,C8233836,12077.41,12514.37,0,0,146.5,345.6,0,1.0,1067.58,1.0,13.32
201,CASH_IN,341.64,C9958295,919.28,577.64,C8698204,46331.94,46673.58,0,0,265.8,54.0,0,0.0,0.00,1.0,2.21
200,DEBIT,1132.98,C6764503,2920.34,1787.36,C7148785,7069.56,8202.54,0,0,338.2,50.6,1,0.0,0.00,1.0,5.12
62,PAYMENT,62.18,C4715391,153.15,90.98,M1048400,20073.95,20136.12,0,0,76.2,223.6,0,1.0,1463.57,1.0,20.31
514,CASH_IN,60.87,C3840003,370.78,309.91,C5892244,4000.89,4061.76,0,0,110.1,343.7,1,0.0,0.00,1.0,3.90
107,PAYMENT,2704.58,C7706001,5682.09,2977.52,M5498408,24324.76,27029.34,0,0,246.7,160.9,0,0.0,0.00,1.0,0.27
83,TRANSFER,1640.44,C9118045,11130.45,9490.01,C6282644,19429.18,21069.62,0,0,355.9,59.0,0,0.0,0.00,1.0,9.95
563,TRANSFER,85.66,C6608904,649.08,563.41,C2440391,29006.38,29092.04,0,0,121.3,125.4,1,0.0,0.00,1.0,3.89
208,CASH_IN,467.24,C6983285,3814.27,3347.04,C6489644,3387.12,3854.35,0,0,105.1,61.9,0,1.0,1130.79,1.0,17.11
284,DEBIT,284.89,C4384733,704.97,420.08,C4733188,45092.46,45377.34,0,0,131.9,301.2,0,0.0,0.00,1.0,9.75
227,CASH_IN,424.63,C3961859,3881.91,3457.28,C6255324,49482.89,49907.52,0,0,292.4,307.1,0,0.0,0.00,1.0,20.27
279,CASH_IN,129.61,C9849766,471.71,342.10,C8656923,14573.31,14702.92,0,0,363.3,192.9,0,0.0,0.00,1.0,14.82
27,TRANSFER,53106.76,C7519891,61842.12,0.00,C1455371,0.00,53106.76,1,0,0.8,4.5,1,9.0,167082.57,5.0,55.95
612,PAYMENT,804.52,C1762273,2369.96,1565.44,M1724774,26400.67,27205.19,0,0,346.0,241.9,0,0.0,0.00,1.0,23.08
572,TRANSFER,63.00,C1986993,622.66,559.65,C7845321,39731.44,39794.44,0,0,114.4,218.2,0,0.0,0.00,1.0,19.47
237,PAYMENT,3325.68,C7557653,15293.99,11968.30,M1194627,34061.34,37387.02,0,0,326.3,318.4,0,0.0,0.00,1.0,11.73
705,TRANSFER,270.85,C4931730,2544.08,2273.23,C9156333,4208.76,4479.60,0,0,143.6,75.3,0,0.0,0.00,1.0,13.98
483,PAYMENT,671.04,C7240402,2085.20,1414.16,M9381303,9852.25,10523.30,0,0,175.3,95.4,0,0.0,0.00,1.0,20.12
66,CASH_IN,1998.39,C2853145,15750.72,13752.33,C8859257,18383.74,20382.13,0,0,129.4,181.9,0,0.0,0.00,1.0,0.46
81,CASH_IN,807.78,C1300116,5330.23,4522.45,C7962782,37640.82,38448.60,0,0,196.7,341.4,0,0.0,0.00,1.0,17.37
225,CASH_IN,531.65,C2273637,1334.83,803.18,C3348091,43349.66,43881.31,0,0,199.0,230.8,0,0.0,0.00,1.0,19.46
397,CASH_OUT,30675.44,C8161960,33040.57,0.00,C2079975,0.00,30675.44,1,0,286.9,1.9,1,1.0,30675.44,1.0,86.99
258,TRANSFER,6259.39,C9251636,39903.86,33644.47,C8458134,19633.17,25892.56,0,0,59.1,348.1,0,0.0,0.00,1.0,6.97
693,CASH_IN,529.28,C4643942,1754.22,1224.93,C8087787,26988.78,27518.06,0,0,123.9,334.6,0,0.0,0.00,1.0,6.92
39,DEBIT,332.92,C7483800,1617.02,1284.10,C1323725,46230.79,46563.71,0,0,53.0,316.8,0,0.0,0.00,1.0,2.08
622,CASH_OUT,71281.40,C1305243,82429.60,0.00,C4826272,0.00,71281.40,1,0,4.0,0.4,1,5.0,356407.01,1.0,5.66
140,PAYMENT,222.61,C5621296,1633.94,1411.33,M2366316,17193.96,17416.57,0,0,207.4,133.1,0,0.0,0.00,1.0,15.15
56,PAYMENT,208.55,C6128769,1676.27,1467.73,M5356884,9450.73,9659.28,0,0,226.0,250.2,0,0.0,0.00,1.0,15.62
111,DEBIT,527.89,C8234250,4196.73,3668.84,C5754477,27404.96,27932.86,0,0,226.5,206.0,0,0.0,0.00,1.0,0.38
134,PAYMENT,633.24,C5030521,3352.77,2719.52,M1752238,7330.49,7963.74,0,0,97.1,330.5,0,1.0,831.44,1.0,1.06
172,TRANSFER,31091.79,C1048821,34863.91,0.00,C2741976,0.00,31091.79,1,0,0.7,5.6,1,17.0,500969.23,9.0,76.30
519,TRANSFER,25085.43,C8020229,29435.90,0.00,C2098116,0.00,25085.43,1,0,210.8,0.9,1,1.0,25085.43,1.0,66.96
130,CASH_IN,244.56,C5042575,1233.70,989.14,C1210198,28996.08,29240.64,0,0,262.8,253.1,0,0.0,0.00,1.0,1.06
94,TRANSFER,61847.20,C9746188,71956.10,0.00,C5278969,0.00,61847.20,1,0,4.2,1.5,1,4.0,247388.78,4.0,5.81
37,PAYMENT,250.04,C8912775,1105.02,854.98,M2219441,25367.09,25617.13,0,0,265.2,56.5,0,0.0,0.00,1.0,4.52
619,CASH_IN,591.00,C7930267,3542.69,2951.69,C8292355,30181.47,30772.48,0,0,313.8,179.7,0,1.0,244.61,1.0,6.55
715,TRANSFER,629.98,C7306727,5703.07,5073.09,C5114340,23786.22,24416.20,0,0,192.0,31.3,0,0.0,0.00,1.0,10.05
72,CASH_OUT,209442.69,C1012156,235309.76,0.00,C1102914,0.00,209442.69,1,1,6.9,0.7,1,4.0,837770.78,4.0,21.00
452,DEBIT,1181.65,C1921134,11240.92,10059.27,C6027249,14136.17,15317.82,0,0,76.1,337.0,0,0.0,0.00,1.0,2.14
447,DEBIT,806.78,C5962473,7522.42,6715.64,C1170461,29336.74,30143.52,0,0,223.0,238.6,1,0.0,0.00,1.0,2.11
565,CASH_IN,91.34,C5403477,209.26,117.93,C6286847,33591.77,33683.11,0,0,88.6,107.9,1,1.0,1106.06,1.0,11.58
330,CASH_IN,484.35,C6180343,1505.69,1021.34,C6561610,24731.13,25215.48,0,0,168.2,214.6,0,0.0,0.00,1.0,2.92
538,TRANSFER,402.90,C3244204,1226.36,823.45,C8722149,11211.77,11614.67,0,0,294.0,331.7,0,2.0,2035.66,1.0,5.68
171,TRANSFER,130148.94,C6350689,147356.54,0.00,C5633999,0.00,130148.94,1,0,328.4,0.1,1,1.0,130148.94,2.0,80.83
378,DEBIT,2935.48,C8501277,17090.95,14155.48,C2781862,4756.93,7692.41,0,0,258.9,65.9,1,0.0,0.00,1.0,18.04
258,PAYMENT,162.07,C4537209,1388.58,1226.51,M7832816,33197.31,33359.38,0,0,162.0,54.5,0,1.0,637.13,1.0,12.96
705,CASH_IN,116.45,C8555833,990.79,874.34,C6881241,49349.78,49466.23,0,0,319.5,186.6,0,0.0,0.00,1.0,2.39
470,TRANSFER,1896.08,C4259426,4478.18,2582.11,C7936812,29528.42,31424.50,0,0,179.2,273.6,0,0.0,0.00,1.0,17.53
611,CASH_IN,422.76,C2140285,1724.95,1302.19,C5031752,36014.77,36437.53,0,0,300.1,211.8,0,1.0,327.77,1.0,24.43
323,TRANSFER,647.90,C1344635,5603.80,4955.90,C3551031,28868.29,29516.18,0,0,110.0,131.4,0,0.0,0.00,1.0,22.54
184,TRANSFER,1057.15,C7930120,6722.56,5665.41,C2444671,21203.89,22261.03,0,0,358.5,72.8,0,0.0,0.00,1.0,13.38
593,CASH_IN,1075.72,C8622685,7914.55,6838.83,C5831823,105.43,1181.15,0,0,131.0,241.1,0,0.0,0.00,1.0,24.05
452,CASH_IN,144.12,C8995108,622.94,478.83,C3858929,17002.69,17146.81,0,0,231.0,65.9,0,0.0,0.00,1.0,5.37
346,TRANSFER,550.09,C9170674,4621.55,4071.46,C9942837,23504.40,24054.49,0,0,270.4,300.5,0,0.0,0.00,1.0,3.42
177,TRANSFER,182.03,C8508731,1354.99,1172.96,C7860596,27493.39,27675.42,0,0,137.8,35.5,0,1.0,1045.08,1.0,19.69
578,CASH_OUT,48524.75,C9768062,53490.61,0.00,C5450312,0.00,48524.75,1,0,7.0,1.0,1,17.0,408114.92,7.0,46.85
520,DEBIT,474.93,C7954712,4481.49,4006.56,C2408283,49850.14,50325.07,0,0,97.8,211.6,0,2.0,1986.16,1.0,6.38
238,PAYMENT,1058.33,C8382160,5521.47,4463.13,M1655704,36693.67,37752.01,0,0,236.4,156.8,0,0.0,0.00,1.0,8.93
658,TRANSFER,3326.35,C2706659,21429.70,18103.35,C7580277,10706.12,14032.47,0,0,180.5,221.2,0,1.0,742.64,1.0,17.95
258,PAYMENT,600.21,C4345892,5189.28,4589.06,M6387835,17478.84,18079.05,0,0,77.9,195.2,0,0.0,0.00,1.0,22.77
352,CASH_IN,569.87,C9756746,2290.78,1720.90,C8613756,22009.67,22579.55,0,0,235.1,234.9,0,0.0,0.00,1.0,5.41
515,CASH_OUT,333123.11,C5491397,336826.57,0.00,C7417289,0.00,333123.11,1,1,1.2,4.5,1,4.0,1332492.43,1.0,12.90
105,PAYMENT,151.55,C1494419,853.47,701.92,M5378381,23480.09,23631.64,0,0,342.0,321.0,0,0.0,0.00,1.0,21.78
645,PAYMENT,231.05,C1114544,881.54,650.48,M4734609,2631.70,2862.75,0,0,150.2,83.1,1,0.0,0.00,1.0,20.28
372,CASH_IN,466.72,C7076119,3294.87,2828.15,C2070001,3320.95,3787.67,0,0,261.7,147.8,0,0.0,0.00,1.0,2.85
313,CASH_OUT,31787.45,C4918674,35164.47,0.00,C8500707,0.00,31787.45,1,0,1.1,4.0,1,16.0,492009.78,7.0,76.28
183,TRANSFER,33994.50,C1200072,34812.69,0.00,C4258216,0.00,33994.50,1,0,117.6,0.2,1,1.0,33994.50,1.0,80.40
141,CASH_IN,2318.25,C4622643,13053.39,10735.15,C1641628,5019.80,7338.05,0,0,130.8,172.2,0,0.0,0.00,1.0,5.58
276,CASH_IN,1274.04,C9261110,5127.02,3852.98,C3654233,33507.18,34781.21,0,0,136.2,162.4,0,0.0,0.00,1.0,13.29
611,TRANSFER,337.15,C4501687,1107.01,769.86,C1144632,49187.48,49524.63,0,0,354.2,331.9,0,0.0,0.00,1.0,24.68
571,PAYMENT,252.11,C9781797,2170.25,1918.14,M3526271,6994.27,7246.38,0,0,180.2,161.5,1,1.0,763.91,1.0,11.73
475,TRANSFER,1505.64,C6543529,11178.42,9672.79,C8565289,20618.94,22124.58,0,0,253.4,359.3,0,0.0,0.00,1.0,18.74
614,CASH_OUT,24607.52,C9708527,27221.33,0.00,C3241555,0.00,24607.52,1,0,141.0,0.3,1,1.0,24607.52,1.0,86.34
519,DEBIT,83.59,C6799106,740.68,657.09,C1465423,41830.50,41914.09,0,0,333.5,61.5,0,0.0,0.00,1.0,12.24
590,CASH_IN,744.15,C3742238,5568.82,4824.67,C3371305,47159.47,47903.62,0,0,236.1,47.5,0,0.0,0.00,1.0,9.08
56,DEBIT,873.27,C3280021,6424.94,5551.67,C7239771,43948.48,44821.75,0,0,182.4,78.8,1,0.0,0.00,1.0,13.36
451,DEBIT,1844.29,C7653733,8403.30,6559.01,C4270167,7965.46,9809.75,0,0,351.8,110.4,0,0.0,0.00,1.0,23.16
135,CASH_OUT,23855.62,C7418944,24483.74,0.00,C6741505,0.00,23855.62,1,0,247.4,1.0,1,1.0,23855.62,1.0,65.90
712,DEBIT,2474.73,C5902728,22538.92,20064.19,C8133672,33592.05,36066.78,0,0,240.7,113.5,0,0.0,0.00,1.0,24.48
716,PAYMENT,748.55,C3800957,4296.72,3548.17,M8044261,26642.43,27390.98,0,0,104.6,236.7,0,0.0,0.00,1.0,2.35
666,TRANSFER,614.95,C7394057,1479.04,864.08,C5433346,34935.88,35550.83,0,0,243.8,71.7,0,0.0,0.00,1.0,21.90
108,DEBIT,265.70,C6167891,1485.98,1220.28,C5570514,42328.91,42594.61,0,0,84.7,297.6,0,0.0,0.00,1.0,11.32
254,CASH_OUT,19622.87,C9723346,22451.49,0.00,C3394742,0.00,19622.87,1,0,255.2,0.3,1,1.0,19622.87,1.0,67.17
497,TRANSFER,146.11,C1742967,1335.95,1189.83,C7277504,11627.26,11773.37,0,0,348.1,351.5,0,0.0,0.00,1.0,3.71
658,PAYMENT,373.91,C6876567,2960.91,2587.00,M6346587,11242.16,11616.07,0,0,164.5,262.5,0,1.0,908.99,1.0,18.07
595,CASH_IN,654.97,C4149283,2115.48,1460.51,C8913231,24621.03,25276.00,0,0,237.8,228.2,0,0.0,0.00,1.0,7.86
235,CASH_IN,11097.19,C7883942,110279.05,99181.85,C6791098,39249.26,50346.45,0,0,351.3,266.9,0,2.0,2789.17,1.0,18.88
445,CASH_IN,7615.54,C8834987,72105.05,64489.51,C4624054,26397.97,34013.51,0,0,199.9,196.3,1,0.0,0.00,1.0,17.47
108,DEBIT,5708.76,C7007069,54188.01,48479.24,C2235146,23997.95,29706.71,0,0,228.0,358.2,0,1.0,466.69,1.0,2.82
712,CASH_IN,1327.91,C6489443,10354.39,9026.48,C7730908,18744.44,20072.35,0,0,302.4,115.7,1,0.0,0.00,1.0,17.34
132,CASH_IN,450.41,C7765211,1829.34,1378.93,C4500527,31513.11,31963.52,0,0,230.4,33.9,1,0.0,0.00,1.0,7.62
139,DEBIT,1488.73,C7810648,2272.07,783.34,C3759177,40927.09,42415.82,0,0,194.1,241.8,0,0.0,0.00,1.0,23.10
405,DEBIT,616.41,C1936216,4902.26,4285.85,C9809191,12127.91,12744.32,0,0,144.1,58.3,0,0.0,0.00,1.0,19.86
243,TRANSFER,148.02,C4423144,879.93,731.92,C9265626,45484.95,45632.97,0,0,239.3,46.4,0,0.0,0.00,1.0,23.40
563,CASH_IN,123.00,C7035809,1207.52,1084.51,C3091029,16510.63,16633.63,0,0,199.7,50.0,1,0.0,0.00,1.0,5.49
590,PAYMENT,683.20,C3479325,3036.11,2352.91,M3748411,30171.40,30854.61,0,0,127.1,265.7,0,0.0,0.00,1.0,21.98
348,CASH_IN,1233.46,C6239092,2357.48,1124.02,C7732043,17769.14,19002.60,0,0,109.6,246.7,0,0.0,0.00,1.0,7.39
446,PAYMENT,693.23,C8925206,5252.02,4558.78,M6118853,38189.22,38882.46,0,0,96.3,124.7,0,0.0,0.00,1.0,24.82
621,DEBIT,75.55,C6865776,726.29,650.74,C7111746,1830.41,1905.95,0,0,235.8,198.3,0,0.0,0.00,1.0,15.22
428,PAYMENT,608.09,C9060334,3021.92,2413.83,M7410449,31195.40,31803.48,0,0,30.1,325.8,0,2.0,1160.45,1.0,19.70
467,DEBIT,262.94,C3017520,1970.94,1708.00,C6391640,38892.21,39155.15,0,0,208.0,223.7,0,0.0,0.00,1.0,3.49
226,PAYMENT,6339.85,C9086939,10664.62,4324.78,M7439868,26536.17,32876.02,0,0,258.5,190.5,0,0.0,0.00,1.0,23.59
40,PAYMENT,340.56,C2142169,1753.55,1412.99,M6103836,12883.25,13223.81,0,0,117.9,193.4,0,0.0,0.00,1.0,12.32
